{"type": "FeatureCollection", "features": [{"type": "Feature", "geometry": {"type": "MultiPolygon", "coordinates": [[[[-97.70618263474258, 30.367416007124167], [-97.70723083139684, 30.36791375533362], [-97.7074246564424, 30.367997074594044], [-97.70815762240655, 30.368204787817838], [-97.70839779544698, 30.368266382471287], [-97.71039240914466, 30.369191383015206], [-97.71232918810323, 30.370081162482627], [-97.71306363435583, 30.37047591878818], [-97.71326961218773, 30.370593484800523], [-97.71354406818907, 30.370837143366728], [-97.71378286638812, 30.370949710940792], [-97.71601216360705, 30.371902086255187], [-97.7180073170934, 30.372829417673135], [-97.71867838635576, 30.373154865229072], [-97.71926997878393, 30.37351836893648], [-97.71966525177994, 30.3738892067379], [-97.71991570687187, 30.374296772221204], [-97.72000527176897, 30.3746103636661], [-97.7200504136327, 30.375115778521177], [-97.72050156511733, 30.37511363196709], [-97.72086185479377, 30.37508695938972], [-97.72131883723051, 30.37486952634214], [-97.72157188430286, 30.374698955891965], [-97.72179394841456, 30.374465400861467], [-97.72193245120303, 30.374179127987535], [-97.7220176081403, 30.373931448374424], [-97.72202457404266, 30.37343276372123], [-97.7218157578266, 30.372821490433356], [-97.72169764027387, 30.37246374586679], [-97.72164111087017, 30.372324405755407], [-97.72152603067697, 30.37212038112025], [-97.72149167521472, 30.371798485206075], [-97.72151303987238, 30.37164579173797], [-97.72163, 30.371439999999378], [-97.72186598324491, 30.37110628654831], [-97.72489955308586, 30.37250747587866], [-97.72638496835684, 30.373223707697832], [-97.72637979948486, 30.37324524533051], [-97.72915578291565, 30.374553386388918], [-97.73130250286692, 30.375588225992534], [-97.73267916254233, 30.376299361128208], [-97.73708392902597, 30.37910193357757], [-97.73783753720399, 30.379585370953876], [-97.73724582134686, 30.380734046870035], [-97.73571715457771, 30.38409315715934], [-97.73489484844684, 30.38698435376577], [-97.73369973302579, 30.391849180455235], [-97.73256228301149, 30.395776021255312], [-97.73249533654945, 30.395743349732996], [-97.73248360526276, 30.395737624286873], [-97.73011524589657, 30.39458176188077], [-97.72714839118586, 30.39313335652236], [-97.72431937677388, 30.39178510070607], [-97.72152330606579, 30.391168068742225], [-97.71845463179736, 30.39037494195649], [-97.7173356861194, 30.390199918438345], [-97.71606892827354, 30.390295852028196], [-97.71539995682208, 30.3903613531582], [-97.71414745694241, 30.390759547773808], [-97.71411796525493, 30.390740583101234], [-97.71409009174293, 30.390777292668304], [-97.71389696498848, 30.39084703114026], [-97.71361839295635, 30.39093344492738], [-97.71340152787836, 30.391094799091356], [-97.71309571491264, 30.391401699967044], [-97.7123941318284, 30.39219786481913], [-97.7121100484922, 30.39248678639329], [-97.71187194075848, 30.39264770476382], [-97.71157062327542, 30.392788910012047], [-97.71124906896286, 30.39289286096954], [-97.71075712004954, 30.393011748306556], [-97.71043706716766, 30.393060466754445], [-97.71024543558559, 30.393074969247856], [-97.70965431427526, 30.392933939378604], [-97.70929579605026, 30.392834505237833], [-97.70833043730886, 30.392391088947512], [-97.7082343122054, 30.392351461224983], [-97.70885196795781, 30.391450316481883], [-97.70952467228253, 30.390383706652134], [-97.71015677155573, 30.389155844415473], [-97.71054749843505, 30.388547493890382], [-97.71096734829563, 30.38755703855765], [-97.71124070950981, 30.38705365346171], [-97.71258750781223, 30.38506169550167], [-97.71252204419353, 30.385031116091557], [-97.70878343999334, 30.383305484085], [-97.70927766389191, 30.382337989253863], [-97.70923687542206, 30.38170221110243], [-97.70939981082195, 30.38164679040664], [-97.70914353249951, 30.38109030481509], [-97.70890589514659, 30.38079955704307], [-97.70799123898261, 30.37996820052786], [-97.70797480047614, 30.37995325892925], [-97.70780970338001, 30.380079784779845], [-97.7072599999844, 30.379559999823755], [-97.70673999982546, 30.379090000232075], [-97.7064232725508, 30.37848109980301], [-97.70641932816763, 30.378482317669114], [-97.70642206509505, 30.37847877844986], [-97.70641999963478, 30.378480000212043], [-97.7050799996828, 30.376020000321446], [-97.70465540385356, 30.375288250009714], [-97.70429768929789, 30.374701380898962], [-97.70403999985055, 30.374020000307546], [-97.70365999959128, 30.372860000090295], [-97.7033700000563, 30.3723300003654], [-97.70313999958199, 30.372070000295725], [-97.70189999994204, 30.370619999937727], [-97.70167999962386, 30.370360000143016], [-97.70145000002132, 30.37016000014206], [-97.70103000022837, 30.36990000001172], [-97.7003300000196, 30.369550000258993], [-97.69995000002686, 30.369320000265223], [-97.69976999965851, 30.369140000174554], [-97.69970999985428, 30.369030000079857], [-97.69969000024426, 30.368790000387385], [-97.70020000023507, 30.367770000190202], [-97.70044999991867, 30.36706999997935], [-97.70055999976027, 30.36691000024581], [-97.70151999975883, 30.365360000399317], [-97.70154883622737, 30.365311939384245], [-97.70447949494034, 30.366697785125087], [-97.7050853919498, 30.36690395356496], [-97.70618263474258, 30.367416007124167]]]]}, "properties": {"route_id": "PAH83", "district": "District 9", "garb_day": "Thursday", "op_type": "Auto", "supervisor": "Gilbert", "super_num": 697, "centroid_lat": 30.38101254609533, "centroid_lng": -97.71996011121774}}, {"type": "Feature", "geometry": {"type": "MultiPolygon", "coordinates": [[[[-97.83236579358113, 30.16212865825874], [-97.8323663998064, 30.16212783720374], [-97.83287226018228, 30.16085152247968], [-97.83315230777417, 30.160441403261544], [-97.83328620513758, 30.159952335007755], [-97.83337327694555, 30.15945064497015], [-97.83330746898666, 30.1588698753274], [-97.83329396798675, 30.15861059952478], [-97.83330600531541, 30.157168708709747], [-97.83328605919478, 30.15574265615888], [-97.83328521768011, 30.154717259011264], [-97.83334748882822, 30.15477791722532], [-97.83425956248726, 30.15548230291013], [-97.83593391670242, 30.15551498568956], [-97.83756322273874, 30.15550670063828], [-97.83925500612784, 30.15545954492694], [-97.83926974367711, 30.156675210993292], [-97.83969937780894, 30.157053137229532], [-97.83981263339987, 30.15708162464317], [-97.83982312507474, 30.15790731658511], [-97.84078503498269, 30.15789370764784], [-97.84171263371252, 30.157887509629802], [-97.84267454344675, 30.157873886499907], [-97.8436254547926, 30.157871574008542], [-97.84375297036695, 30.157970642845743], [-97.84408221195774, 30.158350482271448], [-97.84398489917396, 30.162806256808235], [-97.84727377787127, 30.16564082460967], [-97.84947210373906, 30.165683502567443], [-97.85024244734997, 30.164776955440303], [-97.85027349021506, 30.167588846365167], [-97.85035577376651, 30.173025605757562], [-97.85035598517105, 30.173039582229578], [-97.85035770663505, 30.17315333055074], [-97.85035770916443, 30.173153485821565], [-97.84973764244825, 30.17275930337676], [-97.8422306920739, 30.173032620873073], [-97.84168139819386, 30.17357411675945], [-97.84129041569985, 30.17392227317702], [-97.8408167391459, 30.173506692825775], [-97.83902824425712, 30.173469775585353], [-97.8379348419428, 30.1735275255019], [-97.83652534351735, 30.17357020701952], [-97.83627168664536, 30.173799984112588], [-97.83620999841338, 30.173931048146628], [-97.8360746776879, 30.173800655339303], [-97.83571444482365, 30.173529561849048], [-97.83556673981077, 30.170165001530098], [-97.83556608217756, 30.170016787090614], [-97.83558800066224, 30.170015992105206], [-97.8355336081982, 30.16745631451827], [-97.83543472844559, 30.16745554673682], [-97.83448120404844, 30.167460355101884], [-97.83447181445109, 30.165987557071762], [-97.83449523621846, 30.16583552747104], [-97.83423079053179, 30.16578911616388], [-97.8340245947518, 30.165719171224307], [-97.83413901820913, 30.164261263885912], [-97.83425382495773, 30.162745622232087], [-97.83426371405842, 30.16258107837927], [-97.83426485908984, 30.16258056760318], [-97.8341003030181, 30.162576384338877], [-97.83319278687688, 30.162700437131157], [-97.83238376511429, 30.16217129477507], [-97.83236579358113, 30.16212865825874]]]]}, "properties": {"route_id": "PAM54", "district": "District 4", "garb_day": "Monday", "op_type": "Auto", "supervisor": "Castillo", "super_num": 500, "centroid_lat": 30.165445074830245, "centroid_lng": -97.84076346090092}}, {"type": "Feature", "geometry": {"type": "MultiPolygon", "coordinates": [[[[-97.72977104057442, 30.190092657768098], [-97.72103063015923, 30.18662560792858], [-97.71774392987592, 30.184515253159997], [-97.71823821283509, 30.184105568514166], [-97.71914260337813, 30.183265242915247], [-97.71992493946921, 30.18249205153469], [-97.7204100962385, 30.181840449029657], [-97.72069091043086, 30.18133554494189], [-97.72075797779206, 30.181325308339385], [-97.72094125697612, 30.180969282815184], [-97.72113091222847, 30.18054002237019], [-97.72152275996909, 30.17929155160828], [-97.72150550819846, 30.17894391223201], [-97.7216314307147, 30.17822875485258], [-97.72180462222627, 30.17675053014617], [-97.7218102375644, 30.173777225362432], [-97.72181141760866, 30.17296180347775], [-97.72176258942555, 30.17245341888695], [-97.72176692795631, 30.172415936094175], [-97.72184420955551, 30.17174836428522], [-97.72223848931029, 30.171049688378297], [-97.7223335881271, 30.170769926750893], [-97.72268554675712, 30.16922108652332], [-97.72318582439608, 30.167585368798875], [-97.72348984046344, 30.166933821464596], [-97.72391480012165, 30.166258542348253], [-97.72377998481004, 30.16617507198535], [-97.72004408757694, 30.1631343526013], [-97.71914553289679, 30.16451440937103], [-97.71317228456495, 30.15965328139326], [-97.71697378267424, 30.153518986697666], [-97.71683382882475, 30.15345493071096], [-97.71305025654151, 30.15955586897899], [-97.71159749578453, 30.15834703241938], [-97.71062703762725, 30.157512656312374], [-97.71117081362752, 30.156640885635582], [-97.71092939189106, 30.1565640182305], [-97.71226488894206, 30.154381373155374], [-97.7121934089969, 30.15432253685361], [-97.71060997634571, 30.15691091833713], [-97.71075661602777, 30.156959578966564], [-97.71048696602676, 30.157392235967755], [-97.7103746063094, 30.157295624559527], [-97.71055420654828, 30.157002049403896], [-97.70984422974401, 30.15641413575485], [-97.70849691612175, 30.155292277149314], [-97.70765778096877, 30.15459353984426], [-97.70727288079934, 30.154273033103692], [-97.7075526386565, 30.154018519797102], [-97.70772926527229, 30.153838115193487], [-97.70794674651619, 30.153537540061325], [-97.70828712649508, 30.152962578564882], [-97.70870505752917, 30.1522566091868], [-97.70898830991082, 30.151778132468362], [-97.70923709247747, 30.151357878584204], [-97.70927947340716, 30.151279297872243], [-97.70931508345619, 30.15119821893068], [-97.70934373001762, 30.15111508209358], [-97.7093652566562, 30.15103033829308], [-97.70937954721455, 30.150944447030675], [-97.70938652423081, 30.15085787493689], [-97.70938604921919, 30.150768591407786], [-97.70937867182919, 30.150686283252146], [-97.70936468043172, 30.150604625950226], [-97.70934414273442, 30.15052402080835], [-97.70931716143431, 30.150444863512156], [-97.70928386696635, 30.150367542570553], [-97.70924442483044, 30.150292438057267], [-97.70919902677923, 30.15021991791038], [-97.70935033288072, 30.150175787784132], [-97.70972188903833, 30.150067417762045], [-97.70998033891242, 30.149992036134602], [-97.71009316983805, 30.14995584889616], [-97.71020838575966, 30.14992587189401], [-97.71032553549244, 30.14990222260915], [-97.71044415959503, 30.14988499441572], [-97.71068396263884, 30.149870045336073], [-97.71080420105837, 30.149872383324112], [-97.71092403527082, 30.149881258794466], [-97.71104299552881, 30.149896637479483], [-97.71116061359987, 30.149918459093158], [-97.71138998772855, 30.14998106259568], [-97.71160856142768, 30.150068087395915], [-97.71192411528271, 30.15021599645784], [-97.71224370185325, 30.150365794516084], [-97.71242352111062, 30.150450079655432], [-97.71259380939102, 30.150525991238997], [-97.71276755440942, 30.150595735183174], [-97.71294446202747, 30.150659192797928], [-97.71322140081534, 30.15074320681055], [-97.71349112322507, 30.15081081865482], [-97.7137722332753, 30.15086356146521], [-97.71424551831863, 30.150919685417833], [-97.71443654281508, 30.150929894071812], [-97.71481923103148, 30.15092973969097], [-97.71520060299, 30.150902176803218], [-97.71557806320642, 30.150847392429863], [-97.71594904437916, 30.150765760077118], [-97.71613131345183, 30.150715042267827], [-97.71631102131516, 30.15065783438665], [-97.71648786145659, 30.150594235086007], [-97.71666153201382, 30.150524350860085], [-97.71699819251523, 30.15036621630253], [-97.71731871073071, 30.150184506988964], [-97.71762090693957, 30.14998045992666], [-97.71790272458645, 30.14975546321361], [-97.71812844338903, 30.149545441650414], [-97.7183368263305, 30.149321467510667], [-97.71855716444443, 30.14904265896097], [-97.71874984131723, 30.148748782925168], [-97.71883537496278, 30.148596837358465], [-97.71898407971345, 30.148284266248663], [-97.71904698971407, 30.14812419091863], [-97.71910211961132, 30.147961963373334], [-97.71914937178099, 30.147797869598328], [-97.71918866313787, 30.147632197282615], [-97.71924310345672, 30.14729728756394], [-97.71926505552521, 30.146959591403565], [-97.71925436716128, 30.146621483393048], [-97.71921111366737, 30.146285344153497], [-97.71908590050252, 30.145789990541108], [-97.7189630616574, 30.145469046651986], [-97.71872191604281, 30.145007209903603], [-97.71830040838489, 30.14443922961123], [-97.71791577552686, 30.144057829571516], [-97.71747910342347, 30.143721406719397], [-97.71699729907685, 30.143435283085413], [-97.71601304970143, 30.142969956891623], [-97.71580930609419, 30.14285904693793], [-97.7156231094451, 30.1427268745918], [-97.71538301420439, 30.142493367359315], [-97.7151973495436, 30.14222498053286], [-97.71507265663224, 30.141931167446838], [-97.71483845116659, 30.141147076303646], [-97.71505687172629, 30.141120718672088], [-97.71534906708669, 30.1410346914877], [-97.71570261405408, 30.14083077293179], [-97.7158478379272, 30.140695578399438], [-97.71591109180824, 30.140620796001024], [-97.71732248032015, 30.13842137308966], [-97.7191886423522, 30.13934687570229], [-97.71753107990394, 30.142003508500267], [-97.71928140871682, 30.14281225407452], [-97.72090626931109, 30.140182957475876], [-97.72154709942842, 30.14050383755549], [-97.72198148219815, 30.140796512077333], [-97.72237373571342, 30.141131127381676], [-97.72260917725296, 30.141375281108555], [-97.72392483634741, 30.14300285548749], [-97.72494405690298, 30.144263665174037], [-97.72390527224748, 30.145915725213158], [-97.7252936267337, 30.146574566274833], [-97.7241023808799, 30.14846596615821], [-97.72668443985445, 30.149691180879742], [-97.72669925719003, 30.149665987353156], [-97.73018534026276, 30.15133435646942], [-97.72816890138583, 30.154362038988847], [-97.73067773596209, 30.155540830174534], [-97.73019760514758, 30.156311039164077], [-97.72870511068363, 30.158696492161553], [-97.72867292485961, 30.158776828792096], [-97.72864416260548, 30.158823028562573], [-97.72861195275576, 30.158874765918476], [-97.72807003374086, 30.159698671182653], [-97.72658199363534, 30.162082095737908], [-97.72623459404856, 30.162655679815277], [-97.72593740356072, 30.16311412897866], [-97.72702827436753, 30.163770643637786], [-97.72833453790207, 30.164125962886615], [-97.73276669816727, 30.164759203859123], [-97.73683866093982, 30.166556965058163], [-97.73773011468788, 30.167661271081812], [-97.73811984447909, 30.16815511674408], [-97.73833504217215, 30.168716885085512], [-97.7392916465173, 30.170765802263663], [-97.74104834173029, 30.172730869851236], [-97.7411830323119, 30.172869901992726], [-97.74368945196812, 30.175457014000667], [-97.74438606769276, 30.17647157523552], [-97.74500603353597, 30.17758463012224], [-97.74629954384508, 30.1790400209802], [-97.74689297356116, 30.17960941708668], [-97.74691239861923, 30.179651470744037], [-97.74690219718721, 30.17967271104911], [-97.74686337312185, 30.179927316394505], [-97.74683049334016, 30.180447881107057], [-97.74670660655393, 30.18082944140697], [-97.74657273773843, 30.181112040875206], [-97.74609846671174, 30.181843150543838], [-97.74538682592339, 30.18294803761615], [-97.7449632542811, 30.183651088128503], [-97.74489969950766, 30.183995867258243], [-97.74492267131939, 30.184354979771506], [-97.74506432215195, 30.18474480673063], [-97.745228535264, 30.18496834920743], [-97.74611754011565, 30.185848332072617], [-97.74632258049867, 30.186170225775594], [-97.74640271037279, 30.18655880747582], [-97.74637307168837, 30.186979092372997], [-97.74643928715666, 30.187009546922773], [-97.74645394036187, 30.187061119950254], [-97.74675144962865, 30.187643451143654], [-97.74958077045402, 30.188964298519807], [-97.75008149989547, 30.188846416055263], [-97.74918251754524, 30.190312624091092], [-97.74835171150491, 30.191679802390034], [-97.74862999999985, 30.192049999999423], [-97.74927000000001, 30.192429999999373], [-97.74955999999996, 30.192779999999445], [-97.74976, 30.193189999999426], [-97.74979000000006, 30.193409999999393], [-97.74976999999988, 30.193589999999418], [-97.74977, 30.193645846959335], [-97.74972727688309, 30.193649737732922], [-97.7471660919926, 30.19380329745974], [-97.74456739859639, 30.193898214046225], [-97.74315512718668, 30.1939458550117], [-97.743155090469, 30.193946301968882], [-97.74314497950628, 30.19394438064988], [-97.74279044161237, 30.193930212056625], [-97.74170598674908, 30.1938942971868], [-97.7409860081167, 30.193847326058076], [-97.74061230789053, 30.193772412365757], [-97.74032815345882, 30.19369413059082], [-97.7399392131453, 30.193520475983767], [-97.73896426246682, 30.193074713812507], [-97.73728148997075, 30.192309271207513], [-97.73547938832088, 30.191487847536994], [-97.73452565213339, 30.19105665863824], [-97.7339782398882, 30.190845598093855], [-97.73358947452903, 30.190739222957557], [-97.73303883034814, 30.19069288471288], [-97.73305011600952, 30.190630833147484], [-97.73305092350616, 30.19063031052734], [-97.73304999968288, 30.19063000017983], [-97.72977104057442, 30.190092657768098]], [[-97.7247188937521, 30.15326269620512], [-97.72233127888754, 30.15214308600348], [-97.72135102993383, 30.153724158449382], [-97.71954169162886, 30.152884782719607], [-97.71834120814718, 30.153936077897622], [-97.71821760912272, 30.15409683937999], [-97.72073102004256, 30.15526125789834], [-97.72029238325369, 30.15596326238871], [-97.72071035940115, 30.156159065614293], [-97.72115042472618, 30.155455685639016], [-97.72305713080918, 30.15634713379361], [-97.72286421813331, 30.156665180153794], [-97.72319856925957, 30.156821754423316], [-97.72339294019912, 30.156508303290142], [-97.7235177448144, 30.156315280903705], [-97.7228998928096, 30.156020240330303], [-97.72479795575586, 30.1532944446631], [-97.7247188937521, 30.15326269620512]], [[-97.7170074402174, 30.15331381247308], [-97.71767919047905, 30.15222177350423], [-97.71656335942541, 30.151704069382074], [-97.71589161740921, 30.152796033789077], [-97.7170074402174, 30.15331381247308]]]]}, "properties": {"route_id": "PAM71", "district": "District 8", "garb_day": "Monday", "op_type": "Auto", "supervisor": "Carnline", "super_num": 596, "centroid_lat": 30.171350808742, "centroid_lng": -97.72922167099858}}, {"type": "Feature", "geometry": {"type": "MultiPolygon", "coordinates": [[[[-97.65374103416144, 30.262692100284323], [-97.65322240771025, 30.28277582087454], [-97.65053868242781, 30.283350798030394], [-97.651010859024, 30.28756779490977], [-97.65124673802052, 30.290832137606564], [-97.65070595148407, 30.292663092555674], [-97.64771807795614, 30.298316293785412], [-97.64826000948037, 30.3002369579073], [-97.64824528403115, 30.300230313740606], [-97.64632778848845, 30.299347530603516], [-97.64567410484247, 30.29904657526197], [-97.64473743197712, 30.298605630733615], [-97.64403911359854, 30.298322880550423], [-97.64382015658653, 30.298260836189023], [-97.64272270791335, 30.298046302751587], [-97.64197601863013, 30.297915725682834], [-97.64177911945742, 30.297854140967054], [-97.6409694697494, 30.29760733577864], [-97.63570158217347, 30.295007065507075], [-97.63167285858327, 30.29308380198615], [-97.62806063923736, 30.29126495138128], [-97.6255142143699, 30.289462217558384], [-97.62559407429585, 30.289338873268324], [-97.62607988107759, 30.288588532992126], [-97.62872405012729, 30.289769283401213], [-97.62905251367908, 30.28927288825667], [-97.62939449652853, 30.289453380341797], [-97.63241491846324, 30.29089502929805], [-97.63272435334824, 30.29048348689843], [-97.6344043520944, 30.291324748747474], [-97.64014727806854, 30.284253234972926], [-97.63572115498685, 30.28211383361488], [-97.63447986084206, 30.281540365317003], [-97.63609656177103, 30.279002011302264], [-97.63554009648247, 30.278688405195], [-97.63298336584548, 30.277482977536884], [-97.62847921029085, 30.28490065240704], [-97.62592394050971, 30.283640278842743], [-97.62758098249492, 30.280878587875684], [-97.62246305057741, 30.278631777316477], [-97.62325924889738, 30.277277691822952], [-97.62391837214045, 30.276304563037147], [-97.62772400755196, 30.278030083069837], [-97.63072122278591, 30.273350396919955], [-97.63100011045213, 30.27288136921463], [-97.63120082201708, 30.272620431591807], [-97.63196952290998, 30.27145285076636], [-97.63205799546422, 30.271262277205484], [-97.62929072557988, 30.27031787892081], [-97.62717358362731, 30.268974316261243], [-97.62676649334377, 30.268550080559727], [-97.63064536165463, 30.262553269132933], [-97.63065408291708, 30.262241725590275], [-97.63440122163762, 30.256657670737788], [-97.63923729903676, 30.257071185171572], [-97.64019284669267, 30.25714322989156], [-97.64094579185347, 30.258042281100252], [-97.6405888022105, 30.260112956876974], [-97.64055694220053, 30.261255285533714], [-97.6414763395907, 30.26262542155952], [-97.64233943821571, 30.26312807273368], [-97.64252282204315, 30.262962145344257], [-97.6441067528394, 30.2632792753172], [-97.64556229385009, 30.26349134435377], [-97.64577593933102, 30.26355633486356], [-97.64606813504457, 30.263559713266286], [-97.64621410485692, 30.263551773121886], [-97.64641224710446, 30.263547677342622], [-97.64672650582065, 30.263526763305705], [-97.64695248683081, 30.263499918214656], [-97.64713977037407, 30.263477669820627], [-97.64732792687352, 30.263462361663812], [-97.64751332162159, 30.263375484882864], [-97.64775063200075, 30.263273193632223], [-97.64780862471798, 30.26323865396688], [-97.64810143116303, 30.263220037339124], [-97.64831065572949, 30.26321617090401], [-97.64851449162119, 30.263206690405987], [-97.64867090500178, 30.263193465518786], [-97.64881357637171, 30.263133195690394], [-97.64895009460373, 30.263094799999788], [-97.64909647300257, 30.26310061715831], [-97.64920081766402, 30.26310830397149], [-97.64927387852242, 30.263101583335914], [-97.64938820895732, 30.26312048079091], [-97.64950360921503, 30.263100894940195], [-97.64965557803582, 30.263076574153516], [-97.64982812961428, 30.263052684287914], [-97.65013715002652, 30.263020650620735], [-97.65055086897637, 30.262955053333364], [-97.65078082843992, 30.262946116245324], [-97.65114562489475, 30.262959254340583], [-97.65142745122017, 30.262965153880153], [-97.65158909992634, 30.26296303663288], [-97.65178195642133, 30.262978074742268], [-97.65197425035585, 30.26298484958882], [-97.65227190975426, 30.26299107862009], [-97.6523707130178, 30.262998646892417], [-97.65256639374675, 30.262911978149234], [-97.65254278816175, 30.262820721073037], [-97.65263496339293, 30.26269613131308], [-97.65283302729449, 30.262694774408416], [-97.65302626500794, 30.26269606663403], [-97.65333927005562, 30.26269161263477], [-97.65357921483438, 30.26269388100258], [-97.65374103416144, 30.262692100284323]]]]}, "properties": {"route_id": "PAH54", "district": "District 1", "garb_day": "Thursday", "op_type": "Auto", "supervisor": "Castillo", "super_num": 500, "centroid_lat": 30.27732671967684, "centroid_lng": -97.6410396598996}}, {"type": "Feature", "geometry": {"type": "MultiPolygon", "coordinates": [[[[-97.64683377149026, 30.386401320770236], [-97.64724240185681, 30.386634818262706], [-97.64823189409746, 30.3871739800171], [-97.64823409458613, 30.387174432575232], [-97.64823140372964, 30.3871793342288], [-97.64828241258725, 30.38719441461817], [-97.6483586772419, 30.387049195848206], [-97.64852650434459, 30.387023155041305], [-97.64852660560797, 30.38702293495407], [-97.65082058681668, 30.388276916014156], [-97.65157321723166, 30.38907369712497], [-97.65209717983163, 30.38967043364096], [-97.6526672494195, 30.390877346400277], [-97.65292760794446, 30.39188252568348], [-97.65398960218937, 30.396137977958897], [-97.65487721551013, 30.39953843924409], [-97.65529417657608, 30.400421914336487], [-97.65555413930517, 30.400794431925778], [-97.65665074139581, 30.401863914338], [-97.65735881075709, 30.402323879908764], [-97.65957098854996, 30.4034100363471], [-97.6628384950255, 30.40495741614946], [-97.66421608764377, 30.4053207744644], [-97.66504733521263, 30.405369441003348], [-97.66761694068451, 30.40541762109755], [-97.66816445849165, 30.40549959432923], [-97.66871697336052, 30.40564638536836], [-97.66951028743291, 30.40592172183225], [-97.67239023241585, 30.407322868899794], [-97.67321554248632, 30.40766944552767], [-97.67398483232392, 30.407832473515175], [-97.6744167210324, 30.40792378930015], [-97.67462210811593, 30.407969701626953], [-97.6738436381172, 30.41186975534533], [-97.6725647883207, 30.418551975443435], [-97.67173569019309, 30.423035828848487], [-97.67147375034253, 30.42441899183742], [-97.67145175195779, 30.424410101714532], [-97.67139050273394, 30.42438013976933], [-97.67113562670882, 30.424268455813227], [-97.67044587909405, 30.424041484171617], [-97.6688072591073, 30.423246420459456], [-97.66865910991054, 30.42345652229866], [-97.6657662675389, 30.421959115222236], [-97.66504207380373, 30.421612266441965], [-97.66501602216417, 30.42159850859405], [-97.66495618628696, 30.422333197750586], [-97.66479289951822, 30.428231096280726], [-97.65932392702501, 30.427349440286807], [-97.66191221889387, 30.420734217049286], [-97.66329757979805, 30.420982426795202], [-97.66339772993783, 30.420826701960795], [-97.6633416793945, 30.420802715206364], [-97.66239736848064, 30.420340673714467], [-97.66157830907439, 30.419964180486733], [-97.66057101078682, 30.419473164559438], [-97.65902858195794, 30.418722143666812], [-97.65843504178376, 30.418267381388883], [-97.65740604128462, 30.417756589039808], [-97.6569515372582, 30.41752432707955], [-97.65667164195514, 30.417375467314553], [-97.65657609816803, 30.417301963747068], [-97.65666902633967, 30.41715537988572], [-97.65664029922924, 30.417132777404852], [-97.6565915670792, 30.417087754353716], [-97.65647788025613, 30.41695336272028], [-97.6562637573858, 30.41669310729842], [-97.6557594607852, 30.416082995181203], [-97.65516609669858, 30.41536650599521], [-97.65459116028754, 30.414672402535967], [-97.65446294814471, 30.414518452910052], [-97.65435563936646, 30.414411697051104], [-97.65425598246308, 30.414343606619703], [-97.65403858664699, 30.414201546484406], [-97.6537242771318, 30.41403545965999], [-97.65271920378144, 30.413546896917506], [-97.65126627411932, 30.41284543543592], [-97.65033460856014, 30.41239964401782], [-97.64995961496828, 30.412191022010575], [-97.64977005028842, 30.411961523806642], [-97.64965132445818, 30.411609737171222], [-97.64945908004123, 30.411077635624885], [-97.64927701930665, 30.41057875191278], [-97.64924061849146, 30.41048997723332], [-97.64917644032784, 30.410373117353007], [-97.64906277176243, 30.410238719006195], [-97.64892549761667, 30.410125830720173], [-97.64883973816787, 30.410071778725893], [-97.64871528215252, 30.410011416255333], [-97.64862381928576, 30.409962745114544], [-97.64860714208888, 30.409934892036226], [-97.64861051585059, 30.409899207225642], [-97.64861959267549, 30.409858140906195], [-97.64831857930504, 30.409694218028744], [-97.64794916847787, 30.41033003037352], [-97.64295843469935, 30.4180437975563], [-97.64122885800693, 30.417271685036443], [-97.63793145691122, 30.415638804816787], [-97.63741013116731, 30.41530592326859], [-97.6334803477426, 30.413521668489423], [-97.63447737598824, 30.412024967705037], [-97.63498681478883, 30.410885927878287], [-97.63545093016467, 30.409469993140085], [-97.6357093500054, 30.407819782255395], [-97.63598863747723, 30.407319762280757], [-97.63780410212313, 30.4050124184231], [-97.63801370135182, 30.40474431521341], [-97.63798621254179, 30.404714710962217], [-97.638092839635, 30.404550960063172], [-97.63808932760071, 30.404549644874614], [-97.63621048617415, 30.403662948942298], [-97.63614902146468, 30.403968827404604], [-97.63427463352005, 30.403068869925047], [-97.63317921160554, 30.40473611300048], [-97.63038622045958, 30.403404107850093], [-97.62887430299256, 30.405780164976502], [-97.62645383181753, 30.40464237628991], [-97.63108422204935, 30.39739782713559], [-97.6318054259814, 30.39774380835553], [-97.63251144223496, 30.396642110357813], [-97.63271911618726, 30.396919164817422], [-97.63293219399665, 30.397313367848316], [-97.63297382138336, 30.397415718068423], [-97.63318556961414, 30.398716012350135], [-97.63353761615811, 30.39868436148307], [-97.63411359930039, 30.398664822833734], [-97.63475104817515, 30.398972636996668], [-97.63472146978135, 30.399342414425167], [-97.6346432325955, 30.39983865026237], [-97.63491446397433, 30.400211288899182], [-97.63583609247523, 30.400656406404003], [-97.63574287870645, 30.40080411920261], [-97.63673419371479, 30.40127297520451], [-97.63696688745812, 30.40015120208825], [-97.63726363559101, 30.4002786611677], [-97.63966131343396, 30.401429655012723], [-97.64219584913835, 30.397498283186177], [-97.64244989803784, 30.397152740798006], [-97.64247176722836, 30.3971615333098], [-97.64272746655705, 30.396794296662154], [-97.6440182699382, 30.394746877614097], [-97.64502541421402, 30.393107389768822], [-97.64550243537458, 30.392332887713486], [-97.64602916566264, 30.391472258593815], [-97.64617254827196, 30.391208635613953], [-97.64631044717565, 30.390929515526594], [-97.64643566640879, 30.390680893642635], [-97.64653361431384, 30.39034966247497], [-97.64657322168128, 30.39020179631088], [-97.64660634664331, 30.390074304646497], [-97.64666177416903, 30.389976223854713], [-97.6420090354905, 30.387816685601102], [-97.64289706640524, 30.38651402903657], [-97.64589734646904, 30.38790347404728], [-97.64682901154738, 30.386408535473976], [-97.64683377149026, 30.386401320770236]]]]}, "properties": {"route_id": "PAW71", "district": "District 6", "garb_day": "Wednesday", "op_type": "Auto", "supervisor": "Carnline", "super_num": 596, "centroid_lat": 30.407833471151047, "centroid_lng": -97.65291011769905}}, {"type": "Feature", "geometry": {"type": "MultiPolygon", "coordinates": [[[[-97.58269065014487, 30.304671946831924], [-97.5722878843611, 30.29954025053518], [-97.57882892579973, 30.28850265185647], [-97.58348450931437, 30.28855916011471], [-97.58414894514242, 30.28856740649165], [-97.58554026287197, 30.28857921946521], [-97.5864463661661, 30.28861066118816], [-97.58724884948778, 30.288633867516506], [-97.5877551637407, 30.2886026554429], [-97.58833810393041, 30.288555056753967], [-97.58888832494682, 30.288440660676283], [-97.58917543559458, 30.288326637341655], [-97.58977682089458, 30.288117195377232], [-97.59024775939733, 30.287868906963897], [-97.59147737150705, 30.28728473588104], [-97.59208086628524, 30.286786192945755], [-97.59268303522137, 30.286334115129662], [-97.59333742206405, 30.28592964589759], [-97.59405589625602, 30.285154578351857], [-97.59483844722068, 30.28400891094962], [-97.59561438990725, 30.283095575680598], [-97.59618010777571, 30.282038259494552], [-97.59369000290853, 30.28039702026576], [-97.59094257618848, 30.278049887988725], [-97.59206213553624, 30.27634381738228], [-97.59304269119274, 30.27688187277182], [-97.5927248237775, 30.27731483909815], [-97.5954705776183, 30.278721909026377], [-97.59485690762737, 30.279646339502076], [-97.59680330579782, 30.280842681821316], [-97.60026882414448, 30.275755625033543], [-97.60137296164164, 30.276226046885093], [-97.60173054023144, 30.275557379646948], [-97.60288294589606, 30.276136823239444], [-97.60428706505954, 30.273841955961228], [-97.60550132658429, 30.274472253770135], [-97.60392478894273, 30.27718192179665], [-97.6100030094082, 30.280100975403833], [-97.60904693463563, 30.28170799739478], [-97.61138961643842, 30.28222273433446], [-97.61378708326674, 30.282775920024235], [-97.6144845722548, 30.28324140047606], [-97.61499899229885, 30.28341524025156], [-97.61564508285852, 30.283764137179038], [-97.61631860912227, 30.28411049891704], [-97.61722028067021, 30.28443874435781], [-97.618014262745, 30.284781038442713], [-97.6183412174791, 30.28507844564219], [-97.61832113938414, 30.285298990452457], [-97.62218277018161, 30.28705457879466], [-97.62138553069201, 30.288357260890027], [-97.61976935096506, 30.29095561412835], [-97.62347059334527, 30.292707763639374], [-97.62526826048158, 30.289982351151778], [-97.62551421427752, 30.289462217682487], [-97.62559407402419, 30.289338873437785], [-97.6257287383525, 30.28943475187548], [-97.62806063936127, 30.291264951464687], [-97.63167285832277, 30.29308380232792], [-97.63570158174421, 30.29500706546789], [-97.64096946953087, 30.297607336124557], [-97.64177911971234, 30.297854141086898], [-97.64197601863316, 30.29791572578034], [-97.6427227076352, 30.298046302641247], [-97.64382015642143, 30.298260836471876], [-97.64403911311078, 30.298322880809447], [-97.64473743192048, 30.298605631145993], [-97.64567410444965, 30.299046575318517], [-97.64632778847248, 30.299347530918464], [-97.6482452837764, 30.300230313520853], [-97.64824852884483, 30.30023177801007], [-97.64640357151048, 30.30038452891603], [-97.64205993242112, 30.306960072035036], [-97.6414288750552, 30.30667951333109], [-97.64152315242201, 30.30662430891839], [-97.6415100041017, 30.30661984507834], [-97.6411342534241, 30.306492275206534], [-97.64101969154842, 30.30654715115012], [-97.64084005919146, 30.306623139865952], [-97.6406558273557, 30.30669353089961], [-97.6403368260735, 30.306794095911656], [-97.64019873558637, 30.30682970037863], [-97.64002817227187, 30.306864622395484], [-97.63963428849462, 30.306922355455242], [-97.63914375436275, 30.306950551810765], [-97.63862611462596, 30.306956173192535], [-97.6381262577086, 30.306920910249236], [-97.63727000396696, 30.30679288696801], [-97.63645572897026, 30.306665740471733], [-97.63499684988416, 30.30643700832493], [-97.63341099627218, 30.306271594878936], [-97.63331501075727, 30.306275073884606], [-97.63325078204764, 30.306276471356554], [-97.63312217021584, 30.30628476377667], [-97.63293139853403, 30.306305498615906], [-97.63286773045455, 30.306315158946077], [-97.6327730211794, 30.306329666086455], [-97.63271086071923, 30.306342108515437], [-97.6326479082449, 30.3063545342275], [-97.63258574775259, 30.306366976595832], [-97.63252351031386, 30.30638216772634], [-97.63246206408043, 30.306397375498246], [-97.63233981122978, 30.3064333052594], [-97.63221668934996, 30.30647196700648], [-97.63215501238165, 30.306495421011377], [-97.63209491996199, 30.306518908379605], [-97.63203403551356, 30.306542379028915], [-97.63191543450871, 30.306589387677768], [-97.63185605644271, 30.30661564040514], [-97.6317974709248, 30.306641909809446], [-97.63173960042265, 30.306670944671225], [-97.63168576474749, 30.306650512952743], [-97.63168513181255, 30.30665137976501], [-97.63151743311779, 30.306755086561218], [-97.6312977663519, 30.30687557083885], [-97.6311298167582, 30.306988208520863], [-97.63097191059305, 30.307109994226412], [-97.63078187234633, 30.307275786110704], [-97.63059133314405, 30.307459440998667], [-97.63037770377618, 30.307731976383746], [-97.63030289073416, 30.30769617659901], [-97.63013576847548, 30.30803310102998], [-97.62974269467023, 30.309188819055926], [-97.62987917273499, 30.308105208121425], [-97.62966891838579, 30.30860258345247], [-97.62952165102385, 30.309124308255665], [-97.62968031656125, 30.309178922805224], [-97.62945252717972, 30.309999148133222], [-97.62833575877887, 30.309480460020914], [-97.62721543239768, 30.308960104027822], [-97.62739965723448, 30.308660314512068], [-97.62374261964298, 30.306844622592585], [-97.62232579965973, 30.30613663796983], [-97.61934621184903, 30.304729805916228], [-97.61856636326824, 30.305892016996008], [-97.61799788281108, 30.30678366518879], [-97.61475458932665, 30.31180309053995], [-97.61267132980566, 30.315020038447294], [-97.60971069427227, 30.319632792955414], [-97.6074416065845, 30.323002880406108], [-97.60644390556817, 30.3246515300749], [-97.60575482544735, 30.32579595660286], [-97.60530593472076, 30.326454352997366], [-97.60385800501578, 30.326403889574603], [-97.60091744129913, 30.326282315293046], [-97.599990064177, 30.3262429018905], [-97.5995390833441, 30.326174349288028], [-97.59917918887238, 30.326088092945426], [-97.59866142473965, 30.32597882205579], [-97.59796928196323, 30.325630082627228], [-97.5973665598199, 30.32532253860785], [-97.59689654650451, 30.32490713482792], [-97.59664076451062, 30.324731147284098], [-97.59639086492278, 30.32459929246549], [-97.59464257259768, 30.323753326950527], [-97.58535426943321, 30.31930946913189], [-97.58945476693232, 30.312874972737422], [-97.59172736941035, 30.309113951615462], [-97.58269065014487, 30.304671946831924]]]]}, "properties": {"route_id": "PH21", "district": "District 1", "garb_day": "Thursday", "op_type": "Semi", "supervisor": "Clark", "super_num": null, "centroid_lat": 30.300397047698056, "centroid_lng": -97.60584018144135}}, {"type": "Feature", "geometry": {"type": "MultiPolygon", "coordinates": [[[[-97.83872999961898, 30.207780000397573], [-97.83851254606822, 30.207772545096297], [-97.83807571106566, 30.207908227924325], [-97.83687403432789, 30.207310811935947], [-97.83632320826467, 30.206927639295667], [-97.83603724434192, 30.20693161216713], [-97.83557137514595, 30.20666468755995], [-97.8357099999641, 30.20592000013277], [-97.835639840314, 30.205889373224284], [-97.83647355202223, 30.204526302168023], [-97.83702044947297, 30.203566354580317], [-97.83782252472871, 30.202301101334413], [-97.8387416680239, 30.200879754235256], [-97.83875127748243, 30.20088349142091], [-97.83877892590804, 30.200817664289115], [-97.83962637392837, 30.199461394518725], [-97.83998780709108, 30.198891524973266], [-97.8453494461703, 30.201695475434583], [-97.84526175865476, 30.202137135399184], [-97.8456683870137, 30.201861443591067], [-97.85031203461622, 30.204052473158903], [-97.85115876416499, 30.2042598799562], [-97.85220158346912, 30.204739430767575], [-97.85144101546042, 30.20508884950796], [-97.85062163340004, 30.20481019739941], [-97.85048101538104, 30.20478994454403], [-97.85036057484153, 30.20583191719179], [-97.84933457475721, 30.207107982351644], [-97.8485040124358, 30.207686478215493], [-97.84715583723509, 30.20800189506549], [-97.84661421726165, 30.207655123801686], [-97.84643006891825, 30.207580134124616], [-97.8454049939161, 30.208400062165456], [-97.84470613334726, 30.20924845651914], [-97.844295558311, 30.20995544696203], [-97.84373221400301, 30.21163728592445], [-97.8417141287516, 30.210093986687973], [-97.84032340905944, 30.208999468742277], [-97.83880621554236, 30.20822276452373], [-97.83872999961898, 30.207780000397573]]]]}, "properties": {"route_id": "PAM80", "district": "District 2", "garb_day": "Monday", "op_type": "Auto", "supervisor": "Gilbert", "super_num": 697, "centroid_lat": 30.20506596141483, "centroid_lng": -97.84282741848244}}, {"type": "Feature", "geometry": {"type": "MultiPolygon", "coordinates": [[[[-97.79101425960737, 30.205218013438632], [-97.7909986763222, 30.20503943541522], [-97.79183303792125, 30.20351604345728], [-97.79221748514382, 30.203408658033297], [-97.7922668478692, 30.203238125188513], [-97.79235637570375, 30.20256424677915], [-97.79239690372248, 30.202388341246756], [-97.79274649364487, 30.201836563322313], [-97.79311326945749, 30.20131371088923], [-97.7935260343812, 30.200705688714415], [-97.7936098110386, 30.200527554808378], [-97.79364119032861, 30.200391378124465], [-97.79365557522381, 30.1994459335482], [-97.7936606184059, 30.199254087726906], [-97.794587085005, 30.199314666664236], [-97.79598801030228, 30.19943924005576], [-97.79704969992991, 30.19975068653575], [-97.79872172577397, 30.200374298789367], [-97.80421210061428, 30.20222533114747], [-97.8058918096621, 30.202771557320258], [-97.80621408319709, 30.20280695944908], [-97.80685149270877, 30.202889181087315], [-97.80774466537297, 30.202952521886758], [-97.80980918591476, 30.20424170392257], [-97.8097803502396, 30.204279825818876], [-97.80985279888131, 30.204730912590236], [-97.80810002409696, 30.20515529686722], [-97.80714253590905, 30.20734611417925], [-97.8085100447167, 30.210432673395275], [-97.8086062326891, 30.21061807937385], [-97.80856256338059, 30.21078323145626], [-97.80856052589144, 30.21096873528968], [-97.80862163972225, 30.211211635665272], [-97.80885001499507, 30.211780649116537], [-97.80885026041736, 30.211990199695563], [-97.80884930959343, 30.21228231689064], [-97.80885028305792, 30.21264974875086], [-97.8087508330414, 30.21266706256197], [-97.80845710472923, 30.21287899157204], [-97.80846712874317, 30.213392129264694], [-97.80766487080145, 30.21337630938097], [-97.80693130441819, 30.21342730496165], [-97.8058775486952, 30.2129576069028], [-97.80552633630275, 30.213173100773503], [-97.8050781656128, 30.212984684771193], [-97.80506409997979, 30.212645266226883], [-97.80344399273888, 30.212008774417146], [-97.80245384397054, 30.212434278266752], [-97.80236734330579, 30.212467340247343], [-97.79493394643947, 30.212320838034575], [-97.79663536299384, 30.20962903692296], [-97.79737580748883, 30.208039831116707], [-97.79790248850883, 30.206988237651927], [-97.79566161664675, 30.20588209544443], [-97.79518195039064, 30.20604251123903], [-97.7948118844252, 30.20585852756013], [-97.79433445939316, 30.206580378857897], [-97.79376027430621, 30.20672623416069], [-97.79371234540024, 30.20627814300314], [-97.79189230685611, 30.205422059060272], [-97.79143647512397, 30.20510893229271], [-97.79119122012148, 30.20520352991848], [-97.79108960243745, 30.205279081452403], [-97.79101425960737, 30.205218013438632]]]]}, "properties": {"route_id": "PAT71", "district": "District 4", "garb_day": "Tuesday", "op_type": "Auto", "supervisor": "Carnline", "super_num": 596, "centroid_lat": 30.206399403133517, "centroid_lng": -97.80083530782217}}, {"type": "Feature", "geometry": {"type": "MultiPolygon", "coordinates": [[[[-97.9027223820462, 30.197738151680035], [-97.9026747358963, 30.197718076802623], [-97.902673719053, 30.197719840811224], [-97.90243263817612, 30.197616678794063], [-97.90245130838562, 30.197606371696175], [-97.90291468415535, 30.197543536482918], [-97.90319648678533, 30.197486804183928], [-97.9038468355559, 30.197203068369724], [-97.90595555188193, 30.196202017316757], [-97.90733589610775, 30.19552618928552], [-97.908070918104, 30.195153303766254], [-97.90849345045287, 30.194745843704013], [-97.9087722773135, 30.194369089165402], [-97.90947820224191, 30.192964151626615], [-97.9097555962336, 30.192425003081297], [-97.90990425213144, 30.191198232231134], [-97.91010704987033, 30.189866364797318], [-97.9102840500773, 30.1890433890076], [-97.91197864993197, 30.18693605733342], [-97.91269214416783, 30.18602134828319], [-97.91582547758755, 30.181626433260412], [-97.91599032434365, 30.17503691145294], [-97.91605883533163, 30.174541706638998], [-97.9169501529408, 30.17453035940902], [-97.91807270253676, 30.174513040830462], [-97.91801334839292, 30.174608178757193], [-97.91800955702699, 30.174614271026417], [-97.91806468053431, 30.174615311079467], [-97.91750520568948, 30.175424666082936], [-97.9172317610831, 30.1758640327216], [-97.91951352085562, 30.175123264345196], [-97.92102458708489, 30.174631956328135], [-97.92225551441175, 30.17385483224688], [-97.92230632873834, 30.1738469082633], [-97.92234769994582, 30.173818776156637], [-97.92550203048643, 30.173293298146824], [-97.92590514189487, 30.17328565901516], [-97.92618946792699, 30.1732413126973], [-97.9269691370225, 30.173200967057102], [-97.9276315703219, 30.173252927445525], [-97.92808353567705, 30.173244354749727], [-97.92811339097226, 30.173290718585555], [-97.92816802824099, 30.173295004034618], [-97.92924269544962, 30.17480617374593], [-97.92924837939738, 30.174814165893174], [-97.9292450787495, 30.174819604340684], [-97.929238477453, 30.17483048123541], [-97.92923273551072, 30.174838624051738], [-97.92922692518046, 30.174849515800446], [-97.92922111484864, 30.1748604075489], [-97.92921537290313, 30.17486855036451], [-97.92920956256911, 30.174879442112417], [-97.92920382062145, 30.174887584927546], [-97.9291980102848, 30.17489847667497], [-97.92919299091623, 30.17490938327693], [-97.92918724896559, 30.174917526091257], [-97.92918143862526, 30.174928417837982], [-97.92917648764201, 30.174936575506745], [-97.92917067729928, 30.174947467253013], [-97.92916486695549, 30.17495835899902], [-97.92915991596924, 30.174966516667112], [-97.92915410562289, 30.17497740841265], [-97.92914908624529, 30.17498831501297], [-97.92914413525637, 30.17499647268045], [-97.92913832490645, 30.175007364425316], [-97.92913251455515, 30.17501825616989], [-97.929127495173, 30.175029162769434], [-97.92912175320971, 30.175037305580975], [-97.9291159428548, 30.175048197324863], [-97.92911092346922, 30.175059103923704], [-97.92910518150258, 30.17506724673456], [-97.92910016211498, 30.17507815333305], [-97.9290944201463, 30.175086296143355], [-97.9290894007563, 30.175097202741437], [-97.92908359039414, 30.17510809448391], [-97.92907863939338, 30.175116252149024], [-97.92907282902905, 30.175127143891054], [-97.92906780963446, 30.175138050488346], [-97.92906285863086, 30.175146208152874], [-97.92905783923415, 30.17515711474976], [-97.92905281983634, 30.175168021346494], [-97.92904780043737, 30.175178927943033], [-97.92904205845852, 30.17518707075105], [-97.9290378300291, 30.175197992202936], [-97.92903281062686, 30.175208898798914], [-97.9290278596167, 30.175217056462184], [-97.92902284021235, 30.175227963057825], [-97.92901782080692, 30.175238869653207], [-97.9290128014003, 30.175249776248464], [-97.92900864135859, 30.175257948766895], [-97.92900362195014, 30.17526885536177], [-97.92899939351261, 30.17527977681248], [-97.92899437410199, 30.175290683407052], [-97.92899021405695, 30.175298855924808], [-97.92898519464411, 30.17530976251906], [-97.92898096620289, 30.175320683969186], [-97.92897594678792, 30.175331590563122], [-97.92897178673952, 30.17533976308029], [-97.92896755829547, 30.175350684530013], [-97.92896332985046, 30.175361605979617], [-97.92895910140456, 30.175372527429083], [-97.92895487295763, 30.175383448878417], [-97.92895071290503, 30.175391621395057], [-97.92894648445632, 30.1754025428441], [-97.92894225600672, 30.175413464293058], [-97.9289380275561, 30.17542438574185], [-97.92893379910454, 30.17543530719051], [-97.9289296390481, 30.175443479706527], [-97.92892620156859, 30.175454416011394], [-97.92892197311437, 30.175465337459688], [-97.9289185356332, 30.175476273764378], [-97.92891430717722, 30.175487195212483], [-97.92891086969422, 30.175498131516957], [-97.92890670963315, 30.175506304032183], [-97.9289032721488, 30.175517240336504], [-97.92889904368924, 30.17552816178415], [-97.92889560620326, 30.17553909808828], [-97.92889216871649, 30.17555003439231], [-97.92888873122875, 30.175560970696274], [-97.92888529374044, 30.17557190700015], [-97.92888192464888, 30.175580094371277], [-97.92887848715911, 30.17559103067499], [-97.92887504966836, 30.17560196697866], [-97.92887161217702, 30.175612903282207], [-97.92886817468492, 30.175623839585676], [-97.92886473719203, 30.175634775889083], [-97.92886129969818, 30.1756457121924], [-97.92885865317918, 30.17565666335244], [-97.92885521568404, 30.17566759965562], [-97.92885263756204, 30.1756758018829], [-97.92884920006556, 30.17568673818595], [-97.9288465535441, 30.175697689345853], [-97.92884311604595, 30.175708625648713], [-97.92884046952317, 30.17571957680849], [-97.92883703202374, 30.17573051311121], [-97.92883438549951, 30.175741464270896], [-97.92883173897488, 30.17575241543048], [-97.92882909244945, 30.175763366590054], [-97.92882644592358, 30.175774317749575], [-97.92882379939695, 30.17578526890901], [-97.92882115286993, 30.17579622006844], [-97.92881857474175, 30.17580442229525], [-97.92881592821341, 30.175815373454608], [-97.92881328168465, 30.1758263246139], [-97.92881063515512, 30.17583727577317], [-97.92880877960216, 30.175848241789506], [-97.92880613307152, 30.175859192948725], [-97.92880348654046, 30.175870144107826], [-97.92880163098587, 30.175881110124102], [-97.9287989844537, 30.17589206128319], [-97.9287971288982, 30.175903027299427], [-97.92879448236489, 30.175913978458453], [-97.9287926268085, 30.17592494447465], [-97.92879077125181, 30.17593591049085], [-97.92878891569457, 30.175946876507023], [-97.92878626915893, 30.175957827665922], [-97.92878441360094, 30.175968793682095], [-97.9287825580423, 30.175979759698215], [-97.92878070248346, 30.17599072571434], [-97.92877884692398, 30.176001691730423], [-97.92877699136412, 30.176012657746508], [-97.92877592678245, 30.176023638619917], [-97.92877407122178, 30.176034604635948], [-97.92877221566074, 30.176045570651993], [-97.9287704285005, 30.17605378773538], [-97.92876936391748, 30.176064768608736], [-97.92876750835528, 30.176075734624717], [-97.92876644377166, 30.17608671549814], [-97.92876458820895, 30.17609768151411], [-97.92876352362474, 30.176108662387506], [-97.92876166806109, 30.176119628403477], [-97.92876060347649, 30.176130609276846], [-97.92875953889147, 30.17614159015027], [-97.9287584743062, 30.176152571023614], [-97.92875661874115, 30.176163537039546], [-97.9287555541555, 30.176174517912955], [-97.92875448956943, 30.17618549878635], [-97.92875315137651, 30.176207475390658], [-97.92864032455854, 30.177919316117716], [-97.9286278468148, 30.17842073803553], [-97.92859749256382, 30.179640511191604], [-97.92860195868552, 30.179898178293367], [-97.92864041700895, 30.181469275625712], [-97.92864636935165, 30.181738908896776], [-97.92867740669656, 30.18302029385837], [-97.9288897394624, 30.185931210642384], [-97.92874849594655, 30.187098255060288], [-97.92606952877497, 30.19104438004786], [-97.9259621335457, 30.191163321346792], [-97.9256783202249, 30.191534419265047], [-97.92560902125051, 30.191615622795407], [-97.92518827275889, 30.192111000730222], [-97.92457297522903, 30.192832779289247], [-97.9244798069292, 30.192783694640895], [-97.92444922028471, 30.192817044709336], [-97.92387785426668, 30.193440026608094], [-97.92352194239096, 30.194213127833983], [-97.91931141895924, 30.201054539970986], [-97.91792401816765, 30.202685453081934], [-97.91723395515004, 30.203354760356046], [-97.91610495639469, 30.203625878432245], [-97.9154295048639, 30.20371060120466], [-97.91493325401952, 30.203446439339476], [-97.9149150315222, 30.203443876213864], [-97.91450140353952, 30.20331356820163], [-97.91399887391543, 30.203109030107544], [-97.9144639284932, 30.20228379104742], [-97.91447829608703, 30.202268984061902], [-97.91504423898404, 30.201168971609626], [-97.9142981096626, 30.199595275524498], [-97.91430594571047, 30.199282316070857], [-97.91397009202777, 30.197096316335585], [-97.9117149112924, 30.195968205278994], [-97.91169586119906, 30.19594290896898], [-97.91114061577672, 30.19573405232387], [-97.90900713969502, 30.19579114976441], [-97.9079585988863, 30.19622200901751], [-97.90794947437385, 30.196236743636376], [-97.90652890616818, 30.196866192758563], [-97.90582878239857, 30.19784249618291], [-97.90533968508888, 30.19884086684702], [-97.90519171068448, 30.198778524758833], [-97.90505809360553, 30.198968786498853], [-97.9040991776606, 30.198517927808695], [-97.90304113996275, 30.197872454119583], [-97.9027223820462, 30.197738151680035]]]]}, "properties": {"route_id": "PAM01", "district": "District 2", "garb_day": "Monday", "op_type": "Auto", "supervisor": "Herrera", "super_num": null, "centroid_lat": 30.187332741601917, "centroid_lng": -97.91952595505869}}, {"type": "Feature", "geometry": {"type": "MultiPolygon", "coordinates": [[[[-97.88210345010879, 30.206191827552], [-97.87939861528592, 30.205432214593444], [-97.87867147398413, 30.20557855960105], [-97.87853903455452, 30.205630684740882], [-97.87854050672775, 30.205626257889755], [-97.87874020516968, 30.205025803400442], [-97.87878404163908, 30.20456867050717], [-97.87875041423315, 30.204319848216183], [-97.87866734250817, 30.204001535680913], [-97.87846794183662, 30.20369538942574], [-97.87837421175236, 30.203470448662042], [-97.87810330562361, 30.202900074032673], [-97.87800021234702, 30.202493652352544], [-97.87804361254413, 30.201960409527477], [-97.8781803704705, 30.20151192004624], [-97.87826039601251, 30.20105691469335], [-97.87853123516962, 30.20070554438648], [-97.87843155570044, 30.20059759191484], [-97.87851669244434, 30.200085500212435], [-97.87875311610627, 30.199012466073448], [-97.87896175454433, 30.198465152495668], [-97.87938791432349, 30.19761637353847], [-97.87992213532182, 30.196877319840556], [-97.88049678155394, 30.196203002597716], [-97.88136674227238, 30.195497787875606], [-97.88250139501847, 30.194724532827735], [-97.88399660807333, 30.194250572071056], [-97.88485564734087, 30.193974596477986], [-97.88440524298237, 30.19333065160272], [-97.8838113690586, 30.192827451373493], [-97.88301064178104, 30.192507657118277], [-97.88228601263354, 30.192376682254206], [-97.88101375462034, 30.19223105297403], [-97.88021977744899, 30.192129695160276], [-97.88023059032152, 30.192121859436874], [-97.88037294838632, 30.192018692886098], [-97.88137252486061, 30.19145473321082], [-97.88355619996231, 30.19010776483027], [-97.88440336602521, 30.189577081201378], [-97.88589509457765, 30.18845270209506], [-97.88627616805739, 30.18751401376764], [-97.88732604700596, 30.187711445871287], [-97.88815036591804, 30.18808193137301], [-97.89023015316916, 30.18859462132865], [-97.89144057412886, 30.188499466647418], [-97.89202645615136, 30.188880159762967], [-97.89143144451396, 30.189533948645867], [-97.8913682222368, 30.190003996478115], [-97.89149382066287, 30.190146693999765], [-97.89138539861118, 30.190612841963695], [-97.89181782740056, 30.191186831650803], [-97.89256556037252, 30.191948478781374], [-97.89301503289161, 30.192069362998517], [-97.8937113516548, 30.19180184115004], [-97.89419451834834, 30.191832886243837], [-97.89427103649416, 30.192002818694554], [-97.89444539912104, 30.191978060947548], [-97.8947086126272, 30.191880626278248], [-97.89505294387189, 30.19239413373504], [-97.89455937452541, 30.193310692428994], [-97.89378325369715, 30.19397873727065], [-97.8933945022792, 30.194080204044358], [-97.89352708093435, 30.194618006094345], [-97.8944478645479, 30.19498962005869], [-97.89574002443571, 30.195249459050267], [-97.89609530522048, 30.195339846100836], [-97.89612307130079, 30.195346909778443], [-97.8971032572996, 30.196441989394433], [-97.8972009905363, 30.196707504061074], [-97.89775041049293, 30.19695454942377], [-97.8980750918612, 30.197034587662852], [-97.89893090778999, 30.197171374512337], [-97.9006850802136, 30.19741463890052], [-97.90132117060978, 30.197509655721742], [-97.90177898568376, 30.19757536702494], [-97.90207654776107, 30.19760693434042], [-97.90217628548642, 30.197615510323917], [-97.9024178313181, 30.19761034271238], [-97.90243263817612, 30.197616678794063], [-97.902673719053, 30.197719840811224], [-97.9026747358963, 30.197718076802623], [-97.9027223820462, 30.197738151680035], [-97.90209354052324, 30.19874471548702], [-97.90207550015111, 30.19875761196171], [-97.90056260091278, 30.20138202999979], [-97.89236572586233, 30.19713206090818], [-97.89227507392272, 30.197087625465976], [-97.89225848848287, 30.197079495663413], [-97.89202681404545, 30.19742668256401], [-97.89188656901065, 30.197636852113597], [-97.89179332214484, 30.197776590174225], [-97.88973646352262, 30.200861630715938], [-97.88839340209316, 30.203011437561326], [-97.88795345845094, 30.203715848074154], [-97.88795044071297, 30.203720461038493], [-97.88840772372126, 30.204447339576888], [-97.89042519464192, 30.20765406163685], [-97.89105459869627, 30.20865443560026], [-97.89106322824806, 30.208657183746013], [-97.88940845441608, 30.208737075578487], [-97.8892235000336, 30.208828978003936], [-97.88886124774896, 30.208727550656615], [-97.88807919263486, 30.208348604791848], [-97.88739842146576, 30.207648019907616], [-97.88210345010879, 30.206191827552]]]]}, "properties": {"route_id": "PAM02", "district": "District 2", "garb_day": "Monday", "op_type": "Auto", "supervisor": "Herrera", "super_num": null, "centroid_lat": 30.19795046529703, "centroid_lng": -97.88749910615589}}, {"type": "Feature", "geometry": {"type": "MultiPolygon", "coordinates": [[[[-97.7640104563945, 30.168212715659276], [-97.76400611634975, 30.168322725692416], [-97.76355371547048, 30.172161019599624], [-97.76337598182977, 30.17250154920967], [-97.76288829786633, 30.17480786703841], [-97.76270947977254, 30.174879496313597], [-97.76289901217842, 30.175072881015094], [-97.76291174795386, 30.175460067492317], [-97.76276925893036, 30.175602930735735], [-97.762762504528, 30.17573507288971], [-97.7623439444345, 30.176321543863757], [-97.7593301412489, 30.175587464448157], [-97.75666383743322, 30.175094574492302], [-97.75417770954198, 30.175945699491137], [-97.75417058779293, 30.175928593267603], [-97.75171405838891, 30.174717820335157], [-97.75087029563763, 30.1759781414151], [-97.74963663852031, 30.1761096570813], [-97.74949160572648, 30.176125158415225], [-97.74943369926413, 30.176098524530573], [-97.7482597975059, 30.177251310167488], [-97.74781771451069, 30.177634544154575], [-97.7475762799904, 30.177894504390284], [-97.74733139317937, 30.17828341751977], [-97.74707015502166, 30.17899116222419], [-97.7469478915786, 30.17947083097488], [-97.74690958633528, 30.179645381782386], [-97.74689297348785, 30.17960941678305], [-97.74629954408378, 30.179040020669166], [-97.74500603383039, 30.177584629841803], [-97.74438606778536, 30.176471575233894], [-97.74368945180706, 30.175457013930544], [-97.74118303236823, 30.172869901951557], [-97.7425166999448, 30.171304369993617], [-97.7442181343717, 30.169206710878548], [-97.74730143365005, 30.166837979517414], [-97.7508934910495, 30.165366972240204], [-97.7607078145668, 30.164123245699567], [-97.76070129161, 30.16413549930553], [-97.76201136083493, 30.164685043719977], [-97.76234623960902, 30.164168551091183], [-97.76288820782744, 30.163412047613196], [-97.76336409020224, 30.16363089134818], [-97.76327921381075, 30.16380359359381], [-97.76375695283289, 30.163952710515368], [-97.7637112706161, 30.16416108117307], [-97.76382607137171, 30.16437267359777], [-97.7636982934597, 30.164649158767975], [-97.76377111993038, 30.16492967115975], [-97.76376277761568, 30.165243435353307], [-97.76418464808575, 30.165984410982578], [-97.76433574091611, 30.16619578435907], [-97.76453919934805, 30.16643425107397], [-97.76451557361608, 30.166759309388574], [-97.76440000620416, 30.167160650288256], [-97.76428616764535, 30.167496919317145], [-97.76415665857594, 30.16785891634298], [-97.76401175063677, 30.168176182140197], [-97.7639975389079, 30.168207297606095], [-97.7640104563945, 30.168212715659276]]]]}, "properties": {"route_id": "PM41", "district": "District 8", "garb_day": "Monday", "op_type": "Semi", "supervisor": "Klair", "super_num": 400, "centroid_lat": 30.170801775613782, "centroid_lng": -97.75372738777814}}, {"type": "Feature", "geometry": {"type": "MultiPolygon", "coordinates": [[[[-97.88023059032152, 30.19212185943681], [-97.87845969804118, 30.191893691554096], [-97.87662912194165, 30.191672575528685], [-97.8751346973893, 30.191287514420896], [-97.87457011398601, 30.191032330109888], [-97.87390314316202, 30.190736513517958], [-97.87559238945435, 30.18901850669394], [-97.87778034930811, 30.186377174009703], [-97.87882241373852, 30.184743705816057], [-97.88110688903569, 30.18129161903391], [-97.8825620488271, 30.179698117806556], [-97.88263348863346, 30.178702772028647], [-97.88331632496835, 30.17785399909571], [-97.88611374034174, 30.173716060805443], [-97.88647234295497, 30.172845636736103], [-97.87895947710078, 30.17270181000574], [-97.87454648901895, 30.172609054682734], [-97.87444078329005, 30.162345607143592], [-97.8742890107605, 30.153521010158666], [-97.87398724434493, 30.15351608362592], [-97.87396768555114, 30.152335750585323], [-97.87398202065432, 30.152335313650582], [-97.87404345450088, 30.152332856109666], [-97.87545706837949, 30.15221532033711], [-97.8775475637139, 30.152014622505497], [-97.87933706654802, 30.152054407589226], [-97.87958835714015, 30.152115442260428], [-97.87989270316353, 30.15226355325853], [-97.8803643228524, 30.152706383391536], [-97.88119989708278, 30.153666551882534], [-97.88153777316839, 30.153944225340588], [-97.88351491766518, 30.15146573126719], [-97.88353132809516, 30.148213551806], [-97.89005563707732, 30.14824194686651], [-97.89005725074307, 30.14817810581632], [-97.8903864834824, 30.14817694933594], [-97.89052428224576, 30.16250532033922], [-97.89334198118716, 30.162594846276477], [-97.89372261870675, 30.170059759466216], [-97.89376834362048, 30.17269246338653], [-97.88961451819436, 30.172808184189854], [-97.89631111243268, 30.178985687047582], [-97.89631386818, 30.17898528745773], [-97.89639810432034, 30.179585486933146], [-97.89725035141625, 30.180188054690756], [-97.89993932832311, 30.181578708214555], [-97.89911324201128, 30.18281953477786], [-97.89872730771795, 30.18318879518095], [-97.89837258091352, 30.18344751982119], [-97.8979264474959, 30.183667462813265], [-97.89641081566826, 30.18440262390587], [-97.89607897387963, 30.184581045875902], [-97.89530706087804, 30.185149173367005], [-97.894724007141, 30.185719174309764], [-97.89479769908637, 30.185774521162177], [-97.89549360734412, 30.185731363039334], [-97.89624762500644, 30.18618059939413], [-97.89700150534743, 30.187395392361175], [-97.897885620544, 30.18839580398119], [-97.89790131637997, 30.18886181892953], [-97.89837151193319, 30.188918851948163], [-97.89911875015437, 30.189597048656726], [-97.89872075689956, 30.190813557337705], [-97.89812398818688, 30.192592242771255], [-97.89608857791127, 30.19420295374491], [-97.89610101879303, 30.19524829447978], [-97.89609530522048, 30.195339846100836], [-97.89574002443571, 30.195249459050267], [-97.8944478645479, 30.19498962005869], [-97.89352708093435, 30.194618006094345], [-97.8933945022792, 30.194080204044358], [-97.89378325369715, 30.19397873727065], [-97.89455937452541, 30.193310692428994], [-97.89505294387189, 30.19239413373504], [-97.8947086126272, 30.191880626278248], [-97.89444539912104, 30.191978060947548], [-97.89427103649416, 30.192002818694554], [-97.89419451834834, 30.191832886243837], [-97.8937113516548, 30.19180184115004], [-97.89301503289161, 30.192069362998517], [-97.89256556037252, 30.191948478781374], [-97.89181782740056, 30.191186831650803], [-97.89138539861118, 30.190612841963695], [-97.89149382066287, 30.190146693999765], [-97.8913682222368, 30.190003996478115], [-97.89143144451396, 30.189533948645867], [-97.89202645615136, 30.188880159762967], [-97.89144057412886, 30.188499466647418], [-97.89023015316916, 30.18859462132865], [-97.88815036591804, 30.18808193137301], [-97.88732604700596, 30.187711445871287], [-97.88627616805739, 30.18751401376764], [-97.88589509457765, 30.18845270209506], [-97.88440336602521, 30.189577081201378], [-97.88355619996231, 30.19010776483027], [-97.88137252486061, 30.19145473321082], [-97.88037294838632, 30.192018692886098], [-97.88023059032152, 30.19212185943681]]]]}, "properties": {"route_id": "PAM03", "district": "District 2", "garb_day": "Monday", "op_type": "Auto", "supervisor": "Herrera", "super_num": null, "centroid_lat": 30.17127929536029, "centroid_lng": -97.88559894336804}}, {"type": "Feature", "geometry": {"type": "MultiPolygon", "coordinates": [[[[-97.86140688872642, 30.22813615521679], [-97.86145057100542, 30.228060161681377], [-97.86139050560712, 30.2279051037437], [-97.86062258024799, 30.226822630150085], [-97.86133745927472, 30.22582394286096], [-97.86276006730742, 30.22591378115732], [-97.86464145119277, 30.22585647478468], [-97.86574703070518, 30.225701011107553], [-97.86722470496528, 30.225979027512007], [-97.86858887743713, 30.225776446201255], [-97.86866171271971, 30.22581732831351], [-97.86908627090722, 30.22512108432383], [-97.86941323087919, 30.22477140150012], [-97.86973705911207, 30.224544407021124], [-97.87169938466238, 30.223743222987284], [-97.87173369502922, 30.223800845781717], [-97.87224599267077, 30.223831310236353], [-97.87366446187407, 30.223245259887687], [-97.87502656383509, 30.223445161748252], [-97.87766109699328, 30.223437785603767], [-97.88082203605897, 30.2223979367609], [-97.88254240728551, 30.22162003600366], [-97.88567797343107, 30.220261042891707], [-97.8897170026727, 30.22140962740917], [-97.8929299011872, 30.221197368880226], [-97.8930198007157, 30.221193882160033], [-97.89300652112688, 30.221215735153358], [-97.8927845276464, 30.22150289162651], [-97.89238476906695, 30.22234171105754], [-97.89181671760298, 30.223259362502308], [-97.89565577884422, 30.22513505660393], [-97.89493484520409, 30.2261672789035], [-97.89374942836689, 30.229081399998815], [-97.89154201293988, 30.228753386632587], [-97.8914447938645, 30.229499892564945], [-97.8870603598629, 30.22909524218859], [-97.88370566551595, 30.228914443225506], [-97.88131615168113, 30.229529927355358], [-97.88000007953734, 30.230204827247814], [-97.87831298667257, 30.231378232144838], [-97.87576829381575, 30.232807426103513], [-97.87427206581908, 30.233517706831872], [-97.87219823826352, 30.234020192198777], [-97.87216477399787, 30.234014398740985], [-97.87215343168442, 30.23398993729319], [-97.87159465706881, 30.234016477122264], [-97.87113482152537, 30.234057436122175], [-97.86496068956384, 30.23432806932345], [-97.8644595340958, 30.23317545099618], [-97.86430751822705, 30.232704452529468], [-97.86436112831431, 30.232440925573048], [-97.86494984162684, 30.231414381697217], [-97.86465985007747, 30.229923185130893], [-97.8637160945687, 30.229253766477765], [-97.86145598726611, 30.228167190063505], [-97.86140688872642, 30.22813615521679]]]]}, "properties": {"route_id": "PAM63", "district": "District 2", "garb_day": "Monday", "op_type": "Auto", "supervisor": "Litson", "super_num": 170, "centroid_lat": 30.22725834191189, "centroid_lng": -97.87813856406699}}, {"type": "Feature", "geometry": {"type": "MultiPolygon", "coordinates": [[[[-97.87854050688416, 30.205626257760915], [-97.87853903455459, 30.20563068474083], [-97.87867147398424, 30.205578559600976], [-97.87939861528588, 30.20543221459342], [-97.88210345010889, 30.206191827552026], [-97.88739842146575, 30.207648019907616], [-97.88807919263496, 30.20834860479181], [-97.88886124774908, 30.208727550656576], [-97.88922350003365, 30.20882897800391], [-97.88940845441606, 30.208737075578412], [-97.89106322824806, 30.20865718374596], [-97.895077928042, 30.20993561517317], [-97.8950785179156, 30.2099358029994], [-97.89380298039544, 30.212013320528833], [-97.89379805422959, 30.212021343769496], [-97.89379846724756, 30.212021544279498], [-97.8937979114157, 30.21202255710299], [-97.89395420600987, 30.21209715143364], [-97.89411009681224, 30.21217283209168], [-97.89461341472222, 30.21267361549341], [-97.89459962966139, 30.21270762429269], [-97.89458156832137, 30.212751321534693], [-97.89458185864919, 30.212751466701416], [-97.89458142193223, 30.212752544114085], [-97.89463761399665, 30.21277934490132], [-97.89659146978076, 30.21375626578661], [-97.89659904310301, 30.213800290418092], [-97.89662501674813, 30.21380628511897], [-97.8966472420077, 30.21380395776074], [-97.89667567706176, 30.21379903478107], [-97.89665438745887, 30.213832996936905], [-97.89623801065689, 30.21449198245015], [-97.89577089853691, 30.21521465749286], [-97.89555018813574, 30.215584489700497], [-97.89541135306548, 30.215815617696574], [-97.89508301091448, 30.216403419858665], [-97.89497882421564, 30.216610454893942], [-97.89487973188446, 30.216803835626084], [-97.8948246603919, 30.216915547113437], [-97.89473448003977, 30.21710084670261], [-97.89464832529771, 30.21728347264784], [-97.8945659879848, 30.21747167173085], [-97.89423312318266, 30.218238151902856], [-97.89420139295275, 30.21831073340955], [-97.89299257231944, 30.218195637323646], [-97.89094284618311, 30.21782987328048], [-97.89064777885635, 30.21773815556335], [-97.89008644870837, 30.217484830174964], [-97.8874008453308, 30.216243956651887], [-97.88439893035299, 30.214863928751033], [-97.88334700664355, 30.214413357542956], [-97.8812531973768, 30.21351727239743], [-97.88094113881357, 30.213297049440158], [-97.88041768308912, 30.212884943367143], [-97.87992257173221, 30.212488679145693], [-97.87907689026044, 30.212119726449476], [-97.87851137711641, 30.2119417959772], [-97.87738941131863, 30.211790323932746], [-97.87640847167462, 30.21169724487884], [-97.87467528652891, 30.21148451223315], [-97.8740885769822, 30.211299966486205], [-97.87347574479777, 30.211022087646835], [-97.87285831507535, 30.21064510031235], [-97.8726286512429, 30.210430275945967], [-97.87229975775016, 30.210099680331307], [-97.87234061043236, 30.210064118143983], [-97.87252231259905, 30.20993368717902], [-97.87286259070561, 30.209752805320964], [-97.87303937393698, 30.209558369318565], [-97.87343760837314, 30.208827618511958], [-97.87376381588172, 30.208492883597536], [-97.87423134144782, 30.208140037297465], [-97.87440200570742, 30.208028779927623], [-97.87459104010557, 30.207902256706287], [-97.87483896156154, 30.20739585590679], [-97.87513664073067, 30.20679405247083], [-97.8756210786702, 30.205815132400595], [-97.87591147777096, 30.205390313661425], [-97.87612799578218, 30.205149217322973], [-97.87653594874132, 30.205108956461604], [-97.87767735966959, 30.205400145939556], [-97.87836768034515, 30.205584246717585], [-97.87853299381969, 30.205627736987676], [-97.87854050688416, 30.205626257760915]]]]}, "properties": {"route_id": "PAM05", "district": "District 2", "garb_day": "Monday", "op_type": "Auto", "supervisor": "Herrera", "super_num": null, "centroid_lat": 30.21132764605621, "centroid_lng": -97.8852971595869}}, {"type": "Feature", "geometry": {"type": "MultiPolygon", "coordinates": [[[[-97.87170088802866, 30.223745747828318], [-97.87172514984744, 30.22372610858849], [-97.8719275088766, 30.22363462920773], [-97.87217105410316, 30.223519059716416], [-97.8725969136838, 30.223207644426395], [-97.87290638179046, 30.22281273811335], [-97.87308450755754, 30.22243155890372], [-97.87344239942776, 30.220380005628847], [-97.87381897903514, 30.218328810887563], [-97.87412157823674, 30.217467915793954], [-97.87433681909093, 30.217098281814476], [-97.874766744636, 30.216380669868073], [-97.87588410986197, 30.214567814653254], [-97.87581124469637, 30.21453594629196], [-97.87573518426726, 30.214389016457236], [-97.8747854662296, 30.21365139774667], [-97.87370698544198, 30.212966636415164], [-97.8730364378525, 30.212776675174254], [-97.87158899346454, 30.21269490470137], [-97.86763371472155, 30.213731494644392], [-97.86561153251746, 30.215992091964498], [-97.86363868944598, 30.215105639356082], [-97.86492122736965, 30.212993616648085], [-97.86490664886658, 30.21244874232476], [-97.86441392194804, 30.212174770911393], [-97.8613386111173, 30.20928896793481], [-97.86099802598558, 30.208059776136484], [-97.86157216759341, 30.208391352754344], [-97.86170355437828, 30.208420551157104], [-97.8624733135313, 30.20866297715607], [-97.86310608854437, 30.208745206923457], [-97.86375072629302, 30.208757640477494], [-97.86447929768917, 30.20864039807238], [-97.86529157598613, 30.208402226699146], [-97.86628631029176, 30.20807292664168], [-97.86690915127294, 30.207878141343123], [-97.86742157787948, 30.207789541848115], [-97.86797857567458, 30.207731338865226], [-97.86859034652797, 30.207748038815136], [-97.86938091004448, 30.207866644273206], [-97.87031288739625, 30.208219364840446], [-97.87086047799495, 30.20853022363842], [-97.87150441275912, 30.209064485390357], [-97.87186007580166, 30.209455347778093], [-97.87218383338572, 30.20993052464825], [-97.87231401711195, 30.210087267586623], [-97.87229975775016, 30.210099680331307], [-97.8726286512429, 30.210430275945967], [-97.87285831507535, 30.21064510031235], [-97.87347574479777, 30.211022087646835], [-97.8740885769822, 30.211299966486205], [-97.87467528652891, 30.21148451223315], [-97.87640847167462, 30.21169724487884], [-97.87738941131863, 30.211790323932746], [-97.87851137711641, 30.2119417959772], [-97.87907689026044, 30.212119726449476], [-97.87992257173221, 30.212488679145693], [-97.88041768308912, 30.212884943367143], [-97.88094113881357, 30.213297049440158], [-97.8812531973768, 30.21351727239743], [-97.88334700664355, 30.214413357542956], [-97.88439893035299, 30.214863928751033], [-97.8874008453308, 30.216243956651887], [-97.89008644870837, 30.217484830174964], [-97.89064777885635, 30.21773815556335], [-97.89094284618311, 30.21782987328048], [-97.89299257231944, 30.218195637323646], [-97.89420139295275, 30.21831073340955], [-97.89387781475025, 30.219050897679004], [-97.8938787656266, 30.219051325268868], [-97.89381435743982, 30.219279306968424], [-97.89373319412715, 30.219396609805248], [-97.89386797745486, 30.219407334651386], [-97.89381530906927, 30.21953514167063], [-97.89373793210952, 30.21966247800684], [-97.89368526341278, 30.219790284975296], [-97.89363205259214, 30.219939549974942], [-97.89347350318846, 30.22034442874918], [-97.89329024374531, 30.220748836591728], [-97.8930198007157, 30.221193882160033], [-97.8929299011872, 30.221197368880226], [-97.8897170026727, 30.22140962740917], [-97.88567797343107, 30.220261042891707], [-97.88254240728551, 30.22162003600366], [-97.88082203605897, 30.2223979367609], [-97.87766109699328, 30.223437785603767], [-97.87502656383509, 30.223445161748252], [-97.87366446187407, 30.223245259887687], [-97.87224599267077, 30.223831310236353], [-97.87173369502922, 30.223800845781717], [-97.87170088802866, 30.223745747828318]]]]}, "properties": {"route_id": "PAM64", "district": "District 2", "garb_day": "Monday", "op_type": "Auto", "supervisor": "Litson", "super_num": 170, "centroid_lat": 30.216151709560886, "centroid_lng": -97.87744879160151}}, {"type": "Feature", "geometry": {"type": "MultiPolygon", "coordinates": [[[[-97.85494556043145, 30.22495599572262], [-97.85497973499177, 30.224899806524736], [-97.85603808796549, 30.224762106995197], [-97.85811352628708, 30.22501811648013], [-97.85906152625554, 30.225009448630825], [-97.86016135297437, 30.224614479904076], [-97.86164073101226, 30.224111239660836], [-97.86229504478766, 30.22373201382861], [-97.8626486832973, 30.223137064420676], [-97.86255939792467, 30.222810945513533], [-97.86271663799914, 30.222844801930083], [-97.86318185050803, 30.22285210194222], [-97.86372059909932, 30.222450279368392], [-97.86488291159814, 30.222149446084092], [-97.86534457210516, 30.2215287663946], [-97.86529284337848, 30.22137934283037], [-97.8654213845865, 30.220789083416552], [-97.86513900293599, 30.22025333012721], [-97.86448877362363, 30.21963013538956], [-97.86355250257348, 30.219338892388283], [-97.86253650491493, 30.219271085089147], [-97.86191876830986, 30.21882527438125], [-97.86171108740658, 30.218302493240312], [-97.86177006353701, 30.21821782768072], [-97.8615573654252, 30.218228738353066], [-97.86131235459321, 30.21805454691712], [-97.86133775591311, 30.217930621792853], [-97.86165534422982, 30.21786571031307], [-97.8622168704982, 30.21752399165514], [-97.8629389541779, 30.21630773183083], [-97.86366655634151, 30.215118161042437], [-97.86561153251746, 30.215992091964498], [-97.86763371472155, 30.213731494644392], [-97.87158899346454, 30.21269490470137], [-97.8730364378525, 30.212776675174254], [-97.87370698544198, 30.212966636415164], [-97.8747854662296, 30.21365139774667], [-97.87573518426726, 30.214389016457236], [-97.87581124469637, 30.21453594629196], [-97.87588410986197, 30.214567814653254], [-97.874766744636, 30.216380669868073], [-97.87433681909093, 30.217098281814476], [-97.87412157823674, 30.217467915793954], [-97.87381897903514, 30.218328810887563], [-97.87344239942776, 30.220380005628847], [-97.87308450755754, 30.22243155890372], [-97.87290638179046, 30.22281273811335], [-97.8725969136838, 30.223207644426395], [-97.87217105410316, 30.223519059716416], [-97.8719275088766, 30.22363462920773], [-97.87172514984744, 30.22372610858849], [-97.87170088802866, 30.223745747828318], [-97.87169938466238, 30.223743222987284], [-97.86973705911207, 30.224544407021124], [-97.86941323087919, 30.22477140150012], [-97.86908627090722, 30.22512108432383], [-97.86866171271971, 30.22581732831351], [-97.86858887743713, 30.225776446201255], [-97.86722470496528, 30.225979027512007], [-97.86574703070518, 30.225701011107553], [-97.86464145119277, 30.22585647478468], [-97.86276006730742, 30.22591378115732], [-97.86133745927472, 30.22582394286096], [-97.86062258024799, 30.226822630150085], [-97.86139050560712, 30.2279051037437], [-97.86145057100542, 30.228060161681377], [-97.86140688872642, 30.22813615521679], [-97.86041818543289, 30.227511194483636], [-97.85867703804335, 30.226867041231266], [-97.85532432358617, 30.22509783764604], [-97.85494556043145, 30.22495599572262]]]]}, "properties": {"route_id": "PAM65", "district": "District 2", "garb_day": "Monday", "op_type": "Auto", "supervisor": "Litson", "super_num": 170, "centroid_lat": 30.219808396161152, "centroid_lng": -97.86779904441148}}, {"type": "Feature", "geometry": {"type": "MultiPolygon", "coordinates": [[[[-97.84210657736914, 30.267015822304668], [-97.84205498712674, 30.266991574383212], [-97.84205405635876, 30.26699306908715], [-97.84201943155651, 30.26697486306465], [-97.8169256029843, 30.253776112005685], [-97.8169698548384, 30.25371032934513], [-97.82104582633167, 30.247650732222116], [-97.82379631998607, 30.246652033374293], [-97.82413896329366, 30.24529886100971], [-97.82502030643532, 30.246353060694318], [-97.82648006174026, 30.24614201975174], [-97.8283487652104, 30.244962671142677], [-97.82999951403133, 30.244310994654914], [-97.83305039262429, 30.245146985581805], [-97.83298852013498, 30.24515846364329], [-97.83268710505818, 30.246677166034488], [-97.83403963822327, 30.247706803624354], [-97.84096460868837, 30.25091616914308], [-97.84149205714701, 30.251036735328658], [-97.84148662594747, 30.251434563396366], [-97.84581907859258, 30.25362606522814], [-97.84580484343022, 30.25364691447675], [-97.84593266390691, 30.253881837239945], [-97.8491973323855, 30.25533982465622], [-97.84794265585624, 30.257029965749727], [-97.84794041549533, 30.257048606027627], [-97.84604826432127, 30.259963413362932], [-97.84561496106545, 30.261589610297438], [-97.84451205832704, 30.263360731539144], [-97.84377003228695, 30.26457567324119], [-97.84210657736914, 30.267015822304668]]]]}, "properties": {"route_id": "PAT82", "district": "District 7", "garb_day": "Tuesday", "op_type": "Auto", "supervisor": "Gilbert", "super_num": 697, "centroid_lat": 30.255001784888027, "centroid_lng": -97.83347179544239}}, {"type": "Feature", "geometry": {"type": "MultiPolygon", "coordinates": [[[[-97.84898674527729, 30.224924185721907], [-97.84760581502177, 30.224515813720927], [-97.84142759456338, 30.22327645909006], [-97.84032158098027, 30.223000548647498], [-97.83845874883504, 30.22197216939113], [-97.83756755846986, 30.221318840379706], [-97.83662657642748, 30.220162944347734], [-97.83655971326021, 30.22008080793861], [-97.83577894649271, 30.219121690872825], [-97.83299256899576, 30.215302405781504], [-97.8312390131256, 30.21402166462078], [-97.83041980744441, 30.213701990687067], [-97.83055618531162, 30.21350426243547], [-97.83134239470029, 30.21227711201275], [-97.83194247549562, 30.21135469040629], [-97.83199999964764, 30.21137999999028], [-97.83237999995494, 30.21153000006296], [-97.83263999955172, 30.211580000005945], [-97.83293000004683, 30.211529999764572], [-97.83374000019819, 30.211320000024486], [-97.8340900000795, 30.211290000085217], [-97.83429999983393, 30.2112899999476], [-97.83477999980147, 30.21144000039561], [-97.83669000007346, 30.212359999981906], [-97.83751999964633, 30.212740000210843], [-97.83833000000142, 30.213120000289035], [-97.83870000019199, 30.213289999930726], [-97.84037999982951, 30.21411000019266], [-97.84256171545977, 30.215220548645082], [-97.84314999981879, 30.215520000004553], [-97.8447699998368, 30.216310000039634], [-97.84503824858376, 30.216449764551104], [-97.84517928049951, 30.216453114036813], [-97.8487998717334, 30.216596043059575], [-97.84999293067398, 30.216457767727558], [-97.85079794960993, 30.21623125259324], [-97.85186904675379, 30.215775836217265], [-97.8534270889108, 30.214813312938684], [-97.8550709700274, 30.213763654036935], [-97.85633957117628, 30.212851990550796], [-97.85777596659355, 30.211556162566826], [-97.85978818039187, 30.209545076389926], [-97.8608571808715, 30.208255075850936], [-97.86100403624158, 30.20808146756314], [-97.86133861098324, 30.2092889679171], [-97.8644139217781, 30.212174771117798], [-97.86490664914712, 30.21244874236242], [-97.86492122720794, 30.212993616886422], [-97.86363868931075, 30.215105639671222], [-97.86366655610033, 30.2151181609587], [-97.86293895400279, 30.216307731762576], [-97.86221687026095, 30.217523991988575], [-97.86165534383672, 30.21786571058394], [-97.86133775591898, 30.217930621892506], [-97.86131235472742, 30.218054546814923], [-97.86155736522568, 30.218228738406015], [-97.86177006314033, 30.21821782805549], [-97.86171108712244, 30.218302493123254], [-97.86191876802194, 30.218825274659537], [-97.86253650460819, 30.219271085499628], [-97.86355250214157, 30.219338892493994], [-97.86448877365389, 30.219630135413556], [-97.86513900304146, 30.220253330127782], [-97.86542138424777, 30.22078908360787], [-97.86529284297929, 30.221379342820004], [-97.86534457212235, 30.221528766409065], [-97.86488291184183, 30.222149446293006], [-97.86372059913327, 30.222450279311424], [-97.86318185078296, 30.222852102015917], [-97.8627166376155, 30.222844801956445], [-97.86255939786203, 30.222810945829377], [-97.86264868330126, 30.223137064723833], [-97.86229504441413, 30.223732014139895], [-97.8616407305443, 30.224111239679768], [-97.86016135306559, 30.22461447979127], [-97.85906152604753, 30.225009448617122], [-97.8581135261692, 30.22501811678457], [-97.85603808818209, 30.22476210712489], [-97.85497973498651, 30.22489980643002], [-97.85494556000296, 30.22495599600238], [-97.85417824674388, 30.224668642309048], [-97.8532413251528, 30.224650503116607], [-97.85165569700362, 30.224797858727044], [-97.85065564124393, 30.22495654683677], [-97.84898674527729, 30.224924185721907]]]]}, "properties": {"route_id": "PAM60", "district": "District 2", "garb_day": "Monday", "op_type": "Auto", "supervisor": "Litson", "super_num": 170, "centroid_lat": 30.218289061710873, "centroid_lng": -97.85021611967738}}, {"type": "Feature", "geometry": {"type": "MultiPolygon", "coordinates": [[[[-97.86100695011392, 30.208064929922152], [-97.86105488806666, 30.207999235269032], [-97.86177366073396, 30.207088812011186], [-97.86342265574655, 30.204756812694907], [-97.86612118082373, 30.200819604465448], [-97.86547754601548, 30.200488085957428], [-97.86529583911384, 30.200001791917362], [-97.86553340652465, 30.19834444548277], [-97.86672230671273, 30.19518840081515], [-97.86448970095569, 30.19136682024158], [-97.86091683798143, 30.188329013449728], [-97.8609279875617, 30.18831680956643], [-97.86326407253749, 30.18575969867693], [-97.86740832787999, 30.182575532919326], [-97.86754759047908, 30.177426876560737], [-97.86765521141712, 30.17750396613807], [-97.86809982927603, 30.17775730138527], [-97.8688496744789, 30.176023865561234], [-97.86979146370487, 30.17603270389655], [-97.8698498705776, 30.17605112689729], [-97.86994718235805, 30.176168840012537], [-97.87006576208232, 30.176201045204404], [-97.87020017178682, 30.176147415704616], [-97.87024280084957, 30.17608071785127], [-97.87023016518766, 30.17596295713977], [-97.87015072306654, 30.175881863377093], [-97.87006056587077, 30.175860958745584], [-97.8684719373541, 30.1758434991959], [-97.87033044474413, 30.17295123610328], [-97.87453189918033, 30.17291562544461], [-97.87454648901904, 30.172609054682734], [-97.87895947721476, 30.17270180999574], [-97.88647234288008, 30.172845636722464], [-97.88611374034376, 30.173716060762466], [-97.8833163250985, 30.177853999001183], [-97.88263348884448, 30.178702771833628], [-97.88256204888971, 30.179698117664998], [-97.88110688925745, 30.181291619123183], [-97.87882241387605, 30.184743705841107], [-97.8777803493267, 30.18637717397337], [-97.87559238947732, 30.18901850664132], [-97.87390314337452, 30.190736513438026], [-97.87457011407619, 30.19103232999241], [-97.87513469735084, 30.191287514447485], [-97.8766291221416, 30.191672575562958], [-97.8784596979555, 30.19189369144795], [-97.88023059030546, 30.192121859423654], [-97.88021977744907, 30.192129695160276], [-97.8810137546204, 30.192231052974044], [-97.88228601263351, 30.19237668225418], [-97.88301064178108, 30.192507657118213], [-97.88381136905863, 30.192827451373468], [-97.88440524298237, 30.193330651602658], [-97.88485564734096, 30.193974596477936], [-97.88399660807345, 30.194250572071045], [-97.8825013950186, 30.1947245328277], [-97.88136674227235, 30.19549778787563], [-97.88049678155394, 30.196203002597688], [-97.87992213532183, 30.19687731984053], [-97.87938791432356, 30.19761637353847], [-97.87896175454429, 30.198465152495668], [-97.87875311610624, 30.199012466073462], [-97.87851669244448, 30.20008550021241], [-97.87843155570049, 30.200597591914825], [-97.87853123516969, 30.20070554438648], [-97.87826039601262, 30.201056914693325], [-97.87818037047045, 30.20151192004624], [-97.87804361254422, 30.201960409527437], [-97.87800021234716, 30.20249365235248], [-97.87810330562372, 30.202900074032673], [-97.87837421175249, 30.203470448662006], [-97.87846794183663, 30.203695389425686], [-97.8786673425082, 30.20400153568085], [-97.87875041423324, 30.204319848216183], [-97.87878404163915, 30.20456867050717], [-97.87874020516978, 30.205025803400442], [-97.8785405067278, 30.205626257889755], [-97.878532993881, 30.205627737068475], [-97.87836768038045, 30.205584246881344], [-97.8776773591847, 30.205400146160326], [-97.87653594847072, 30.205108956715083], [-97.87612799558357, 30.20514921739288], [-97.87591147760044, 30.20539031404757], [-97.87562107856087, 30.205815132769196], [-97.87513664074977, 30.20679405269207], [-97.874838961222, 30.20739585593876], [-97.87459103994756, 30.20790225654048], [-97.87440200574407, 30.208028779987952], [-97.87423134096515, 30.20814003768451], [-97.87376381567897, 30.20849288335603], [-97.87343760817156, 30.20882761846042], [-97.87303937361582, 30.209558369231775], [-97.8728625902877, 30.20975280529506], [-97.87252231250405, 30.209933687466187], [-97.8723406102027, 30.21006411826291], [-97.87231401687451, 30.210087267727953], [-97.87218383301678, 30.209930524804175], [-97.87186007555692, 30.209455348063464], [-97.87150441255135, 30.209064485543838], [-97.87086047766175, 30.208530223501768], [-97.87031288691594, 30.208219364896436], [-97.86938090965413, 30.207866644193807], [-97.86859034659662, 30.207748038754122], [-97.86797857522426, 30.20773133862676], [-97.8674215774675, 30.207789542107648], [-97.86690915110552, 30.207878141430474], [-97.86628631017729, 30.208072926878913], [-97.86529157596406, 30.20840222686878], [-97.8644792975033, 30.20864039830876], [-97.86375072617554, 30.20875764064722], [-97.8631060883359, 30.20874520709139], [-97.86247331357083, 30.208662977465792], [-97.86170355452384, 30.208420550948915], [-97.86157216747955, 30.20839135282149], [-97.86100695011392, 30.208064929922152]]]]}, "properties": {"route_id": "PAM04", "district": "District 2", "garb_day": "Monday", "op_type": "Auto", "supervisor": "Herrera", "super_num": null, "centroid_lat": 30.1902113953924, "centroid_lng": -97.87280281131872}}, {"type": "Feature", "geometry": {"type": "MultiPolygon", "coordinates": [[[[-97.83998780708187, 30.198891524968854], [-97.84137800508597, 30.196699535933597], [-97.8428250645726, 30.1944687933526], [-97.84297448453084, 30.194283236273822], [-97.84295749377443, 30.19427365171061], [-97.844076820569, 30.192501613628494], [-97.84525648254663, 30.190648574679155], [-97.84711558457921, 30.18771139029823], [-97.84883280064636, 30.184920831091933], [-97.84972026904552, 30.18359896049232], [-97.8497860356449, 30.183514374708636], [-97.85323832234751, 30.18525945192902], [-97.85444908495607, 30.186176481593048], [-97.85501638253848, 30.186698251666073], [-97.85510301657703, 30.186654707532803], [-97.85529101436852, 30.18665100891949], [-97.85693496256668, 30.18704203718005], [-97.8609279875617, 30.18831680956643], [-97.86091683798143, 30.188329013449728], [-97.86448970095569, 30.19136682024158], [-97.86672230671273, 30.19518840081515], [-97.86553340652465, 30.19834444548277], [-97.86529583911384, 30.200001791917362], [-97.86547754601548, 30.200488085957428], [-97.86612118082373, 30.200819604465448], [-97.86342265574655, 30.204756812694907], [-97.86177366073396, 30.207088812011186], [-97.86105488806666, 30.207999235269032], [-97.86100695011392, 30.208064929922152], [-97.86099802590991, 30.208059776299482], [-97.86099843940167, 30.208061267853118], [-97.86098899654414, 30.20805522025136], [-97.86086010816702, 30.20798570619805], [-97.86060661519647, 30.207801395517645], [-97.8604517669179, 30.20767967418383], [-97.86021539133593, 30.207430952641488], [-97.85967642579428, 30.206724498175245], [-97.85926574542694, 30.205803006639663], [-97.85883769953516, 30.204701330861965], [-97.85858663476031, 30.203970464653928], [-97.85852188689968, 30.203985831365376], [-97.85832128325977, 30.204368821664445], [-97.85768246272306, 30.204591106860367], [-97.85706098744996, 30.2054539264753], [-97.85680101952062, 30.20532903315351], [-97.85642641294258, 30.205477139158422], [-97.85572840824649, 30.206568514979658], [-97.85352983448654, 30.205589761416576], [-97.85278644955453, 30.205502980657133], [-97.85260404558306, 30.205427393949964], [-97.85251374030406, 30.20534740101267], [-97.85220158346912, 30.204739430767575], [-97.85115876416499, 30.2042598799562], [-97.85031203461622, 30.204052473158903], [-97.8456683870137, 30.201861443591067], [-97.84526175865476, 30.202137135399184], [-97.8453494461703, 30.201695475434583], [-97.83998780708187, 30.198891524968854]]]]}, "properties": {"route_id": "PAM61", "district": "District 2", "garb_day": "Monday", "op_type": "Auto", "supervisor": "Litson", "super_num": 170, "centroid_lat": 30.196059779735844, "centroid_lng": -97.85439604735984}}, {"type": "Feature", "geometry": {"type": "MultiPolygon", "coordinates": [[[[-97.83669000007346, 30.212359999981906], [-97.83477999980147, 30.21144000039561], [-97.83429999983393, 30.2112899999476], [-97.8340900000795, 30.211290000085217], [-97.83374000019819, 30.211320000024486], [-97.83293000004683, 30.211529999764572], [-97.83263999955172, 30.211580000005945], [-97.83237999995494, 30.21153000006296], [-97.83199999964764, 30.21137999999028], [-97.83194247549562, 30.21135469040629], [-97.8321385892781, 30.211048555590818], [-97.83346423044077, 30.2093022705317], [-97.83353999965891, 30.20933999996691], [-97.83503322639045, 30.210020782820795], [-97.83998863875948, 30.210280922504012], [-97.84183411677715, 30.210185747594984], [-97.84373221400301, 30.21163728592445], [-97.844295558311, 30.20995544696203], [-97.84470613334726, 30.20924845651914], [-97.8454049939161, 30.208400062165456], [-97.84643006891825, 30.207580134124616], [-97.84661421726165, 30.207655123801686], [-97.84715583723509, 30.20800189506549], [-97.8485040124358, 30.207686478215493], [-97.84933457475721, 30.207107982351644], [-97.85036057484153, 30.20583191719179], [-97.85048101538104, 30.20478994454403], [-97.85062163340004, 30.20481019739941], [-97.85144101546042, 30.20508884950796], [-97.85220158346912, 30.204739430767575], [-97.85251374030406, 30.20534740101267], [-97.85260404558306, 30.205427393949964], [-97.85278644955453, 30.205502980657133], [-97.85352983448654, 30.205589761416576], [-97.85572840824649, 30.206568514979658], [-97.85642641294258, 30.205477139158422], [-97.85680101952062, 30.20532903315351], [-97.85706098744996, 30.2054539264753], [-97.85768246272306, 30.204591106860367], [-97.85832128325977, 30.204368821664445], [-97.85852188689968, 30.203985831365376], [-97.85858663476031, 30.203970464653928], [-97.85883769953516, 30.204701330861965], [-97.85926574542694, 30.205803006639663], [-97.85967642579428, 30.206724498175245], [-97.86021539133593, 30.207430952641488], [-97.8604517669179, 30.20767967418383], [-97.86060661519647, 30.207801395517645], [-97.86086010816702, 30.20798570619805], [-97.86098899654414, 30.20805522025136], [-97.86099843940167, 30.208061267853118], [-97.86100403624158, 30.20808146756314], [-97.8608571808715, 30.208255075850936], [-97.85978818039187, 30.209545076389926], [-97.85777596659355, 30.211556162566826], [-97.85633957117628, 30.212851990550796], [-97.8550709700274, 30.213763654036935], [-97.8534270889108, 30.214813312938684], [-97.85186904675379, 30.215775836217265], [-97.85079794960993, 30.21623125259324], [-97.84999293067398, 30.216457767727558], [-97.8487998717334, 30.216596043059575], [-97.84610175671803, 30.216489539801845], [-97.84517928049951, 30.216453114036813], [-97.84503824859674, 30.216449764047738], [-97.8447699998368, 30.216310000039634], [-97.84314999981879, 30.215520000004553], [-97.84256171545977, 30.215220548645082], [-97.84037999982951, 30.21411000019266], [-97.83870000019199, 30.213289999930726], [-97.83833000000142, 30.213120000289035], [-97.83751999964633, 30.212740000210843], [-97.83669000007346, 30.212359999981906]]]]}, "properties": {"route_id": "PAM62", "district": "District 2", "garb_day": "Monday", "op_type": "Auto", "supervisor": "Litson", "super_num": 170, "centroid_lat": 30.21095351451121, "centroid_lng": -97.84905458406385}}, {"type": "Feature", "geometry": {"type": "MultiPolygon", "coordinates": [[[[-97.82193629866188, 30.209566042187404], [-97.82249494639251, 30.20870564427038], [-97.82579941739812, 30.203417360132924], [-97.82699459291842, 30.202775525929397], [-97.82878602285217, 30.19983110940197], [-97.82990947999279, 30.19847794069253], [-97.8303226891521, 30.19843251054573], [-97.83034244514133, 30.19896700493065], [-97.83143603708355, 30.19941393868518], [-97.83238531721791, 30.19927413589352], [-97.83317417313859, 30.199215189998224], [-97.8333900286556, 30.199127811053007], [-97.83342495050067, 30.19932279435578], [-97.83440955998947, 30.199810952339433], [-97.83463922386791, 30.199689097058705], [-97.83470461816381, 30.199886771900925], [-97.8349070249265, 30.20035299374824], [-97.835067598037, 30.20090119384573], [-97.83741261325373, 30.20211500247846], [-97.83751981220529, 30.202635207222798], [-97.8375902397293, 30.202667529404042], [-97.83702044947297, 30.203566354580317], [-97.83647355202223, 30.204526302168023], [-97.835639840314, 30.205889373224284], [-97.8357099999641, 30.20592000013277], [-97.83557137514595, 30.20666468755995], [-97.83603724434192, 30.20693161216713], [-97.83632320826467, 30.206927639295667], [-97.83687403432789, 30.207310811935947], [-97.83807571106566, 30.207908227924325], [-97.83851254606822, 30.207772545096297], [-97.83872999961898, 30.207780000397573], [-97.83880621554236, 30.20822276452373], [-97.84032340905944, 30.208999468742277], [-97.8417141287516, 30.210093986687973], [-97.84183411677715, 30.210185747594984], [-97.83998863875948, 30.210280922504012], [-97.83503322639045, 30.210020782820795], [-97.83353999965891, 30.20933999996691], [-97.83346423044077, 30.2093022705317], [-97.8321385892781, 30.211048555590818], [-97.83194247549562, 30.21135469040629], [-97.83134239470029, 30.21227711201275], [-97.83055618531162, 30.21350426243547], [-97.83041980744441, 30.213701990687067], [-97.82918023093048, 30.213218264396296], [-97.82877235558999, 30.21313397158293], [-97.82585252468608, 30.211652269774493], [-97.82198745004193, 30.209928965733724], [-97.82203090924035, 30.209880343108633], [-97.82193629866188, 30.209566042187404]]]]}, "properties": {"route_id": "PAM81", "district": "District 4", "garb_day": "Monday", "op_type": "Auto", "supervisor": "Gilbert", "super_num": 697, "centroid_lat": 30.206373595786154, "centroid_lng": -97.83075597757217}}, {"type": "Feature", "geometry": {"type": "MultiPolygon", "coordinates": [[[[-97.80739900958102, 30.20005674903696], [-97.80775322845459, 30.199396405382352], [-97.80873841186612, 30.19780019192609], [-97.80921412227826, 30.197066015978045], [-97.80977516564306, 30.197282584061995], [-97.81081777199569, 30.197264489829898], [-97.81185517856395, 30.197202126196036], [-97.81266972540443, 30.197292375269065], [-97.81386661294958, 30.197747704070803], [-97.81404136544036, 30.198060051338494], [-97.81443582822509, 30.19793947605027], [-97.81512788943753, 30.19831651422461], [-97.81545921731954, 30.197860558620594], [-97.81593606383282, 30.19808575502927], [-97.8159492160426, 30.198242492131385], [-97.8160628847484, 30.198148125983167], [-97.81660529864862, 30.1981132987716], [-97.81729396989122, 30.19852404525579], [-97.81915777016236, 30.199419637659496], [-97.81970270926288, 30.19929892864471], [-97.81982140492896, 30.19982074260753], [-97.8206026958371, 30.19983607704402], [-97.8206541732514, 30.199891904872267], [-97.82138794935828, 30.199508649111255], [-97.82218326537132, 30.199287296476204], [-97.82301886231598, 30.199210961008628], [-97.8239104512972, 30.199147565639695], [-97.82391518976239, 30.199088984060488], [-97.8240224434979, 30.19904638135353], [-97.82432274554313, 30.198867016536774], [-97.82438373507037, 30.19847773778734], [-97.82537831261651, 30.19692850872744], [-97.82764338980775, 30.196207629458343], [-97.82887918316766, 30.19641906802702], [-97.82900936376495, 30.196488674796235], [-97.82909041822184, 30.196437844370923], [-97.82913589379974, 30.196429373381324], [-97.82957567525818, 30.196354726805065], [-97.83073045732024, 30.19695915586222], [-97.8309013772041, 30.197459272163417], [-97.8303226891521, 30.19843251054573], [-97.82990947999279, 30.19847794069253], [-97.82878602285217, 30.19983110940197], [-97.82699459291842, 30.202775525929397], [-97.82579941739812, 30.203417360132924], [-97.82520193290495, 30.204373587971286], [-97.82249494639251, 30.20870564427038], [-97.82193629866188, 30.209566042187404], [-97.82203090924035, 30.209880343108633], [-97.82198745004193, 30.209928965733724], [-97.82048159888633, 30.209257510467022], [-97.81776427853762, 30.20788134830006], [-97.8153518084947, 30.207172527460596], [-97.8129067421599, 30.206030561416135], [-97.81140446256569, 30.205237822133526], [-97.80774466537297, 30.202952521886758], [-97.80686315857457, 30.20289000869334], [-97.80713022031635, 30.201573428604352], [-97.80739900958102, 30.20005674903696]]]]}, "properties": {"route_id": "PAM85", "district": "District 4", "garb_day": "Monday", "op_type": "Auto", "supervisor": "Gilbert", "super_num": 697, "centroid_lat": 30.20219995541789, "centroid_lng": -97.81830449876229}}, {"type": "Feature", "geometry": {"type": "MultiPolygon", "coordinates": [[[[-97.83506759810108, 30.200901193522636], [-97.83490702526096, 30.200352993560344], [-97.83470461862433, 30.199886772036113], [-97.83463922391515, 30.199689096815458], [-97.83440956035327, 30.199810951975337], [-97.83342495045221, 30.199322794350284], [-97.83339002887145, 30.19912781104796], [-97.83317417337808, 30.19921518975028], [-97.83238531753742, 30.199274135501703], [-97.83143603704977, 30.199413938699784], [-97.8303424453086, 30.198967005181256], [-97.83032268933886, 30.19843251040104], [-97.83090137735549, 30.19745927204931], [-97.83073045739135, 30.196959155539787], [-97.82957567526061, 30.196354726724344], [-97.82913589386939, 30.196429373426007], [-97.82909041831257, 30.196437843998236], [-97.82900936396945, 30.19648867463773], [-97.82895983900126, 30.196462193902004], [-97.82926442950064, 30.196115981863336], [-97.8296029676664, 30.195839057542635], [-97.82969934629774, 30.19577766344634], [-97.82973000000298, 30.195770000001662], [-97.83021000000464, 30.195470000003198], [-97.83039000000653, 30.195320000004436], [-97.83053000001087, 30.195160000007903], [-97.83070256512765, 30.194947658349818], [-97.83090999999405, 30.19467999999504], [-97.83068587513695, 30.19443616912503], [-97.83048919842483, 30.194240704320897], [-97.8288448555452, 30.193425485465095], [-97.8285754126044, 30.19342976420876], [-97.82843801821878, 30.193216985706897], [-97.82784088112348, 30.19292836424317], [-97.82831732230716, 30.192150889862646], [-97.829193605519, 30.190750707224556], [-97.82927794529459, 30.190572901247116], [-97.82996681562095, 30.19014245614559], [-97.8300477988475, 30.190124911316293], [-97.83007618030548, 30.19011499147618], [-97.83038575855758, 30.190014378550835], [-97.83043000000461, 30.190000000003312], [-97.83048780196722, 30.18999474536647], [-97.83086999999473, 30.189959999995548], [-97.83121999998852, 30.189989999990807], [-97.8314500000002, 30.19003999999972], [-97.8322353963934, 30.189665793058236], [-97.83258747145771, 30.189663763378704], [-97.83360780806208, 30.19012013362291], [-97.83394000000116, 30.19012000000043], [-97.83416803926532, 30.190202655685383], [-97.83666063118683, 30.190416016461782], [-97.83709431917087, 30.190147579975203], [-97.84130362511914, 30.183226373410058], [-97.84365025307346, 30.184253787570594], [-97.84549025788048, 30.181462606271428], [-97.84552107932512, 30.181413454173153], [-97.84557200472752, 30.18133224142455], [-97.84610046623716, 30.181187877350926], [-97.84803546716296, 30.18145551546014], [-97.85012772186401, 30.182473864505525], [-97.85052422883685, 30.18241771795093], [-97.85089004642869, 30.182567112796786], [-97.85243629012739, 30.180249073346857], [-97.85368672950985, 30.18033235154346], [-97.85405327161335, 30.180209912427], [-97.85418129395477, 30.180129646703563], [-97.85465189648976, 30.179934417725452], [-97.85555712291763, 30.18051230256905], [-97.85658115233966, 30.181636359171986], [-97.85701993641231, 30.181979621877847], [-97.85782287962503, 30.181876949578335], [-97.85770592556393, 30.181600044192418], [-97.8579512465564, 30.181239755019263], [-97.85828860832403, 30.181259966500885], [-97.85813800800707, 30.180830520961006], [-97.85874706494735, 30.18029278886214], [-97.85855674981195, 30.179491786854054], [-97.85921963413665, 30.178451203924737], [-97.85931653536828, 30.178462438356597], [-97.85859510838279, 30.177708675289583], [-97.85836051451139, 30.17738236004436], [-97.86154330889896, 30.177386099560763], [-97.86154926994197, 30.176008337351497], [-97.86173996350107, 30.17600926902372], [-97.86173479615553, 30.17738704651349], [-97.86749718041008, 30.177393737371325], [-97.86750133321776, 30.177393742099795], [-97.86754759047908, 30.177426876560737], [-97.86740832788, 30.182575532919362], [-97.86326407253742, 30.18575969867693], [-97.86092798756162, 30.18831680956647], [-97.8569349625667, 30.187042037180138], [-97.85529101436853, 30.186651008919554], [-97.85510301657705, 30.18665470753288], [-97.85501638253835, 30.186698251666098], [-97.85444908495609, 30.186176481593048], [-97.8532383223476, 30.185259451929085], [-97.84978603564487, 30.183514374708636], [-97.84972026904545, 30.183598960492347], [-97.84883280064626, 30.184920831091986], [-97.84711558457917, 30.187711390298258], [-97.84525648254663, 30.19064857467918], [-97.84407682056894, 30.192501613628533], [-97.84295749377436, 30.19427365171061], [-97.8429744845308, 30.194283236273886], [-97.84282506457254, 30.194468793352637], [-97.84137800508601, 30.196699535933597], [-97.8399878070817, 30.198891524968854], [-97.83962637400492, 30.199461394356387], [-97.83877892612718, 30.200817663948275], [-97.8387512777986, 30.200883491382516], [-97.83874166801272, 30.2008797542479], [-97.8378225248988, 30.20230110141871], [-97.83759023984423, 30.20266752910586], [-97.83751981233756, 30.20263520701746], [-97.83741261302782, 30.202115002233903], [-97.83506759810108, 30.200901193522636]]]]}, "properties": {"route_id": "PAM84", "district": "District 2", "garb_day": "Monday", "op_type": "Auto", "supervisor": "Gilbert", "super_num": 697, "centroid_lat": 30.18832740149812, "centroid_lng": -97.84671813763079}}, {"type": "Feature", "geometry": {"type": "MultiPolygon", "coordinates": [[[[-97.81630737154477, 30.185901090380085], [-97.81636795063699, 30.18588697152162], [-97.81865617286321, 30.184935521743867], [-97.81950822103806, 30.183591704339428], [-97.82235848424739, 30.184830726690432], [-97.82062917316756, 30.187616489349285], [-97.82271054069253, 30.188586256614414], [-97.82288440687275, 30.189027351032465], [-97.82260214579927, 30.18920378803108], [-97.82204313047635, 30.190488000565708], [-97.82226410512577, 30.191123765397943], [-97.82202965855858, 30.19114016736895], [-97.82214901166141, 30.19130902019094], [-97.8215343004952, 30.192398479872406], [-97.82126205116342, 30.192450244886246], [-97.82058183385898, 30.192583616983338], [-97.8192638957613, 30.194459895326936], [-97.81931123455732, 30.194701505127725], [-97.81930213130384, 30.195028301128037], [-97.81879631596753, 30.195759729436276], [-97.81855123690379, 30.195828666935366], [-97.81865407805014, 30.195984567615326], [-97.8187215650889, 30.196337898824], [-97.81772772421868, 30.197928328226872], [-97.8177701545936, 30.198302656687083], [-97.8178537932248, 30.198374201065356], [-97.81777298010043, 30.19845180794025], [-97.81762854053686, 30.198684816108404], [-97.81729397016375, 30.198524045306602], [-97.81660529862495, 30.198113298619518], [-97.81606288492445, 30.19814812559832], [-97.81594921631981, 30.198242492319128], [-97.81593606412254, 30.1980857546832], [-97.81545921756626, 30.197860558628875], [-97.81512788971409, 30.198316514191763], [-97.81443582847376, 30.197939475992968], [-97.81404136578116, 30.198060051139265], [-97.8138666133893, 30.197747703757305], [-97.81266972587443, 30.197292375076387], [-97.81185517858584, 30.197202126106966], [-97.81081777215715, 30.197264489583418], [-97.80977516601997, 30.19728258368909], [-97.80921412273156, 30.19706601605747], [-97.81019898765936, 30.195546010274832], [-97.81119786702388, 30.193938342161672], [-97.81253282158758, 30.19184556793316], [-97.81452825762595, 30.18871209951533], [-97.81597430349062, 30.1864231826914], [-97.81630737154477, 30.185901090380085]]]]}, "properties": {"route_id": "PAM82", "district": "District 4", "garb_day": "Monday", "op_type": "Auto", "supervisor": "Gilbert", "super_num": 697, "centroid_lat": 30.19172535177437, "centroid_lng": -97.81679718019564}}, {"type": "Feature", "geometry": {"type": "MultiPolygon", "coordinates": [[[[-97.83038575855758, 30.190014378550835], [-97.83007618030548, 30.19011499147618], [-97.8300477988475, 30.190124911316204], [-97.82996681562095, 30.19014245614559], [-97.82927794529459, 30.190572901247116], [-97.829193605519, 30.190750707224556], [-97.82831732230716, 30.192150889862646], [-97.82784088112348, 30.19292836424317], [-97.82843801821878, 30.193216985706897], [-97.8285754126044, 30.19342976420876], [-97.8288448555452, 30.193425485465095], [-97.83048919842483, 30.194240704320897], [-97.83068587513695, 30.19443616912503], [-97.83090999999405, 30.19467999999504], [-97.83070256512765, 30.194947658349818], [-97.83053000001087, 30.195160000007903], [-97.83039000000653, 30.195320000004436], [-97.83021000000464, 30.195470000003198], [-97.82973000000298, 30.195770000001662], [-97.82969934629774, 30.19577766344634], [-97.8296029676664, 30.195839057542635], [-97.82926442950064, 30.196115981863336], [-97.82895983900126, 30.196462193902004], [-97.82887918329529, 30.196419067655274], [-97.8276433900359, 30.196207629376346], [-97.82537831254999, 30.196928508491226], [-97.82438373544659, 30.19847773755773], [-97.82432274578542, 30.198867016346526], [-97.82402244370414, 30.199046381129122], [-97.82391518990131, 30.199088983726988], [-97.82391045169032, 30.19914756557878], [-97.8230188623611, 30.199210960617062], [-97.82218326540361, 30.19928729637052], [-97.82138794925568, 30.199508648950903], [-97.82065417350641, 30.199891904571857], [-97.82060269603166, 30.19983607689037], [-97.81982140484804, 30.199820742448473], [-97.81970270917996, 30.199298928363355], [-97.81915777064087, 30.19941963777177], [-97.81762854053675, 30.198684816108404], [-97.81777298010027, 30.198451807940287], [-97.81785379322469, 30.198374201065366], [-97.8177701545935, 30.198302656687147], [-97.81772772421867, 30.19792832822691], [-97.81872156508892, 30.196337898824], [-97.81865407805007, 30.19598456761538], [-97.81855123690376, 30.195828666935405], [-97.81879631596753, 30.19575972943629], [-97.8193021313038, 30.19502830112801], [-97.81931123455726, 30.1947015051278], [-97.81926389576125, 30.194459895326997], [-97.82058183385904, 30.192583616983363], [-97.82126205116329, 30.192450244886246], [-97.82153430049523, 30.19239847987247], [-97.82214901166135, 30.191309020190953], [-97.82202965855844, 30.191140167369003], [-97.82226410512574, 30.191123765397958], [-97.82204313047639, 30.190488000565733], [-97.82260214579924, 30.189203788031133], [-97.82288440687279, 30.189027351032465], [-97.82271054069248, 30.18858625661444], [-97.82062917316745, 30.187616489349296], [-97.82235848424725, 30.184830726690432], [-97.8210635527057, 30.184267825857976], [-97.8224764771194, 30.1818793502062], [-97.82348947979054, 30.181770004927333], [-97.8236673861611, 30.181691109830012], [-97.82365525824949, 30.1817597740906], [-97.8236455866872, 30.181857547740773], [-97.82498129599658, 30.182496380033793], [-97.82687361108259, 30.18339297610966], [-97.8270298578754, 30.183289561433494], [-97.82706287896175, 30.183474484334845], [-97.82758153943927, 30.183737043752867], [-97.82773963345578, 30.183649770136224], [-97.82773588432595, 30.183815747436956], [-97.82851946339859, 30.184206356532734], [-97.82875093336658, 30.184159263712804], [-97.82880131068248, 30.18422154965423], [-97.82887842302745, 30.184255321551557], [-97.82935876127124, 30.184181588938692], [-97.82935760368491, 30.184183389022607], [-97.82974077176043, 30.18436004541003], [-97.82983940305672, 30.18492066854292], [-97.8284554824368, 30.187122107748706], [-97.828617985545, 30.18733386207504], [-97.8287000564886, 30.18741545985625], [-97.82877251046543, 30.18766110840561], [-97.82880224668656, 30.188541747090973], [-97.82887019298555, 30.18869027838673], [-97.82874930931749, 30.188893591730118], [-97.82974849733306, 30.18941400471207], [-97.83007521215306, 30.189927684708625], [-97.83043000000461, 30.190000000003312], [-97.83038575855758, 30.190014378550835]]]]}, "properties": {"route_id": "PAM83", "district": "District 4", "garb_day": "Monday", "op_type": "Auto", "supervisor": "Gilbert", "super_num": 697, "centroid_lat": 30.19127576325221, "centroid_lng": -97.82446740007227}}, {"type": "Feature", "geometry": {"type": "MultiPolygon", "coordinates": [[[[-97.83043000000461, 30.190000000003312], [-97.83007521215306, 30.189927684708625], [-97.82974849733306, 30.18941400471207], [-97.82874930931749, 30.188893591730118], [-97.82887019298555, 30.18869027838673], [-97.82880224668656, 30.188541747090973], [-97.82877251046543, 30.18766110840561], [-97.8287000564886, 30.18741545985625], [-97.828617985545, 30.18733386207504], [-97.8284554824368, 30.187122107748706], [-97.82983940305672, 30.18492066854292], [-97.82974077176043, 30.18436004541003], [-97.82935760368491, 30.184183389022607], [-97.8306083650848, 30.182238369925024], [-97.83109978301823, 30.18223816137239], [-97.8310255366643, 30.182160647690086], [-97.8308029513256, 30.18185582068781], [-97.83122620795066, 30.181189746106337], [-97.83091458174151, 30.18065779357462], [-97.8311936974378, 30.180254750195477], [-97.83158801548734, 30.18005565399487], [-97.83216295217508, 30.1803229294935], [-97.83266067720841, 30.180185140806998], [-97.83291156947135, 30.179699978819137], [-97.83292112973413, 30.178409437394397], [-97.8329530827124, 30.17717455181768], [-97.83398601327491, 30.176611479672594], [-97.83399220586813, 30.17655584399952], [-97.83522356218398, 30.176608313386225], [-97.83563396443179, 30.17673287349657], [-97.83680680256063, 30.177202534185316], [-97.83749203165237, 30.17750727556642], [-97.83869615317955, 30.178064942496718], [-97.83972251347706, 30.178580284754755], [-97.84369781879863, 30.180517023669065], [-97.84552107932512, 30.181413454173153], [-97.84549025788048, 30.181462606271428], [-97.84365025307346, 30.184253787570594], [-97.84130362511914, 30.183226373410058], [-97.83709431917087, 30.190147579975203], [-97.83666063118683, 30.190416016461782], [-97.83416803926532, 30.190202655685383], [-97.83394000000116, 30.19012000000043], [-97.83360780806208, 30.19012013362291], [-97.83258747145771, 30.189663763378704], [-97.8322353963934, 30.189665793058236], [-97.8314500000002, 30.19003999999972], [-97.83121999998852, 30.189989999990807], [-97.83086999999473, 30.189959999995548], [-97.83048780196722, 30.18999474536647], [-97.83043000000461, 30.190000000003312]]]]}, "properties": {"route_id": "PAM52", "district": "District 4", "garb_day": "Monday", "op_type": "Auto", "supervisor": "Castillo", "super_num": 500, "centroid_lat": 30.183652890747307, "centroid_lng": -97.83587096033953}}, {"type": "Feature", "geometry": {"type": "MultiPolygon", "coordinates": [[[[-97.82935876127131, 30.184181588938664], [-97.82887842302743, 30.184255321551582], [-97.82880131068252, 30.18422154965423], [-97.82875093336669, 30.18415926371278], [-97.82851946339862, 30.18420635653271], [-97.82773588432603, 30.183815747436956], [-97.82773963345589, 30.18364977013621], [-97.8275815394393, 30.183737043752867], [-97.82706287896173, 30.183474484334816], [-97.82702985787549, 30.183289561433494], [-97.82687361108269, 30.183392976109683], [-97.82498129599665, 30.18249638003373], [-97.82364558668732, 30.181857547740773], [-97.82365525824947, 30.18175977409065], [-97.82366738616118, 30.181691109830012], [-97.82348947979054, 30.181770004927348], [-97.82247647711938, 30.181879350206188], [-97.82106355270572, 30.18426782585799], [-97.81950822103806, 30.183591704339428], [-97.81865617286321, 30.184935521743867], [-97.81636795063699, 30.18588697152162], [-97.81630737154477, 30.185901090380085], [-97.8168041277251, 30.185122400888936], [-97.81810248942868, 30.183075137037775], [-97.82011775453047, 30.179882651384936], [-97.82135921385951, 30.177968728084473], [-97.8220789046315, 30.176935449885452], [-97.82259054375176, 30.176009448924773], [-97.8228749855156, 30.175561305477682], [-97.82329922879866, 30.174756988434012], [-97.82370989219108, 30.17380003469257], [-97.82372740457939, 30.173741603725908], [-97.82475235310453, 30.173734712322254], [-97.8263715071536, 30.17377059777187], [-97.82718246265482, 30.17401177847385], [-97.82810592001213, 30.174687410045443], [-97.82832223334026, 30.174868299951093], [-97.82896190368395, 30.17525717150307], [-97.82937788503084, 30.175470041517848], [-97.83187988146045, 30.176432160373064], [-97.83396172944767, 30.176554545216327], [-97.83399220586813, 30.17655584399953], [-97.83398601327487, 30.176611479672594], [-97.8329530827125, 30.17717455181765], [-97.83292112973425, 30.178409437394397], [-97.83291156947146, 30.179699978819112], [-97.83266067720852, 30.180185140806945], [-97.83216295217505, 30.18032292949345], [-97.83158801548733, 30.180055653994845], [-97.83119369743778, 30.18025475019549], [-97.83091458174154, 30.18065779357462], [-97.8312262079507, 30.1811897461063], [-97.83080295132565, 30.18185582068781], [-97.83102553666433, 30.182160647690086], [-97.83109978301823, 30.182238161372364], [-97.83060836508488, 30.182238369925024], [-97.82935876127131, 30.184181588938664]]]]}, "properties": {"route_id": "PM10", "district": "District 4", "garb_day": "Monday", "op_type": "Semi", "supervisor": "L Joyner", "super_num": 800, "centroid_lat": 30.179331660754784, "centroid_lng": -97.82586871503375}}, {"type": "Feature", "geometry": {"type": "MultiPolygon", "coordinates": [[[[-97.83926974367711, 30.156675210993292], [-97.83925500612784, 30.15545954492694], [-97.83756322273874, 30.15550670063828], [-97.83593391670242, 30.15551498568956], [-97.83425956248726, 30.15548230291013], [-97.83334748882822, 30.15477791722532], [-97.83328521768011, 30.154717259011264], [-97.8332851416789, 30.154624620492896], [-97.83328364873645, 30.153945802891204], [-97.83309354897436, 30.153947444708507], [-97.83306812842319, 30.153360742095984], [-97.83301508358936, 30.15334776488966], [-97.83303816958669, 30.15317022429933], [-97.83308215432645, 30.153141050914343], [-97.8330967069043, 30.15309966898451], [-97.83309297291382, 30.152962605587398], [-97.83308731466778, 30.152755592289584], [-97.83313472054799, 30.152754428633884], [-97.83306761592797, 30.150484232903356], [-97.83302437327852, 30.15034777279926], [-97.83300402436267, 30.149833703538512], [-97.83299261096899, 30.14954526550412], [-97.8330293303653, 30.14951754505446], [-97.83332151861211, 30.149510331676694], [-97.83332683224873, 30.14962712755511], [-97.83333854913282, 30.14964989154007], [-97.8333700244546, 30.149668359307572], [-97.83338912397078, 30.14967030999762], [-97.83345972013241, 30.149668126863705], [-97.83361225142829, 30.1496634098133], [-97.83425754127549, 30.14964345212354], [-97.83517884569414, 30.149613338236346], [-97.83578872505412, 30.1495773276755], [-97.83693049374033, 30.149481507220347], [-97.83719787814177, 30.149466780870203], [-97.83720052065355, 30.149507823655323], [-97.83756874974412, 30.149494744440418], [-97.83800378373377, 30.149488571809464], [-97.83797585950492, 30.147304793091596], [-97.83782058247397, 30.143931604005164], [-97.8391452998457, 30.14382338955109], [-97.84075628683257, 30.14372073765274], [-97.84185881538943, 30.14368476179873], [-97.84225815205191, 30.143577644179715], [-97.84254195857213, 30.143678911559373], [-97.84255313024963, 30.14410039868357], [-97.84365516953397, 30.144083546377992], [-97.84363561315598, 30.143987422816856], [-97.84506254744176, 30.144187513640574], [-97.84510875689077, 30.145816044343615], [-97.84459739204726, 30.1458249241181], [-97.84467372414151, 30.14772060259954], [-97.84245554081454, 30.14776050433158], [-97.84246894860283, 30.14907740337041], [-97.84245512159147, 30.14961397581133], [-97.84600571522313, 30.14952353070451], [-97.84699538874537, 30.14951825464682], [-97.84698614031075, 30.149877802991288], [-97.84685142055795, 30.154929353608082], [-97.846033977299, 30.155851539873243], [-97.84519614357443, 30.15633188004882], [-97.84359764402643, 30.156301186426685], [-97.84313012288332, 30.156755343533607], [-97.84313012154253, 30.157654993672093], [-97.84347632251936, 30.157843636098484], [-97.84362285394985, 30.157869553434658], [-97.8436254547926, 30.157871574008542], [-97.84267454344675, 30.157873886499907], [-97.84171263371252, 30.157887509629802], [-97.84078503498269, 30.15789370764784], [-97.83982312507474, 30.15790731658511], [-97.83981263339987, 30.15708162464317], [-97.83969937780894, 30.157053137229532], [-97.83926974367711, 30.156675210993292]]]]}, "properties": {"route_id": "PAM51", "district": "District 4", "garb_day": "Monday", "op_type": "Auto", "supervisor": "Castillo", "super_num": 500, "centroid_lat": 30.151180109965537, "centroid_lng": -97.84050039262874}}, {"type": "Feature", "geometry": {"type": "MultiPolygon", "coordinates": [[[[-97.84552107932524, 30.181413454173153], [-97.84369781879867, 30.180517023669065], [-97.83972251347714, 30.17858028475472], [-97.83869615317954, 30.178064942496665], [-97.83749203165235, 30.17750727556642], [-97.83680680256062, 30.177202534185287], [-97.83563396443182, 30.176732873496555], [-97.83522356218397, 30.17660831338615], [-97.83399220586813, 30.17655584399953], [-97.83396172944767, 30.176554545216327], [-97.83187988146045, 30.176432160373064], [-97.82937788503084, 30.175470041517848], [-97.82896190368395, 30.17525717150307], [-97.82832223334026, 30.174868299951093], [-97.82810592001213, 30.174687410045443], [-97.82718246265482, 30.17401177847385], [-97.8263715071536, 30.17377059777187], [-97.82475235310453, 30.173734712322254], [-97.82372740457939, 30.173741603725908], [-97.82401709539819, 30.172775025151367], [-97.82418762893822, 30.172285707467044], [-97.82426955577567, 30.172282234357922], [-97.82438159999911, 30.171945622336807], [-97.82427224387507, 30.172282377042514], [-97.82428180087139, 30.172282149433663], [-97.82429828246916, 30.172281756907225], [-97.82440056184583, 30.172279320969718], [-97.82455116559679, 30.17228227269415], [-97.82469564978325, 30.172273962009893], [-97.8247598810298, 30.17226964961801], [-97.82484006167476, 30.172268435322003], [-97.82492992759015, 30.17226462519048], [-97.82499088221948, 30.1722630340509], [-97.82509559998694, 30.17225944961771], [-97.82553240031109, 30.17224423523114], [-97.82627301691944, 30.172223411079816], [-97.82672876673576, 30.172211137372745], [-97.82687847403935, 30.172212626805678], [-97.82721543135729, 30.172205462714306], [-97.82721654949319, 30.172170173274214], [-97.82722145410729, 30.17205442721639], [-97.82724490456573, 30.171476155188465], [-97.82729033157408, 30.17042745841835], [-97.82754252603476, 30.170533000468104], [-97.82824221564164, 30.170491277482697], [-97.82857693661212, 30.17039383986739], [-97.82871896509351, 30.170243511383717], [-97.82930961846888, 30.169844699243853], [-97.82995160679386, 30.170055633160572], [-97.82995183606243, 30.16994414170715], [-97.83056607682042, 30.169943254144904], [-97.83056535680436, 30.170125526743725], [-97.83129848379522, 30.170118132886603], [-97.83270198534268, 30.17009880401668], [-97.83310815141168, 30.17009023639139], [-97.83370758504479, 30.170074440600363], [-97.83472037354466, 30.170047459351355], [-97.83556608217762, 30.170016787090614], [-97.83556673981082, 30.170165001530098], [-97.83571444482365, 30.173529561848994], [-97.83607467768795, 30.173800655339253], [-97.83620999841348, 30.173931048146603], [-97.83627168664538, 30.173799984112588], [-97.83652534351747, 30.173570207019505], [-97.83793484194287, 30.173527525501864], [-97.83902824425716, 30.173469775585353], [-97.840816739146, 30.17350669282575], [-97.84129041569992, 30.17392227317698], [-97.84168139819388, 30.173574116759426], [-97.84223069207384, 30.173032620873023], [-97.84973764244833, 30.17275930337676], [-97.85035770916438, 30.173153485821526], [-97.85035797075463, 30.173170759466444], [-97.85035979205901, 30.173377064245884], [-97.85581915504923, 30.173287573616218], [-97.8561509219143, 30.17343425731387], [-97.85313070448156, 30.17813922357223], [-97.85341292968786, 30.178119938813584], [-97.85332721050618, 30.178253040926595], [-97.85550846417163, 30.178542371736505], [-97.85645912421646, 30.178668459181978], [-97.85678294570417, 30.17816867677116], [-97.85921963413658, 30.178451203924713], [-97.858556749812, 30.179491786854094], [-97.85874706494745, 30.180292788862065], [-97.8581380080071, 30.180830520960956], [-97.85828860832414, 30.18125996650086], [-97.85795124655634, 30.181239755019263], [-97.85770592556395, 30.181600044192393], [-97.85782287962503, 30.18187694957832], [-97.85701993641241, 30.181979621877833], [-97.85658115233971, 30.181636359171986], [-97.85555712291759, 30.18051230256905], [-97.85465189648986, 30.179934417725374], [-97.85418129395475, 30.180129646703502], [-97.8540532716134, 30.180209912427], [-97.85368672950995, 30.180332351543434], [-97.85243629012744, 30.180249073346808], [-97.85089004642877, 30.18256711279676], [-97.85052422883682, 30.18241771795089], [-97.85012772186406, 30.182473864505514], [-97.84803546716303, 30.181455515460115], [-97.84610046623733, 30.18118787735086], [-97.84557200472752, 30.181332241424524], [-97.84552107932524, 30.181413454173153]]]]}, "properties": {"route_id": "PAM53", "district": "District 4", "garb_day": "Monday", "op_type": "Auto", "supervisor": "Castillo", "super_num": 500, "centroid_lat": 30.175945001219368, "centroid_lng": -97.84272962388295}}, {"type": "Feature", "geometry": {"type": "MultiPolygon", "coordinates": [[[[-97.82046800794703, 30.17200341101569], [-97.82049467830392, 30.172008258493456], [-97.82112435336876, 30.170071252547917], [-97.82141769738611, 30.170131921042355], [-97.82143802691085, 30.170136821831967], [-97.82365477813114, 30.16321424296488], [-97.82375337923824, 30.163118730807597], [-97.82372036774453, 30.163110291645758], [-97.82406370887728, 30.161966305225295], [-97.82591003407458, 30.156099001060614], [-97.82592471093066, 30.156052357588383], [-97.82674063653572, 30.153479228230584], [-97.82676375032419, 30.153478795980533], [-97.82836290384964, 30.147895212467038], [-97.82835875550082, 30.147870106954162], [-97.82844421823161, 30.14755796967324], [-97.83293445761531, 30.14745898773382], [-97.83298425551843, 30.149522139515387], [-97.83208676843945, 30.14954614431107], [-97.83209676980493, 30.150010180730742], [-97.83020982913987, 30.150028360953268], [-97.83022375417022, 30.15041242084118], [-97.82926926895257, 30.150444561706383], [-97.8293460031773, 30.153393438700004], [-97.83291680437127, 30.153323721205002], [-97.83301508358936, 30.15334776488966], [-97.83306812842319, 30.153360742095984], [-97.83309354897436, 30.153947444708507], [-97.83328364873645, 30.153945802891204], [-97.8332851416789, 30.154624620492896], [-97.83328521768011, 30.154717259011264], [-97.83328605919478, 30.15574265615888], [-97.83330600531541, 30.157168708709747], [-97.83329396798675, 30.15861059952478], [-97.83330746898666, 30.15886987532744], [-97.83337327694555, 30.15945064497015], [-97.83328620513758, 30.159952335007755], [-97.83315230777417, 30.160441403261544], [-97.83287226018228, 30.16085152247968], [-97.8323663998064, 30.16212783720374], [-97.83236579358113, 30.16212865825874], [-97.83236556345605, 30.16212850114406], [-97.832353682055, 30.162145063122463], [-97.83216001443343, 30.1624150235107], [-97.83082476067102, 30.16422693380331], [-97.83023433266352, 30.164750082685767], [-97.83022912286502, 30.164752662172994], [-97.82971995490546, 30.16500476088927], [-97.82926036851538, 30.165232307967177], [-97.82795273024509, 30.16597534243505], [-97.82741249120424, 30.16641591527909], [-97.82711509661742, 30.166760985834152], [-97.82717015825737, 30.166862319101135], [-97.82606842757342, 30.168561791114115], [-97.82484403757356, 30.170910510272357], [-97.82483728372375, 30.170911475843926], [-97.82472076305423, 30.17092813429107], [-97.8247201958796, 30.17092981409521], [-97.8246863667333, 30.17103000597029], [-97.82449193501867, 30.171605850727584], [-97.82438159999903, 30.171945622336807], [-97.82426955577552, 30.172282234357947], [-97.82418762893829, 30.172285707467083], [-97.82401709539815, 30.172775025151406], [-97.8237293966167, 30.173734956800654], [-97.82372837076387, 30.173736214888766], [-97.81916075788727, 30.17380975845437], [-97.81917074296643, 30.17374614170629], [-97.82046800794703, 30.17200341101569]]]]}, "properties": {"route_id": "PM11", "district": "District 4", "garb_day": "Monday", "op_type": "Semi", "supervisor": "L Joyner", "super_num": 800, "centroid_lat": 30.16067603504723, "centroid_lng": -97.82760367907282}}, {"type": "Feature", "geometry": {"type": "MultiPolygon", "coordinates": [[[[-97.72658199363534, 30.162082095737908], [-97.72807003374086, 30.159698671182653], [-97.72861195275576, 30.158874765918476], [-97.72864416260548, 30.158823028562573], [-97.72867292485961, 30.158776828792096], [-97.72870511068363, 30.158696492161553], [-97.73019760514758, 30.156311039164077], [-97.73067773596209, 30.155540830174534], [-97.73480879202222, 30.157481662526596], [-97.73599738501015, 30.15807155575308], [-97.73631958409172, 30.158271173315107], [-97.73644452678076, 30.159728168495903], [-97.7369295156292, 30.160180879092024], [-97.73695404674869, 30.160186569864784], [-97.73742538107496, 30.159774735399882], [-97.73992074980539, 30.160859895277245], [-97.74051824751656, 30.160634716992423], [-97.74096248641929, 30.15988252625871], [-97.74155232094412, 30.15888174759795], [-97.74174258963448, 30.158562611603028], [-97.74190414919015, 30.158331285175617], [-97.74198212328021, 30.158082773834202], [-97.74201654521936, 30.157845631104422], [-97.74200355129393, 30.157595387480008], [-97.74219575672839, 30.157594608104738], [-97.74258481449563, 30.15761044762704], [-97.74314353318117, 30.157621756147094], [-97.7436829739219, 30.157668509558913], [-97.74442231573958, 30.157268393556027], [-97.74599413578227, 30.156541157002415], [-97.74682250097992, 30.15523209878707], [-97.7495061435392, 30.15528630610571], [-97.7549873072881, 30.146128429854983], [-97.76133830240083, 30.14919885954254], [-97.7635878840257, 30.1502864155337], [-97.76636422975268, 30.14613967500872], [-97.76727974699675, 30.14792097733227], [-97.76721135791024, 30.148351402973937], [-97.76579271504485, 30.150440652690815], [-97.76570531633509, 30.150752461537518], [-97.76556250850415, 30.15067808781751], [-97.76476850187552, 30.151987301839757], [-97.7619564418584, 30.156677802526204], [-97.76194835431019, 30.1567597695714], [-97.7619434403107, 30.15680957316633], [-97.76210340018606, 30.15669907657583], [-97.76242341363579, 30.156740386493286], [-97.76444810107107, 30.15758331023193], [-97.7620948379121, 30.161547403521087], [-97.76154638005299, 30.162547942138236], [-97.76072094293721, 30.164098583578976], [-97.76070781456676, 30.164123245699567], [-97.7508934910494, 30.16536697224019], [-97.74730143365, 30.166837979517414], [-97.74421813437161, 30.16920671087856], [-97.74251669994483, 30.171304369993607], [-97.7411830323119, 30.172869901992726], [-97.74104834173029, 30.172730869851236], [-97.7392916465173, 30.170765802263663], [-97.73833504217215, 30.168716885085512], [-97.73811984447909, 30.16815511674408], [-97.73773011468788, 30.167661271081812], [-97.73683866093982, 30.166556965058163], [-97.73276669816727, 30.164759203859123], [-97.72833453790207, 30.164125962886615], [-97.72702827436753, 30.163770643637786], [-97.72593740356072, 30.16311412897866], [-97.72623459404856, 30.162655679815277], [-97.72658199363534, 30.162082095737908]]]]}, "properties": {"route_id": "PM42", "district": "District 8", "garb_day": "Monday", "op_type": "Semi", "supervisor": "Klair", "super_num": 400, "centroid_lat": 30.15943711600512, "centroid_lng": -97.7483819243089}}, {"type": "Feature", "geometry": {"type": "MultiPolygon", "coordinates": [[[[-97.78186792622151, 30.171498725779756], [-97.78192502622265, 30.171496237990606], [-97.7829535525701, 30.171547570587364], [-97.7859953996754, 30.167040349455274], [-97.78603039348154, 30.166985466774637], [-97.78618332566613, 30.167018206774866], [-97.78657223084122, 30.16731063417546], [-97.78699982159553, 30.16809828916498], [-97.7850580130449, 30.17045702583685], [-97.78415421659734, 30.17268657469737], [-97.78523280855433, 30.173050458002667], [-97.7860093213168, 30.174171488033213], [-97.7876187526359, 30.1802055610013], [-97.78557745087494, 30.182495324393383], [-97.78543774834249, 30.183082881877326], [-97.78543112983719, 30.18308656641354], [-97.78424716332039, 30.183745675513524], [-97.78294717926406, 30.187722141462196], [-97.78325471599287, 30.188582241361374], [-97.78246379313313, 30.18888942945427], [-97.78051253549485, 30.188907027477573], [-97.78033797560676, 30.18895938002449], [-97.78023206033897, 30.18906063528083], [-97.78026366546256, 30.189215876561704], [-97.78038515495686, 30.18934674387439], [-97.78026803767614, 30.189680897034673], [-97.78005961483036, 30.189765495682504], [-97.77998122000395, 30.18982963753003], [-97.77997457270044, 30.189926151658014], [-97.78011727816094, 30.19014453784465], [-97.77983872327022, 30.191020116328932], [-97.77957140105974, 30.19117876044534], [-97.77974870650033, 30.19139854339443], [-97.77946991241807, 30.192341311487684], [-97.77919314320003, 30.192887145087347], [-97.77892098156119, 30.1929600998117], [-97.77889843213609, 30.193009467131688], [-97.77889166023577, 30.193007040495164], [-97.77888181949774, 30.19303072836523], [-97.77870050607653, 30.192951643098176], [-97.77749698339517, 30.192677196984974], [-97.77625223470046, 30.19232678759978], [-97.77534016605136, 30.191932927748194], [-97.77476888483237, 30.19173369215629], [-97.77350809404916, 30.191445541857547], [-97.77212130478716, 30.191017123897584], [-97.77130645843879, 30.19076291462051], [-97.77052428490235, 30.190407781193755], [-97.77043894949217, 30.190326813105212], [-97.76877442600318, 30.189394324439466], [-97.76784563689928, 30.189070342411462], [-97.76327684230326, 30.187748728633814], [-97.75990835203, 30.18682431826833], [-97.75817649070856, 30.186043022925727], [-97.75705006547176, 30.185443541257953], [-97.7565962398773, 30.185069654395523], [-97.75412759436031, 30.18354396470775], [-97.75346611691566, 30.1829029211479], [-97.75150207112236, 30.18149762129848], [-97.7503111772929, 30.18093919170832], [-97.74804369744712, 30.180113016350894], [-97.7469523528647, 30.179666839855674], [-97.7469521106663, 30.17966820072159], [-97.74691364764985, 30.179654174284117], [-97.74690958589547, 30.17964538198097], [-97.7469478915379, 30.179470831269782], [-97.74707015501302, 30.178991162243832], [-97.74733139282962, 30.178283417876322], [-97.74757627950238, 30.17789450465577], [-97.7478177146605, 30.17763454420573], [-97.74825979732604, 30.17725130991427], [-97.74943369909136, 30.176098524559364], [-97.74949160585062, 30.17612515866556], [-97.74963663837859, 30.17610965715261], [-97.75087029533596, 30.17597814173201], [-97.75171405795615, 30.174717820722613], [-97.75417058758038, 30.175928593555852], [-97.75417770916262, 30.17594569988564], [-97.75499750054603, 30.177914769547904], [-97.75503572423575, 30.178242358123665], [-97.75680897963187, 30.1791253203082], [-97.75719015201423, 30.1789910401193], [-97.75720668527438, 30.17907776848807], [-97.75736267211461, 30.179555880493844], [-97.75671471932874, 30.180569017182723], [-97.75867283667232, 30.181552495785855], [-97.75873100702194, 30.181760359488546], [-97.7588536078727, 30.18230161734866], [-97.76038158399203, 30.183027854695474], [-97.76102925961891, 30.182982605823867], [-97.76106572916275, 30.183420407077683], [-97.76261877572604, 30.184052346888784], [-97.76392630247427, 30.184078595672343], [-97.76516767867858, 30.183965115032084], [-97.76526401481833, 30.18390026287654], [-97.76523166674019, 30.18400492832642], [-97.7653624163271, 30.184607932128216], [-97.767196434881, 30.18531539465861], [-97.76854046696187, 30.18492209267545], [-97.76862299126539, 30.18466652613231], [-97.76892523861505, 30.183655665824855], [-97.76907911640367, 30.18330581883338], [-97.7693417113771, 30.182491565293542], [-97.76955676486395, 30.181652431245123], [-97.76967591864583, 30.181086541839882], [-97.76978776892668, 30.180520132126016], [-97.7698514036553, 30.17972731603964], [-97.76983473228832, 30.17945316927606], [-97.76980715350854, 30.17871512522392], [-97.76968287046408, 30.178725304836373], [-97.7696704679298, 30.178584949317298], [-97.76964829063472, 30.178333973191926], [-97.76970820773438, 30.178335173107566], [-97.76964746745954, 30.17780008378849], [-97.76958810881251, 30.17721293636364], [-97.76964802579596, 30.1772141363189], [-97.76964029716072, 30.1769405341126], [-97.76960537285875, 30.17656221708998], [-97.7695609940752, 30.175975370211354], [-97.76951627054812, 30.175401537579656], [-97.76929421863976, 30.174733004007138], [-97.76899865724675, 30.174010911893674], [-97.7687230710192, 30.173381050646597], [-97.7686595461153, 30.17323586212909], [-97.76859674227822, 30.17277885791166], [-97.76850338526478, 30.171214432458097], [-97.7685140980119, 30.17111761040186], [-97.77076244516111, 30.17119616494432], [-97.77775543882913, 30.17133290106318], [-97.77954752293331, 30.174888274852158], [-97.77955113124587, 30.174896432220883], [-97.7798990699665, 30.174385064881093], [-97.78036906408266, 30.173613163383585], [-97.7807858642742, 30.17315270951524], [-97.78186406699542, 30.171504625794057], [-97.78186792622151, 30.171498725779756]], [[-97.77004279177287, 30.178657966513548], [-97.7700470832275, 30.17867997838467], [-97.77336904614123, 30.178187070872962], [-97.77336096232384, 30.17792648343618], [-97.77322802072815, 30.177924124688765], [-97.77317483990238, 30.17557749182296], [-97.77450837408996, 30.175372524488353], [-97.7744221849437, 30.174827176737377], [-97.77415465804532, 30.17462094685706], [-97.77369501573146, 30.174436452467454], [-97.77326077601532, 30.17442587121756], [-97.77282513853048, 30.174511080615133], [-97.77273934183184, 30.17447575540674], [-97.7699948663674, 30.174907961980956], [-97.76973583785163, 30.174227795561052], [-97.76932228713599, 30.17428937028307], [-97.7697086880621, 30.175409004465543], [-97.77004279177287, 30.178657966513548]], [[-97.77658890706337, 30.177392775677184], [-97.7762699334685, 30.178482079122908], [-97.77639199371359, 30.178630462992984], [-97.7768039787816, 30.178646353059644], [-97.7769356953395, 30.178766174961613], [-97.777966127947, 30.177170740471485], [-97.77658890706337, 30.177392775677184]]]]}, "properties": {"route_id": "PM30", "district": "District 8", "garb_day": "Monday", "op_type": "Semi", "supervisor": "Williams", "super_num": null, "centroid_lat": 30.181381911266566, "centroid_lng": -97.77238759220948}}, {"type": "Feature", "geometry": {"type": "MultiPolygon", "coordinates": [[[[-97.76872401012176, 30.215158173959793], [-97.76883518102142, 30.21521633853238], [-97.7757193328163, 30.215361494599335], [-97.77675817589082, 30.21481141858099], [-97.77952643727224, 30.21482547483132], [-97.78023961893255, 30.21442068405491], [-97.78024084063021, 30.214539191805855], [-97.78039844377372, 30.214886711217698], [-97.78146173832043, 30.215382404200753], [-97.78214527103724, 30.216054657975032], [-97.78275123496311, 30.216576639043105], [-97.78334692321972, 30.21660588364459], [-97.78400428408195, 30.21679044337106], [-97.78441554512271, 30.217316745126727], [-97.78494545153899, 30.217841182527824], [-97.78493881050262, 30.21784225826644], [-97.78501760981636, 30.218319214836416], [-97.7847820401365, 30.218540961450504], [-97.78483261444966, 30.219188259402795], [-97.7849864908017, 30.220020300450848], [-97.78475041486071, 30.22004396712426], [-97.78477088560486, 30.221921755082107], [-97.7846387962896, 30.222283961651264], [-97.78442007623657, 30.22268550578884], [-97.78459045420682, 30.222840406453805], [-97.78427957368841, 30.222935630536472], [-97.78395463340559, 30.22344639192986], [-97.78352133851007, 30.22392177887452], [-97.78353946089297, 30.22402044463695], [-97.78362051617997, 30.224089672475937], [-97.7836106962478, 30.224216180701642], [-97.78348620467789, 30.22606970385004], [-97.78273441568037, 30.227151463080055], [-97.78175573144199, 30.22728734460506], [-97.78140293810347, 30.22740073550154], [-97.78113612163723, 30.22788363707634], [-97.7805707710323, 30.22784504679918], [-97.77777624586912, 30.22768720384234], [-97.77429843320301, 30.22757691830383], [-97.77204293934633, 30.22749098758663], [-97.77068879983078, 30.227116710227605], [-97.76941223241386, 30.2264784725564], [-97.76848663917742, 30.225908519819672], [-97.76552948117867, 30.22390908216761], [-97.76395249566124, 30.222887641347395], [-97.76495562570092, 30.221156122913253], [-97.76702336757134, 30.217854441659433], [-97.76869509461855, 30.21520246537445], [-97.76872401012176, 30.215158173959793]]]]}, "properties": {"route_id": "PAT52", "district": "District 7", "garb_day": "Tuesday", "op_type": "Auto", "supervisor": "Castillo", "super_num": 500, "centroid_lat": 30.221285953969023, "centroid_lng": -97.77531986829509}}, {"type": "Feature", "geometry": {"type": "MultiPolygon", "coordinates": [[[[-97.76133830240083, 30.14919885954254], [-97.7549873072881, 30.146128429854983], [-97.7495061435392, 30.15528630610571], [-97.74682250097992, 30.15523209878707], [-97.74599413578227, 30.156541157002415], [-97.74442231573958, 30.157268393556027], [-97.7436829739219, 30.157668509558913], [-97.74314353318117, 30.157621756147094], [-97.74258481449563, 30.15761044762704], [-97.74219575672839, 30.157594608104738], [-97.74200355129393, 30.157595387480008], [-97.74201654521936, 30.157845631104422], [-97.74198212328021, 30.158082773834202], [-97.74190414919015, 30.158331285175617], [-97.74174258963448, 30.158562611603028], [-97.74155232094412, 30.15888174759795], [-97.74096248641929, 30.15988252625871], [-97.74051824751656, 30.160634716992423], [-97.73992074980539, 30.160859895277245], [-97.73742538107496, 30.159774735399882], [-97.73695404674869, 30.160186569864784], [-97.73692951562938, 30.160180879092024], [-97.73644452678076, 30.159728168495903], [-97.73631958409172, 30.158271173315107], [-97.73599738501015, 30.15807155575308], [-97.7359449030603, 30.15740325984061], [-97.735921994262, 30.15711815883601], [-97.73589614772932, 30.156779865377434], [-97.73586968974773, 30.156464330894472], [-97.73585438981324, 30.15622113095602], [-97.73583217639909, 30.156072669002143], [-97.73583178759083, 30.15592464981873], [-97.7358059032192, 30.155741985664264], [-97.73577796288984, 30.155544816429998], [-97.73570124066183, 30.155367238326793], [-97.73567024428152, 30.155284099628023], [-97.73563821366164, 30.155239444397697], [-97.73556345105042, 30.155136164599707], [-97.73549207275575, 30.15502470299776], [-97.73540739981584, 30.154907470345293], [-97.73526894655534, 30.154701136189846], [-97.73519240298604, 30.154575817289015], [-97.73516605600476, 30.154525776677737], [-97.73516447688661, 30.15432484373895], [-97.73515559975793, 30.154187681715637], [-97.73515689451695, 30.154185030871155], [-97.73676498235179, 30.15151267514014], [-97.73675905871362, 30.151509937083983], [-97.73650078943623, 30.148520063609233], [-97.73530802251592, 30.14790733518049], [-97.73778060948678, 30.144090098053024], [-97.74288553155903, 30.14671575852944], [-97.74718462778813, 30.148736410738394], [-97.74962318279, 30.14979455336216], [-97.75091184370648, 30.147741664795667], [-97.74751953593398, 30.146194833729712], [-97.74780321851597, 30.14552943562433], [-97.74862275902777, 30.14422658543797], [-97.75017366853754, 30.144964152041904], [-97.75628290723253, 30.13521640478147], [-97.75670659391042, 30.134397069566354], [-97.75769225544218, 30.135298981311347], [-97.75898572837451, 30.13662120794514], [-97.75938344679275, 30.137113811469387], [-97.76246866886814, 30.140934874442543], [-97.76256154169336, 30.140833601755304], [-97.76459846601267, 30.14332701499327], [-97.76339365986735, 30.14524121285878], [-97.76379485026722, 30.14544729129103], [-97.76133830240083, 30.14919885954254]]]]}, "properties": {"route_id": "PAM74", "district": "District 8", "garb_day": "Monday", "op_type": "Auto", "supervisor": "Carnline", "super_num": 596, "centroid_lat": 30.148324743731237, "centroid_lng": -97.74868182364057}}, {"type": "Feature", "geometry": {"type": "MultiPolygon", "coordinates": [[[[-97.75417770954198, 30.175945699491137], [-97.75666383743322, 30.175094574492302], [-97.7593301412489, 30.175587464448157], [-97.7623439444345, 30.176321543863757], [-97.762762504528, 30.17573507288971], [-97.76276925893036, 30.175602930735735], [-97.76291174795386, 30.175460067492317], [-97.76289901217842, 30.175072881015094], [-97.76270947977254, 30.174879496313597], [-97.76288829786633, 30.17480786703841], [-97.76337598182977, 30.17250154920967], [-97.76355371547048, 30.172161019599624], [-97.76400611634975, 30.168322725692416], [-97.7640104563945, 30.168212715659276], [-97.76448661775403, 30.1684124333321], [-97.76494643466978, 30.16859093740847], [-97.76515266645349, 30.168725288325973], [-97.76568460949115, 30.169009407174666], [-97.76599430599849, 30.169197917288418], [-97.76634859203472, 30.169400342140854], [-97.76701327115603, 30.16976524494493], [-97.76730834014565, 30.16994043723323], [-97.76808059387952, 30.170348014686322], [-97.76818030259838, 30.170400638026454], [-97.76848297462487, 30.17028951146218], [-97.76864139078434, 30.169967153295577], [-97.76851409834815, 30.17111761047275], [-97.76850338535776, 30.171214432232443], [-97.768596742579, 30.17277885809822], [-97.76865954653108, 30.173235861751493], [-97.76872307124526, 30.17338105071046], [-97.76899865759165, 30.174010911902784], [-97.76929421879717, 30.174733003625878], [-97.76951627079336, 30.175401537214135], [-97.76956099424261, 30.175975369971503], [-97.76960537294441, 30.176562217127344], [-97.7696402973826, 30.17694053418695], [-97.76964802581077, 30.17721413621712], [-97.76958810890183, 30.177212936263356], [-97.76964746765475, 30.177800083465627], [-97.76970820821366, 30.178335173134002], [-97.769648290609, 30.17833397320825], [-97.76967046802045, 30.178584948904742], [-97.76968287057963, 30.178725304705793], [-97.76980715338871, 30.17871512507974], [-97.76983473219912, 30.179453169087058], [-97.76985140371136, 30.17972731608586], [-97.76978776893193, 30.180520132099975], [-97.76967591860445, 30.18108654170715], [-97.76955676516508, 30.18165243115201], [-97.76934171145987, 30.182491564961975], [-97.76907911653288, 30.18330581891223], [-97.76892523862551, 30.183655665851035], [-97.76862299115447, 30.184666525914356], [-97.76854046710496, 30.18492209230073], [-97.76719643519324, 30.185315394541743], [-97.76536241636096, 30.18460793214407], [-97.76523166666767, 30.184004927955794], [-97.76526401483797, 30.183900262713735], [-97.76516767869701, 30.18396511478773], [-97.76392630255496, 30.184078595668428], [-97.76261877612676, 30.184052346891317], [-97.7610657292072, 30.183420407320856], [-97.7610292595028, 30.18298260556699], [-97.76038158412872, 30.183027854590595], [-97.75885360814068, 30.182301617003354], [-97.75873100720796, 30.181760359405345], [-97.75867283671977, 30.181552495640847], [-97.75671471929522, 30.180569017057636], [-97.75736267226458, 30.17955588019884], [-97.75720668548023, 30.17907776813203], [-97.75719015236933, 30.178991039742925], [-97.75680897990745, 30.179125320182514], [-97.75503572472118, 30.178242357942626], [-97.75499750041041, 30.177914769179583], [-97.75417770954198, 30.175945699491137]]]]}, "properties": {"route_id": "PM40", "district": "District 8", "garb_day": "Monday", "op_type": "Semi", "supervisor": "Klair", "super_num": 400, "centroid_lat": 30.177866593644964, "centroid_lng": -97.76388609150575}}, {"type": "Feature", "geometry": {"type": "MultiPolygon", "coordinates": [[[[-97.7854311298372, 30.183086566413515], [-97.78543774834253, 30.183082881877326], [-97.785577450875, 30.182495324393383], [-97.78761875263594, 30.1802055610013], [-97.78600932131684, 30.174171488033213], [-97.78523280855443, 30.173050458002667], [-97.78415421659743, 30.172686574697305], [-97.78505801304505, 30.17045702583686], [-97.78699982159557, 30.16809828916498], [-97.78657223084122, 30.16731063417546], [-97.78618332566613, 30.167018206774866], [-97.78603039355275, 30.166985466746596], [-97.78721900773132, 30.16512126011505], [-97.78824436065764, 30.163007952047355], [-97.7887621118006, 30.162142148008005], [-97.78878443387711, 30.16207316008786], [-97.78907751328329, 30.162167800278535], [-97.7898750274458, 30.161943228028917], [-97.7924883381711, 30.16319636468558], [-97.79184636715829, 30.16658139204976], [-97.79097826137512, 30.167080917457422], [-97.79095375426387, 30.167164434823963], [-97.79188875544463, 30.167241159289393], [-97.79252474891733, 30.167376560462294], [-97.79368877753939, 30.16779383362984], [-97.79428337085356, 30.16808995055507], [-97.79592074871866, 30.169479945679317], [-97.79822435676468, 30.171352605917864], [-97.7991530007456, 30.172131427641222], [-97.79955352577801, 30.172455252186698], [-97.79954864681402, 30.172458920535465], [-97.79913049586527, 30.17277331410587], [-97.79896347243748, 30.173055323914443], [-97.79888959052263, 30.173263886357724], [-97.7988872014061, 30.173354981796034], [-97.7988807489593, 30.173774903483928], [-97.79889304768895, 30.17408926720176], [-97.79894999969217, 30.174579999976043], [-97.79889999973152, 30.174849999914237], [-97.79874999960234, 30.17513000004636], [-97.79779002950332, 30.176619953748144], [-97.79779286265753, 30.176621346400193], [-97.79641999989443, 30.178910000019627], [-97.7960800002472, 30.17934000022099], [-97.79478078508636, 30.18117040471645], [-97.79469073254026, 30.181284270431362], [-97.79389695651786, 30.18231326293221], [-97.79352027214902, 30.182799535226582], [-97.79351941078498, 30.182799865785526], [-97.79351999985509, 30.182800000181146], [-97.79268003751127, 30.18388224528453], [-97.79129000003255, 30.18583999989412], [-97.79076999953509, 30.186460000369966], [-97.79065999989544, 30.186770000223103], [-97.79064999964363, 30.187240000051137], [-97.79051050720753, 30.18998940696454], [-97.79021292161569, 30.189750722117672], [-97.79022496979505, 30.188115817350514], [-97.78999669150883, 30.187600627392964], [-97.78927269414577, 30.18685652125312], [-97.78910299640044, 30.185979875814468], [-97.78918343955127, 30.18292473324578], [-97.78904517625286, 30.182879645285592], [-97.78862932905385, 30.182860076385438], [-97.78839450444298, 30.182883668369566], [-97.78823740888386, 30.18292010890499], [-97.78778562759379, 30.183029818387542], [-97.78730783683903, 30.18313900836505], [-97.78643841856106, 30.183296926460248], [-97.78626997960771, 30.183200145490936], [-97.7861385250643, 30.18329526198367], [-97.7857965792827, 30.18330305918194], [-97.78554003491136, 30.183259016773462], [-97.78545050332056, 30.18312224824589], [-97.7854311298372, 30.183086566413515]]]]}, "properties": {"route_id": "PM31", "district": "District 4", "garb_day": "Monday", "op_type": "Semi", "supervisor": "Williams", "super_num": null, "centroid_lat": 30.174311991176385, "centroid_lng": -97.79126947349305}}, {"type": "Feature", "geometry": {"type": "MultiPolygon", "coordinates": [[[[-97.78918343991462, 30.182924733251962], [-97.78910299676936, 30.185979875609014], [-97.78927269431846, 30.186856520973308], [-97.78999669124967, 30.187600627061794], [-97.79022497000454, 30.188115817133905], [-97.79021292183054, 30.189750721929524], [-97.79051050759446, 30.189989407038457], [-97.79050164493457, 30.19014149305764], [-97.7904210390409, 30.19170827373135], [-97.79044117785014, 30.192011601032338], [-97.79039215407384, 30.192592052390836], [-97.7902202266581, 30.193140747079973], [-97.78993368012394, 30.193770225502625], [-97.78958108460435, 30.194344645994782], [-97.78884635781307, 30.19554664265096], [-97.78853580261504, 30.196019291575887], [-97.78784703401928, 30.19707903230332], [-97.78783823576521, 30.197075186966444], [-97.7878171884462, 30.197049641247332], [-97.78655137091744, 30.19649099707801], [-97.78530960754212, 30.19582593512012], [-97.78436368326156, 30.19505040829284], [-97.78325335898818, 30.194522256545117], [-97.78264493516629, 30.194368256110756], [-97.7820415549714, 30.194332587501346], [-97.78135720342118, 30.194167609157752], [-97.78041681220502, 30.193699571756827], [-97.77950648281512, 30.193227397545588], [-97.77889843209502, 30.19300946714232], [-97.77892098162826, 30.19296009956348], [-97.77919314320802, 30.192887144834987], [-97.77946991244556, 30.192341311668827], [-97.77974870687189, 30.191398543481185], [-97.77957140102166, 30.191178760285638], [-97.77983872344123, 30.19102011645271], [-97.78011727799887, 30.19014453776933], [-97.7799745725138, 30.189926151712577], [-97.77998121985769, 30.189829637454903], [-97.78005961500028, 30.189765495658676], [-97.78026803778788, 30.189680896830136], [-97.78038515541718, 30.18934674356431], [-97.78026366561042, 30.18921587635494], [-97.78023206064567, 30.18906063547156], [-97.78033797554696, 30.18895938004449], [-97.78051253594205, 30.18890702736985], [-97.7824637931782, 30.18888942942292], [-97.78325471621369, 30.188582241068598], [-97.78294717928945, 30.18772214152933], [-97.78424716356955, 30.183745675122072], [-97.78543113011727, 30.183086566117506], [-97.78545050319046, 30.183122248243244], [-97.7855400349812, 30.183259016970286], [-97.78579657936912, 30.183303059344965], [-97.78613852502505, 30.183295261968137], [-97.78626997961734, 30.18320014573155], [-97.7864384190001, 30.18329692617986], [-97.78730783675618, 30.18313900836772], [-97.78778562780288, 30.18302981804254], [-97.78823740873797, 30.182920108870857], [-97.78839450441076, 30.182883668052018], [-97.78862932947085, 30.18286007606457], [-97.78904517630198, 30.182879645230887], [-97.78918343991462, 30.182924733251962]]]]}, "properties": {"route_id": "PM32", "district": "District 4", "garb_day": "Monday", "op_type": "Semi", "supervisor": "Williams", "super_num": null, "centroid_lat": 30.19013187597707, "centroid_lng": -97.78575114873787}}, {"type": "Feature", "geometry": {"type": "MultiPolygon", "coordinates": [[[[-97.78993368020932, 30.193770225711067], [-97.79003948589627, 30.193537795218205], [-97.7902202262932, 30.19314074709202], [-97.7903921536374, 30.19259205236768], [-97.79044117784144, 30.19201160094944], [-97.79042103892795, 30.19170827390562], [-97.79050164499219, 30.190141493405264], [-97.79051050720753, 30.18998940696454], [-97.79064999964363, 30.187240000051137], [-97.79065999989544, 30.186770000223103], [-97.79076999953509, 30.186460000369966], [-97.79129000003255, 30.18583999989412], [-97.79268003751127, 30.18388224528453], [-97.79377671916149, 30.18491615896854], [-97.79421205007505, 30.185286501334453], [-97.79437311560169, 30.185363865638237], [-97.79415614250138, 30.185720282226015], [-97.79410370573567, 30.185909908562593], [-97.79424592521403, 30.191963650520915], [-97.79425020840283, 30.191964654690143], [-97.794280000282, 30.19263000021017], [-97.79419999968167, 30.193590000140773], [-97.79413999995998, 30.19377000025933], [-97.79569657512579, 30.192356846421077], [-97.79760179736789, 30.192352482065978], [-97.79820543927686, 30.19247827377274], [-97.79852567322176, 30.192496596664235], [-97.79868999974684, 30.192750000000828], [-97.80050999953973, 30.19271999999945], [-97.80187999954777, 30.192700000197533], [-97.80207999999719, 30.192700000010223], [-97.80241000009462, 30.19278000002097], [-97.80260999981185, 30.192790000183805], [-97.80319000008707, 30.19277999983815], [-97.8047499998098, 30.192730000408954], [-97.80506999963406, 30.192750000218492], [-97.80526999997676, 30.192810000339552], [-97.8057247690912, 30.19254992826862], [-97.80746632781766, 30.19347665906529], [-97.81060733096238, 30.194888800214027], [-97.81019898718537, 30.195546010408492], [-97.80921258279999, 30.197068393139016], [-97.80873841186612, 30.19780019192609], [-97.80775322845459, 30.199396405382352], [-97.80739900958102, 30.20005674903696], [-97.80713022031635, 30.201573428604352], [-97.80686315857457, 30.20289000869334], [-97.80685149270877, 30.202889181087315], [-97.80621408319709, 30.20280695944908], [-97.8058918096621, 30.202771557320258], [-97.80421210061428, 30.20222533114747], [-97.80198304090081, 30.201473859908138], [-97.79872172577397, 30.200374298789367], [-97.79704969992991, 30.19975068653575], [-97.79598801030228, 30.19943924005576], [-97.794587085005, 30.199314666664236], [-97.79352461890954, 30.19924519454762], [-97.79301427827984, 30.19915762763624], [-97.79220574097927, 30.198967336511988], [-97.79111593524841, 30.198507665228767], [-97.78784703371049, 30.19707903247806], [-97.78853580274703, 30.196019291385284], [-97.78884635757704, 30.195546642841194], [-97.78958108429569, 30.194344646095733], [-97.78993368020932, 30.193770225711067]]]]}, "properties": {"route_id": "PM22", "district": "District 4", "garb_day": "Monday", "op_type": "Semi", "supervisor": "Clark", "super_num": null, "centroid_lat": 30.195446491594076, "centroid_lng": -97.79869250871036}}, {"type": "Feature", "geometry": {"type": "MultiPolygon", "coordinates": [[[[-97.81282244002522, 30.185580528218605], [-97.81274343882728, 30.185691983750285], [-97.80746632809877, 30.193476658996893], [-97.80572476907207, 30.192549928347393], [-97.80526999999998, 30.19280999999941], [-97.80507, 30.19274999999939], [-97.80474999999998, 30.1927299999994], [-97.80318999999999, 30.19277999999937], [-97.80260999999999, 30.19278999999941], [-97.80240999999998, 30.192779999999406], [-97.80207999999999, 30.192699999999395], [-97.80187999999998, 30.19269999999941], [-97.80050999999999, 30.192719999999397], [-97.79868999999998, 30.19274999999939], [-97.79852567345115, 30.192496596716435], [-97.79820543966754, 30.192478273440283], [-97.79760179742912, 30.192352482071282], [-97.795696575083, 30.192356846024715], [-97.79413999997998, 30.193770000129373], [-97.79419999968167, 30.193590000140773], [-97.794280000282, 30.19263000021017], [-97.79425020840283, 30.191964654690143], [-97.79424592521403, 30.191963650520915], [-97.79410370573567, 30.185909908562593], [-97.79415614250138, 30.185720282226015], [-97.79437311560169, 30.185363865638237], [-97.79476947902286, 30.18552163091694], [-97.79517220174846, 30.18556900821043], [-97.79603384092356, 30.185564601472848], [-97.7962751172586, 30.18554894505078], [-97.79781470470039, 30.185560491310454], [-97.798271177542, 30.185601761056194], [-97.79922385689473, 30.185756559319618], [-97.79980338224817, 30.185836046049996], [-97.80033148048038, 30.185796414499578], [-97.80050042861734, 30.185805695434613], [-97.80085926514516, 30.18576869865657], [-97.80148722773367, 30.185736645085345], [-97.80288731450335, 30.185728253618354], [-97.80436861282112, 30.18569411272521], [-97.80429840870116, 30.185614217808702], [-97.80371401800895, 30.185308450148284], [-97.80418838666816, 30.18405649942623], [-97.8040717371508, 30.183688929177354], [-97.80507367159264, 30.183376660803628], [-97.80676940531687, 30.183166628068182], [-97.8069914455351, 30.182878954366803], [-97.80714071339334, 30.182720361892848], [-97.80726654772143, 30.182609631600098], [-97.80838729848224, 30.18203821068209], [-97.80856791472135, 30.181379006411262], [-97.80906227700162, 30.17923116541246], [-97.80995819363737, 30.174593883946475], [-97.80930164468263, 30.174072280957503], [-97.80931003861411, 30.174010570481993], [-97.80932159059505, 30.17401034401725], [-97.81091344865308, 30.173986197007785], [-97.81266738261469, 30.173946440019165], [-97.81392576589738, 30.173912812457214], [-97.81438308207022, 30.173884781349535], [-97.81470222857948, 30.173905061734608], [-97.8168129019117, 30.17384117292877], [-97.81699321924634, 30.17386010938607], [-97.81699468085058, 30.17386164351863], [-97.81685395596102, 30.173982998394308], [-97.81561593546245, 30.174795264832927], [-97.81509127822387, 30.17726457222611], [-97.81509060563049, 30.17726773950998], [-97.81706129772671, 30.17946893599386], [-97.81357755115914, 30.184690331223397], [-97.81221708389593, 30.185322319522218], [-97.81206418590617, 30.18548742345705], [-97.81229190273008, 30.18550091389039], [-97.81282244002522, 30.185580528218605]]]]}, "properties": {"route_id": "PM12", "district": "District 4", "garb_day": "Monday", "op_type": "Semi", "supervisor": "L Joyner", "super_num": 800, "centroid_lat": 30.185291483123237, "centroid_lng": -97.8062596595546}}, {"type": "Feature", "geometry": {"type": "MultiPolygon", "coordinates": [[[[-97.79980338224817, 30.185836046049996], [-97.79922385689473, 30.185756559319618], [-97.798271177542, 30.185601761056194], [-97.79781470470039, 30.185560491310454], [-97.7962751172586, 30.18554894505078], [-97.79603384092356, 30.185564601472848], [-97.79517220174846, 30.18556900821043], [-97.79476947902286, 30.18552163091694], [-97.79437311560169, 30.185363865638237], [-97.79421205007505, 30.185286501334453], [-97.79377671916149, 30.18491615896854], [-97.79268003751127, 30.18388224528453], [-97.79351999985509, 30.182800000181146], [-97.79351941078498, 30.182799865785526], [-97.79352027214902, 30.182799535226582], [-97.79389695651786, 30.18231326293221], [-97.79469073254026, 30.181284270431362], [-97.79478078508636, 30.18117040471645], [-97.7960800002472, 30.17934000022099], [-97.79641999989443, 30.178910000019627], [-97.79779286265753, 30.176621346400193], [-97.79779002950332, 30.176619953748144], [-97.79874999960234, 30.17513000004636], [-97.79889999973152, 30.174849999914237], [-97.79894999969217, 30.174579999976043], [-97.79889304768895, 30.17408926720176], [-97.7988807489593, 30.173774903483928], [-97.7988872014061, 30.173354981796034], [-97.79888959052263, 30.173263886357724], [-97.79896347243748, 30.173055323914443], [-97.79913049586527, 30.17277331410587], [-97.79954864651684, 30.17245892068265], [-97.79955117268331, 30.172458990493663], [-97.80038990221303, 30.173268175515986], [-97.80106385765144, 30.173553673080594], [-97.80178512570455, 30.17392127493417], [-97.80252812668886, 30.17408875986558], [-97.80371541545466, 30.174078803967152], [-97.8041296241261, 30.174064627023693], [-97.80461671091169, 30.174077512353552], [-97.80587750017715, 30.174065401241016], [-97.80745352641333, 30.174030527539763], [-97.80748648520027, 30.17404457661145], [-97.80748658290501, 30.174046330535695], [-97.80931003861411, 30.174010570481993], [-97.80930164468263, 30.174072280957503], [-97.80995819363737, 30.174593883946475], [-97.80945251181319, 30.177211357323444], [-97.80906227700162, 30.17923116541246], [-97.80856791472135, 30.181379006411262], [-97.80838729848224, 30.18203821068209], [-97.80726654772143, 30.182609631600098], [-97.80714071339334, 30.182720361892848], [-97.8069914455351, 30.182878954366803], [-97.80676940531687, 30.183166628068182], [-97.80507367159264, 30.183376660803628], [-97.8040717371508, 30.183688929177354], [-97.80418838666816, 30.18405649942623], [-97.80371401800895, 30.185308450148284], [-97.80429840870116, 30.185614217808702], [-97.80436861282112, 30.18569411272521], [-97.80288731450335, 30.185728253618354], [-97.80148722773367, 30.185736645085345], [-97.80085926514516, 30.18576869865657], [-97.80050042861734, 30.185805695434613], [-97.80033148048038, 30.185796414499578], [-97.79980338224817, 30.185836046049996]]]]}, "properties": {"route_id": "PM21", "district": "District 4", "garb_day": "Monday", "op_type": "Semi", "supervisor": "Clark", "super_num": null, "centroid_lat": 30.179771206891733, "centroid_lng": -97.80189688110381}}, {"type": "Feature", "geometry": {"type": "MultiPolygon", "coordinates": [[[[-97.89435213311222, 30.242399545812276], [-97.89423757796955, 30.241609624864473], [-97.89366740651377, 30.241803428029705], [-97.89160854735685, 30.24081445704604], [-97.89161987515384, 30.240400662705937], [-97.8908793613377, 30.240603204343675], [-97.88983341033067, 30.240066984873955], [-97.88976938222633, 30.23911607780408], [-97.88915685252945, 30.238664604588216], [-97.88886621114698, 30.238401719023507], [-97.88818918824913, 30.23781527658021], [-97.88705333382677, 30.237001427278248], [-97.88623857912314, 30.236193702313443], [-97.88259879033794, 30.235377976420242], [-97.8822199451064, 30.235496246389776], [-97.8818513577285, 30.235209251307726], [-97.88171533737801, 30.235739221128114], [-97.88070102972144, 30.235719803762283], [-97.87928343327565, 30.235301026619], [-97.87686856032145, 30.23419408360935], [-97.87499013764307, 30.233562447528513], [-97.8747295045936, 30.233419763796412], [-97.87468785990455, 30.233320326358267], [-97.87576829364868, 30.232807426441898], [-97.87831298647045, 30.23137823237306], [-97.88000007943349, 30.230204827238413], [-97.88131615119785, 30.229529927649022], [-97.88370566508624, 30.228914443524225], [-97.88706035965359, 30.229095242411837], [-97.89144479361298, 30.229499892581586], [-97.89142665034487, 30.22963920935912], [-97.89143933046326, 30.229835276705572], [-97.89121439071738, 30.231460223583223], [-97.89234899937202, 30.232001471960082], [-97.8929558350764, 30.232307955480003], [-97.89532138933012, 30.233420331954544], [-97.89968296549235, 30.2355536680034], [-97.90147270321253, 30.236416242919027], [-97.90196784579351, 30.23666438680553], [-97.90326247291055, 30.2372787923866], [-97.90383774970397, 30.23755653687367], [-97.904555704197, 30.237949333710258], [-97.90519424254063, 30.238284446671614], [-97.9062161967113, 30.2388093902306], [-97.90704522020721, 30.239288540218023], [-97.90684507101977, 30.239676919724133], [-97.90397878858762, 30.244169767710098], [-97.9061379727612, 30.245221768039453], [-97.90896757539807, 30.24660993493587], [-97.90891526633239, 30.246684773912076], [-97.90896888122954, 30.24671101731756], [-97.90851678416614, 30.24740102405875], [-97.90767045615833, 30.248809632697437], [-97.90701835099341, 30.249831378224368], [-97.90665946697659, 30.250384735505364], [-97.89686733349019, 30.25019887980105], [-97.89428844695243, 30.24984762463479], [-97.8925403136451, 30.247890256783347], [-97.89480743831865, 30.244021558853746], [-97.89435213311222, 30.242399545812276]]]]}, "properties": {"route_id": "PAT01", "district": "District 2", "garb_day": "Tuesday", "op_type": "Auto", "supervisor": "Herrera", "super_num": null, "centroid_lat": 30.239379671218916, "centroid_lng": -97.89447947048077}}, {"type": "Feature", "geometry": {"type": "MultiPolygon", "coordinates": [[[[-97.86995596485608, 30.25723672460679], [-97.87076489756787, 30.25708856939482], [-97.87078431336911, 30.25709021676014], [-97.87142485372021, 30.257079041645245], [-97.87664135060777, 30.256794481684633], [-97.87664006755013, 30.25669537922612], [-97.87677579465088, 30.25655569219328], [-97.88223255431487, 30.252924101937566], [-97.88506339903586, 30.252548228769626], [-97.88607332514542, 30.251637866341706], [-97.88671879957035, 30.24997989392126], [-97.88674340753336, 30.249743638331424], [-97.88669324165825, 30.2480279172257], [-97.88385377162331, 30.245982759649166], [-97.88098217438286, 30.243244435653466], [-97.87755207728235, 30.239075200916005], [-97.87341205864715, 30.23539266822193], [-97.8712809122229, 30.23406795097574], [-97.87124014864791, 30.234048054785923], [-97.87159465728837, 30.234016477326673], [-97.8721534314205, 30.2339899375206], [-97.87216477425709, 30.234014399034372], [-97.8721982383147, 30.234020192049698], [-97.87427206589123, 30.233517707061786], [-97.87468785990455, 30.233320326358267], [-97.8747295045936, 30.233419763796412], [-97.87499013764307, 30.233562447528513], [-97.87686856032145, 30.23419408360935], [-97.87928343327565, 30.235301026619], [-97.88070102972144, 30.235719803762283], [-97.88171533737801, 30.235739221128114], [-97.8818513577285, 30.235209251307726], [-97.8822199451064, 30.235496246389776], [-97.88259879033794, 30.235377976420242], [-97.88623857912314, 30.236193702313443], [-97.88705333382677, 30.237001427278248], [-97.88818918824913, 30.23781527658021], [-97.88886621114698, 30.238401719023507], [-97.88915685252945, 30.238664604588216], [-97.88976938222633, 30.23911607780408], [-97.88983341033067, 30.240066984873955], [-97.8908793613377, 30.240603204343675], [-97.89161987515384, 30.240400662705937], [-97.89160854735685, 30.24081445704604], [-97.89366740651377, 30.241803428029705], [-97.89423757796955, 30.241609624864473], [-97.89435213311222, 30.242399545812276], [-97.89480743831865, 30.244021558853746], [-97.8925403136451, 30.247890256783347], [-97.89428844695243, 30.24984762463479], [-97.89686733349019, 30.25019887980105], [-97.90665946697659, 30.250384735505364], [-97.90616727375627, 30.251143628735818], [-97.90505792571204, 30.252899270786408], [-97.90456686806954, 30.253687535647444], [-97.90434244958749, 30.254041641091025], [-97.90433370943374, 30.254055431251746], [-97.90418142583005, 30.254295713917788], [-97.90471632414854, 30.2548655252802], [-97.90521687710343, 30.25465491321691], [-97.90561876565465, 30.254519003785948], [-97.90695956824922, 30.255054217622735], [-97.90722500494614, 30.25480028689593], [-97.90772748513714, 30.25484677166632], [-97.90852255526319, 30.25491443931501], [-97.90920654063734, 30.254379289002223], [-97.91044642383032, 30.25366292321385], [-97.9112050707469, 30.253425124171383], [-97.9113795839985, 30.253640164724366], [-97.91133456974315, 30.253708961086662], [-97.91137302531682, 30.253758627648054], [-97.91117207915786, 30.254065606922662], [-97.91105655048939, 30.254235861425123], [-97.91503908784685, 30.256172232227428], [-97.91441856087637, 30.256825189784834], [-97.91438184845686, 30.256851333684427], [-97.91448524060672, 30.256899911617747], [-97.91416232484758, 30.257192681523957], [-97.91404057830529, 30.257293594363507], [-97.91399414601746, 30.25734497222036], [-97.9139395900313, 30.257404447389508], [-97.91387519042618, 30.257477487870766], [-97.91381323452303, 30.257547824897348], [-97.91374566814875, 30.2576208055147], [-97.91368687865621, 30.257691201610875], [-97.91360716124757, 30.257774954161803], [-97.91351415791165, 30.257883207435167], [-97.91347857738455, 30.257880163540573], [-97.91321977378061, 30.25818313930345], [-97.91311439597297, 30.258287033698444], [-97.91301933766147, 30.258360951840178], [-97.91286127892292, 30.258454554504006], [-97.91199045600781, 30.258824977073505], [-97.91151090854966, 30.258120678155933], [-97.91140612690074, 30.25809089857927], [-97.91026486175846, 30.25774203999918], [-97.91055795236196, 30.258245378247537], [-97.91033748893699, 30.258351218975395], [-97.90998646807375, 30.258515096094094], [-97.9096885921366, 30.2586442237273], [-97.90986900221354, 30.25896666547244], [-97.90948215356838, 30.259059314140607], [-97.90939046485897, 30.259854558144685], [-97.90897309389828, 30.25990892531664], [-97.9086713660565, 30.259928121507922], [-97.90822134727559, 30.260016338827224], [-97.90802842013058, 30.260034688982056], [-97.90747273520414, 30.260084675021908], [-97.90735411958109, 30.260097598482826], [-97.90691360653472, 30.260145593936578], [-97.90685224820395, 30.260151600002214], [-97.90688611945758, 30.260246467095566], [-97.90526688801526, 30.260407392759365], [-97.90349235651688, 30.260569034419795], [-97.90294766603678, 30.260613104713258], [-97.90282940357552, 30.260606578168627], [-97.90274648714148, 30.26059083761806], [-97.90241352447913, 30.26047069873166], [-97.90210706377238, 30.260380221872865], [-97.90141940980193, 30.26021235449718], [-97.90082135376632, 30.26012495667676], [-97.90049246733457, 30.260093404812846], [-97.90048211312975, 30.26009311438052], [-97.90043577141816, 30.260165766109385], [-97.89977302367002, 30.261132271876498], [-97.89865802329504, 30.262788747176764], [-97.89716355006367, 30.262092027130922], [-97.89599861749308, 30.2615198206677], [-97.89445346046213, 30.260761598548644], [-97.893408226118, 30.260249401280298], [-97.89317976438343, 30.260608084698234], [-97.8911397065289, 30.259573153572706], [-97.8905091050536, 30.26035645912805], [-97.88843126204128, 30.26067030467475], [-97.88838366551072, 30.260555156776594], [-97.88834594541669, 30.260293161893085], [-97.88830894757504, 30.26003393104099], [-97.8882289408362, 30.25947135028765], [-97.88822286718614, 30.259294412592542], [-97.8875326737358, 30.259256239108577], [-97.88720257527872, 30.259685531565253], [-97.88661937512322, 30.260311893856493], [-97.88542123793655, 30.261614355365815], [-97.88522072301858, 30.26149269766348], [-97.88482407860707, 30.26185310320788], [-97.8845188353247, 30.262164510656216], [-97.88367711432042, 30.26265446971429], [-97.8827600393778, 30.262182072614014], [-97.88222886193367, 30.263055610545287], [-97.88155799411643, 30.262748208654465], [-97.87585803703969, 30.260046826515637], [-97.87483547044619, 30.25966962336578], [-97.86998823475321, 30.257252121602708], [-97.86995596485608, 30.25723672460679]]]]}, "properties": {"route_id": "PAT02", "district": "District 2", "garb_day": "Tuesday", "op_type": "Auto", "supervisor": "Herrera", "super_num": null, "centroid_lat": 30.251367976622106, "centroid_lng": -97.89071087181847}}, {"type": "Feature", "geometry": {"type": "MultiPolygon", "coordinates": [[[[-97.83671053540895, 30.220266079690997], [-97.83756755846986, 30.221318840379706], [-97.83845874883504, 30.22197216939113], [-97.84032158098027, 30.223000548647498], [-97.84142759456338, 30.22327645909006], [-97.84760581502177, 30.224515813720927], [-97.84898674527729, 30.224924185721907], [-97.85065564124393, 30.22495654683677], [-97.85165569700362, 30.224797858727044], [-97.8532413251528, 30.224650503116607], [-97.85417824674388, 30.224668642309048], [-97.85532432344495, 30.225097837696712], [-97.85867703827607, 30.226867041227106], [-97.86041818497971, 30.22751119442898], [-97.86145598693099, 30.22816719043395], [-97.86371609433232, 30.229253766408746], [-97.86465985024378, 30.229923185164186], [-97.86494984169731, 30.231414381671556], [-97.86436112830306, 30.23244092554965], [-97.86430751786183, 30.232704452852396], [-97.86445953368181, 30.233175451323163], [-97.86483497337298, 30.234038934987037], [-97.86467599679494, 30.23406847152533], [-97.86436565564675, 30.23417017499935], [-97.86222946154047, 30.234842306505996], [-97.86059326631572, 30.235302451285747], [-97.85947050617146, 30.235399740326546], [-97.85610309962826, 30.23527484286609], [-97.85212801376174, 30.235337508580386], [-97.85058325568838, 30.235566841091693], [-97.84758400557348, 30.23608703278456], [-97.8450474570628, 30.2364765397549], [-97.8435062613618, 30.236566252502442], [-97.84024380790088, 30.236602513667748], [-97.83219104136279, 30.23660185581874], [-97.8304931056309, 30.23662611015558], [-97.82851123652674, 30.23654909060171], [-97.82644670599362, 30.236259883708755], [-97.82480873922408, 30.235672759330054], [-97.82646304287543, 30.23308298076269], [-97.82766771641468, 30.230828905862932], [-97.83011268579868, 30.227853691374065], [-97.83440370250952, 30.2230514266368], [-97.83581800488348, 30.22128305902079], [-97.83671053540895, 30.220266079690997]], [[-97.8548362556285, 30.225018852601444], [-97.85489792369036, 30.22504296565564], [-97.85490050648747, 30.2250386829201], [-97.8548362556285, 30.225018852601444]]]]}, "properties": {"route_id": "PAT03", "district": "District 2", "garb_day": "Tuesday", "op_type": "Auto", "supervisor": "Herrera", "super_num": null, "centroid_lat": 30.230403181183686, "centroid_lng": -97.84438526050704}}, {"type": "Feature", "geometry": {"type": "MultiPolygon", "coordinates": [[[[-97.86308856864366, 30.25657691674186], [-97.86039951305656, 30.255285359507532], [-97.8571406352263, 30.253595332169755], [-97.8582186314282, 30.251925907482036], [-97.85789946234154, 30.251756702554427], [-97.85789079992212, 30.251757945034015], [-97.85575491811264, 30.250984093712486], [-97.85440376685905, 30.25046012903845], [-97.85293201602933, 30.249854056921546], [-97.85169291894032, 30.24927304664865], [-97.85036300025513, 30.248616226416804], [-97.84953285722911, 30.24819317549832], [-97.84952944472528, 30.248191390435057], [-97.84920758056802, 30.248662862704787], [-97.84581907859258, 30.25362606522814], [-97.84148662594747, 30.251434563396366], [-97.84149205714701, 30.251036735328658], [-97.84096460868837, 30.25091616914308], [-97.83403963822327, 30.247706803624354], [-97.83268710505818, 30.246677166034488], [-97.83298852013498, 30.24515846364329], [-97.83305039262429, 30.245146985581805], [-97.83485304650098, 30.244812558154024], [-97.83485886641341, 30.243979838681938], [-97.8342833372761, 30.243736511382867], [-97.83313919269317, 30.243535350247093], [-97.83283412803098, 30.243222375657087], [-97.83211008629117, 30.243036209357122], [-97.83158806132464, 30.242700385120596], [-97.8313870887582, 30.24253671683085], [-97.83097304692572, 30.24219839102148], [-97.83077368997508, 30.24190419392086], [-97.83066635360927, 30.241745425691235], [-97.83036140169672, 30.24102062290917], [-97.83026586719103, 30.24009946458702], [-97.82866849012447, 30.240107875761577], [-97.82743256747365, 30.240016505742265], [-97.82648630297727, 30.23976069725235], [-97.82614691320464, 30.239754054941876], [-97.82508472249968, 30.239166275716407], [-97.82452737511679, 30.238673423826032], [-97.82428027093019, 30.23842938713654], [-97.8241411512534, 30.238270386818403], [-97.82394561175741, 30.238020980944103], [-97.82362056073526, 30.23766698002762], [-97.823352030186, 30.23730125202956], [-97.823818569507, 30.237035159214134], [-97.82440528387566, 30.236413614791264], [-97.82489516449137, 30.235703738914463], [-97.82644670599358, 30.23625988370879], [-97.82851123652665, 30.23654909060167], [-97.83049310563086, 30.23662611015559], [-97.83219104136282, 30.23660185581874], [-97.84024380790076, 30.236602513667787], [-97.84350626136175, 30.236566252502467], [-97.84504745706268, 30.236476539754925], [-97.8475840055734, 30.236087032784535], [-97.85058325568824, 30.23556684109173], [-97.85212801376176, 30.235337508580386], [-97.85610309962811, 30.235274842866104], [-97.85947050617143, 30.235399740326596], [-97.86059326631558, 30.235302451285776], [-97.86222946154047, 30.234842306506035], [-97.86436565564664, 30.23417017499935], [-97.86467599679484, 30.23406847152533], [-97.86483497337291, 30.234038934987037], [-97.86496068963547, 30.234328069457415], [-97.87113482171223, 30.234057436287678], [-97.87124014864791, 30.234048054785923], [-97.8712809122229, 30.23406795097574], [-97.87341205864715, 30.23539266822193], [-97.87755207728235, 30.239075200916005], [-97.88098217438286, 30.243244435653466], [-97.88385377162331, 30.245982759649166], [-97.88669324165825, 30.2480279172257], [-97.88674340753336, 30.249743638331424], [-97.88671879957035, 30.24997989392126], [-97.88607332514542, 30.251637866341706], [-97.88506339903586, 30.252548228769626], [-97.88223255431487, 30.252924101937566], [-97.87677579465088, 30.25655569219328], [-97.87664006755013, 30.25669537922612], [-97.87664135060777, 30.256794481684633], [-97.87142485372021, 30.257079041645245], [-97.87078431336911, 30.25709021676014], [-97.87076489756787, 30.25708856939482], [-97.86995596485608, 30.25723672460679], [-97.86956689484532, 30.257179518521763], [-97.86917509231071, 30.257095252962518], [-97.86885666938723, 30.257006474346202], [-97.86864282685619, 30.256938714799748], [-97.86836677644736, 30.256796684016926], [-97.86822440321527, 30.256737638520576], [-97.86796841732763, 30.256621221135074], [-97.86769941878195, 30.25648480314819], [-97.8673422056097, 30.256275882931003], [-97.86703349577915, 30.256069353813356], [-97.86678893694506, 30.25588289830368], [-97.86677944601912, 30.255876820141065], [-97.86551205284988, 30.257785820590687], [-97.86386555216077, 30.257032132917473], [-97.86308856864366, 30.25657691674186]]]]}, "properties": {"route_id": "PAT04", "district": "District 2", "garb_day": "Tuesday", "op_type": "Auto", "supervisor": "Herrera", "super_num": null, "centroid_lat": 30.24477653116387, "centroid_lng": -97.85883834231097}}, {"type": "Feature", "geometry": {"type": "MultiPolygon", "coordinates": [[[[-97.81696985486967, 30.25371032929872], [-97.80669884080936, 30.251095702519894], [-97.80589221442912, 30.252799856079992], [-97.80470588694907, 30.254452407837004], [-97.8035008946941, 30.255512189529217], [-97.8037295215331, 30.25587862470992], [-97.80391688650852, 30.25630456554359], [-97.80392702683415, 30.256675304416916], [-97.80377053840269, 30.256965198662723], [-97.80334459755831, 30.257310092442797], [-97.80303748945461, 30.25753539870398], [-97.80283366205109, 30.25781030629307], [-97.80272961838673, 30.2581204901429], [-97.80282372766267, 30.258555319704342], [-97.80303723787038, 30.258825980164982], [-97.80328615573869, 30.259026565659582], [-97.80501250179185, 30.259906232914727], [-97.80576782848506, 30.26029545512526], [-97.80573869386936, 30.26033327349929], [-97.80619008951668, 30.26117945800268], [-97.80623811781751, 30.26125905297373], [-97.80625075264167, 30.26160413918076], [-97.80616634098341, 30.26209876780239], [-97.80564736378761, 30.26239394219478], [-97.80474196654808, 30.262678562953322], [-97.80452338480315, 30.262775235237356], [-97.80441138835829, 30.262821113293466], [-97.80439506493248, 30.262940123086292], [-97.80405327330936, 30.263443130741702], [-97.80344014839919, 30.264087240811847], [-97.80244391973234, 30.264317113174897], [-97.8021539465754, 30.264469142261504], [-97.80121273000522, 30.26520219750032], [-97.79952959053549, 30.266028426789504], [-97.7976595219329, 30.26651587500171], [-97.79749473540492, 30.26767804191459], [-97.79742909701332, 30.268473118908375], [-97.79633615996069, 30.26918958870511], [-97.79529425173001, 30.268869801579363], [-97.79512381670092, 30.268613111533426], [-97.7945808780911, 30.26870290383898], [-97.79418202903832, 30.269186574087257], [-97.79347531405871, 30.269630625049004], [-97.79333498152766, 30.269583154613816], [-97.79311746366834, 30.26953415438676], [-97.79283503593068, 30.269506210461724], [-97.79149891243165, 30.26941267965758], [-97.79124103822453, 30.269429908020264], [-97.79084018620901, 30.269500159996973], [-97.79049108546191, 30.269560265433196], [-97.79033583104685, 30.269590700751444], [-97.7902621752896, 30.269455173179225], [-97.78877130318862, 30.269861288768613], [-97.78857539427763, 30.2699691191897], [-97.78850871779214, 30.27005717202619], [-97.78823591686906, 30.2701523031676], [-97.78757059350673, 30.269513447208478], [-97.78755879577788, 30.268496548600627], [-97.78744690868353, 30.26855364486941], [-97.7872366027654, 30.268512490959296], [-97.78691119026728, 30.26862275874148], [-97.78658010130255, 30.26865193264574], [-97.78624468565069, 30.268725025266182], [-97.78628406547557, 30.268515903858624], [-97.78626452388667, 30.268280900821026], [-97.78618213503088, 30.267988787179647], [-97.78604829016211, 30.26769565121279], [-97.78561356428841, 30.26758645868032], [-97.78548875500898, 30.26743873927753], [-97.78521046223342, 30.267254451086476], [-97.78498185744401, 30.267138182942762], [-97.7847517799184, 30.267077746379602], [-97.78452170268541, 30.26701730923589], [-97.78423957961853, 30.266978180415066], [-97.78394518330771, 30.266916462621825], [-97.783599626455, 30.26684255376431], [-97.78334293742624, 30.266815101400283], [-97.78289283970655, 30.266848638681683], [-97.78253829591333, 30.266866333900673], [-97.78250808871547, 30.26686940981788], [-97.7824663155821, 30.26687366403603], [-97.78213163757273, 30.266907743378244], [-97.78170329760378, 30.26702022877362], [-97.78161377046578, 30.267063152842066], [-97.78149951675614, 30.267117932304277], [-97.78090104967016, 30.267433300550856], [-97.78080623896246, 30.267485126688737], [-97.78077968542051, 30.267499641376546], [-97.78145653542873, 30.2683244687287], [-97.78082353736453, 30.269106704661485], [-97.78050631162144, 30.26951018367895], [-97.78045187353257, 30.269585807756606], [-97.78034430912723, 30.26973523310594], [-97.78002484155266, 30.270163418914454], [-97.77981957380624, 30.270406857843472], [-97.77961005629018, 30.2706612130559], [-97.77939102810197, 30.270945632093294], [-97.77912836393347, 30.271292438207787], [-97.77880334363554, 30.271720510878268], [-97.77854860939037, 30.27200696708071], [-97.77832576239595, 30.272285807496157], [-97.77807029784168, 30.272599751310153], [-97.77774606891147, 30.272997583918727], [-97.77732002077299, 30.27353090079451], [-97.77711948978556, 30.273774429713242], [-97.78682209089324, 30.282924609995767], [-97.78732137163462, 30.282636075943227], [-97.78813937862105, 30.281030531358414], [-97.78922107857895, 30.27922879548038], [-97.78960057258182, 30.279408903669108], [-97.78956418563732, 30.279464151444216], [-97.78962265456659, 30.27948863300894], [-97.79047753000663, 30.279881065967313], [-97.7909764345293, 30.280172321595163], [-97.79062004432285, 30.28075992134561], [-97.79030228148862, 30.281283827029924], [-97.7897471823863, 30.28103353227772], [-97.78963809904425, 30.281204637585734], [-97.78954096506122, 30.281373229185053], [-97.78964504562677, 30.281422050539955], [-97.78974675082348, 30.281470825164757], [-97.78978115689864, 30.281488009969493], [-97.78944546270623, 30.28211117051801], [-97.78916208162842, 30.281981779943628], [-97.7889172113827, 30.28186415530215], [-97.78885840430563, 30.28184098514302], [-97.78862128952377, 30.2822405743715], [-97.7884760768473, 30.282760252263312], [-97.78758402616337, 30.28360063641941], [-97.78824423240626, 30.28412638203893], [-97.78958604829354, 30.285395288874472], [-97.78982312081857, 30.285036759093458], [-97.7904935043007, 30.28397616644065], [-97.79240664353581, 30.284866647550707], [-97.79310744058145, 30.283833140797967], [-97.79488098161626, 30.28469645907543], [-97.79358968585277, 30.286838749396455], [-97.79788603835397, 30.28889682686194], [-97.79988094799576, 30.289886243720122], [-97.79891235240727, 30.291499087030278], [-97.79794485056556, 30.291754456222684], [-97.79754586359674, 30.291862075932965], [-97.79724385241316, 30.291927608349845], [-97.79672606902278, 30.29212363584579], [-97.7959833055455, 30.292348211066617], [-97.79568687957325, 30.292683381899884], [-97.79547966214385, 30.292910305929], [-97.79528165360354, 30.293178666918788], [-97.79521468910711, 30.29328460314976], [-97.7949949326334, 30.293596537945756], [-97.79445444530353, 30.293902119405143], [-97.79410791871707, 30.294093278045526], [-97.79376916555826, 30.294290090271115], [-97.79356483301196, 30.294407055347754], [-97.79349913002414, 30.294766045955342], [-97.79346548832385, 30.294930398343865], [-97.7934373100829, 30.2951581169714], [-97.79310856928248, 30.29527536676151], [-97.79291944968483, 30.295205610263086], [-97.79225576857318, 30.294953175473598], [-97.79210317248494, 30.294730124540877], [-97.79191327053289, 30.29459984400918], [-97.79085771147676, 30.294034345031783], [-97.79054423972313, 30.294113386147227], [-97.79027949046286, 30.294297905883695], [-97.79018973739636, 30.29460691158901], [-97.79040139646301, 30.29508416729209], [-97.79065808604018, 30.29535604134868], [-97.790754403091, 30.295429460391006], [-97.79081161653052, 30.2955736124579], [-97.79085983379747, 30.295698333304674], [-97.79078240413769, 30.295930574957953], [-97.79072615320176, 30.296080727305092], [-97.7908375179053, 30.29615444478362], [-97.79092779000305, 30.29621674249083], [-97.79103017281342, 30.29618026886545], [-97.79136518679599, 30.296035645345786], [-97.79136706916722, 30.29596417438758], [-97.79154698861092, 30.29593198842248], [-97.79170400598878, 30.295957104749586], [-97.79192118112259, 30.296195188935258], [-97.79179658523964, 30.296503504851085], [-97.79169750681105, 30.296595051495935], [-97.79127888867436, 30.296845279568522], [-97.79108404709916, 30.29699268329528], [-97.79090742378612, 30.29711019393644], [-97.79073043852046, 30.297241449264067], [-97.79060608833986, 30.29732974295093], [-97.79046315067599, 30.29749192688983], [-97.79030438323704, 30.29759328906887], [-97.79016950985753, 30.297750132061957], [-97.79031552082384, 30.29818062912387], [-97.78608281512737, 30.297002363061207], [-97.78608286047915, 30.297000644709357], [-97.78610702851948, 30.296084923286408], [-97.78514425856216, 30.293312672015727], [-97.78555921242273, 30.2923095737172], [-97.78582716363161, 30.291661823916076], [-97.78618162660756, 30.29080492407375], [-97.78605715193851, 30.288161709950202], [-97.78502679103036, 30.285500485515723], [-97.78200993267517, 30.282069302029797], [-97.77814919119818, 30.278733592311266], [-97.77382688403215, 30.275725659546108], [-97.77172006673072, 30.273810846590226], [-97.77179721899596, 30.273592511888246], [-97.7728983458484, 30.272125191116345], [-97.77424286140239, 30.27072182308343], [-97.77553687120125, 30.269763897993283], [-97.77797493808657, 30.268113899307963], [-97.78030873314707, 30.266921411153792], [-97.78268796270838, 30.265749770223437], [-97.7859530392395, 30.264594452368854], [-97.78553076886854, 30.263911596196483], [-97.78378276655125, 30.263059383384633], [-97.78515085957518, 30.260593753093204], [-97.78466529096727, 30.259133884015093], [-97.78476977851611, 30.257657316282028], [-97.7867083355565, 30.256188782655034], [-97.79184388284851, 30.25521021301446], [-97.79593554756349, 30.253106720833742], [-97.79799888118103, 30.249834642645496], [-97.79982956509686, 30.24749157653181], [-97.79985649924181, 30.247493601846426], [-97.80371039719067, 30.247783325134126], [-97.80445338637394, 30.247912346414033], [-97.80495626031865, 30.247241476766998], [-97.80667623082735, 30.245344005454996], [-97.80872087673437, 30.244121796414035], [-97.81016109818127, 30.243572674607304], [-97.81205556022009, 30.24264239595307], [-97.81393308085754, 30.24137810913649], [-97.81628470090534, 30.240186199514298], [-97.81925765278866, 30.238803737351684], [-97.82049284497322, 30.23840486885612], [-97.82200594075033, 30.237954260868133], [-97.82336111211126, 30.23731362168936], [-97.82362056073526, 30.23766698002762], [-97.82394561175741, 30.238020980944103], [-97.8241411512534, 30.238270386818403], [-97.82428027093019, 30.23842938713654], [-97.82452737511679, 30.238673423826032], [-97.82508472249968, 30.239166275716407], [-97.82614691320464, 30.239754054941876], [-97.82648630297727, 30.23976069725235], [-97.82743256747365, 30.240016505742265], [-97.82866849012447, 30.240107875761577], [-97.83026586719103, 30.24009946458702], [-97.83036140169672, 30.24102062290917], [-97.83066635360927, 30.241745425691235], [-97.83077368997508, 30.24190419392086], [-97.83097304692572, 30.24219839102148], [-97.8313870887582, 30.24253671683085], [-97.83158806132464, 30.242700385120596], [-97.83211008629117, 30.243036209357122], [-97.83283412803098, 30.243222375657087], [-97.83313919269317, 30.243535350247093], [-97.8342833372761, 30.243736511382867], [-97.83485886641341, 30.243979838681938], [-97.83485304650098, 30.244812558154024], [-97.83305039262429, 30.245146985581805], [-97.82999951403133, 30.244310994654914], [-97.8283487652104, 30.244962671142677], [-97.82648006174026, 30.24614201975174], [-97.82502030643532, 30.246353060694318], [-97.82413896329366, 30.24529886100971], [-97.82379631998607, 30.246652033374293], [-97.82104582633167, 30.247650732222116], [-97.81696985486967, 30.25371032929872]]]]}, "properties": {"route_id": "PAT80", "district": "District 7", "garb_day": "Tuesday", "op_type": "Auto", "supervisor": "Gilbert", "super_num": 697, "centroid_lat": 30.26230314700188, "centroid_lng": -97.79967819172654}}, {"type": "Feature", "geometry": {"type": "MultiPolygon", "coordinates": [[[[-97.74510792368689, 30.261766428875635], [-97.74562324613412, 30.260521703052923], [-97.74607559458597, 30.25924975190905], [-97.74626984722367, 30.258774123256874], [-97.74677335417569, 30.257359337897515], [-97.74776418653863, 30.254837717898855], [-97.74871498333685, 30.25233583652033], [-97.74872100690409, 30.25230975834867], [-97.74881355463754, 30.25249801016418], [-97.74912617805394, 30.252994463797677], [-97.7510350706672, 30.25358996707305], [-97.75263291360841, 30.25105133913192], [-97.75445793093775, 30.250166878542338], [-97.75479963190439, 30.25003937164236], [-97.7549025197634, 30.25002238591269], [-97.75511718419713, 30.24951852554149], [-97.75511788696647, 30.24951811548536], [-97.75511666259484, 30.24951603917551], [-97.7551649841288, 30.24938412219211], [-97.7554748998281, 30.248489096479307], [-97.75569882230612, 30.247840659468316], [-97.75583344233073, 30.247441557531285], [-97.75719350407712, 30.247885076210096], [-97.7585943046549, 30.24835092405738], [-97.75978012203761, 30.248658881298155], [-97.7597808282441, 30.248661867061596], [-97.75978493444372, 30.248661505040342], [-97.76000870395843, 30.248729885361808], [-97.76008543114312, 30.24861455846046], [-97.76056797594327, 30.24785099530582], [-97.76114958247864, 30.246980464588106], [-97.76161582673201, 30.246273527587967], [-97.76191971757251, 30.245819150032446], [-97.76193962489243, 30.245727511734888], [-97.7623453739307, 30.244583843856173], [-97.76262959604819, 30.243415003258153], [-97.76304805547069, 30.24332823497968], [-97.76383999978681, 30.243650000076823], [-97.76430000001574, 30.243940000120883], [-97.76462999991725, 30.244130000146544], [-97.76479999987158, 30.244200000187533], [-97.7651399996701, 30.24430999982569], [-97.76749000023551, 30.24506000016844], [-97.76768000009778, 30.245129999903828], [-97.76824999980663, 30.245380000282093], [-97.76861999975775, 30.245680000391925], [-97.7688799996054, 30.24597000033717], [-97.76911998283303, 30.246569957424473], [-97.7691196203738, 30.246571411110132], [-97.76894372783103, 30.246645608816998], [-97.76849173635523, 30.248903347719512], [-97.76822158945504, 30.249022526246705], [-97.76749516603714, 30.2493774744534], [-97.76707091879628, 30.24961530722613], [-97.76651230654059, 30.25000357081705], [-97.76569663515764, 30.250686271424595], [-97.76526102413922, 30.251206817621096], [-97.76521810343435, 30.25126348409319], [-97.76522432986661, 30.251262889936328], [-97.76520999959203, 30.251270000045174], [-97.76410999986497, 30.252350000134086], [-97.76356999977682, 30.252879999875006], [-97.76326000001218, 30.253270000139835], [-97.76299999998703, 30.253630000414088], [-97.7626000002819, 30.254260000081896], [-97.76222000020294, 30.25490000013249], [-97.7622179303149, 30.254900396556543], [-97.76276664816123, 30.256238473024876], [-97.76468633343137, 30.25723304642409], [-97.76472549254375, 30.257650721100873], [-97.7647500828733, 30.257771946979272], [-97.76436887102126, 30.257889058020265], [-97.7635426369413, 30.25917360501067], [-97.76241963655102, 30.26107048369136], [-97.76208911587364, 30.26108891977994], [-97.76173371292029, 30.261421996626005], [-97.76148982434405, 30.26175014915627], [-97.76154562744209, 30.261925988408272], [-97.7615045417131, 30.261972788357205], [-97.76081359038749, 30.26170751990827], [-97.76006854376732, 30.261521737132842], [-97.75915605337894, 30.26117686705042], [-97.75850123734797, 30.260928227370417], [-97.75838403466891, 30.261201043236706], [-97.75808325335663, 30.261981062511367], [-97.7577940803398, 30.26276907388134], [-97.75722733335151, 30.264296386500714], [-97.75710999996478, 30.26450999999542], [-97.75658223681089, 30.26574236352316], [-97.75657075094932, 30.265738786442377], [-97.75654871131475, 30.265731923470938], [-97.75477447372648, 30.265179428858485], [-97.75139788684452, 30.264127879118135], [-97.75139028635174, 30.26412551246097], [-97.74798468673212, 30.262848246517887], [-97.74513987095622, 30.26177844305499], [-97.74510792368689, 30.261766428875635]]]]}, "properties": {"route_id": "PAT60", "district": "District 7", "garb_day": "Tuesday", "op_type": "Auto", "supervisor": "Litson", "super_num": 170, "centroid_lat": 30.25527617894102, "centroid_lng": -97.7569568414304}}, {"type": "Feature", "geometry": {"type": "MultiPolygon", "coordinates": [[[[-97.75043926413628, 30.247465496279215], [-97.75090854250264, 30.246145918253298], [-97.75142494226625, 30.24483413912752], [-97.7518160807931, 30.24378016076096], [-97.7521292816843, 30.242984938513285], [-97.75236875763503, 30.242290990958843], [-97.75254130012253, 30.241739559493634], [-97.75276443167016, 30.24077125406267], [-97.75290044812965, 30.23981489448625], [-97.75295325161534, 30.239610436474667], [-97.75307097076127, 30.239338779806683], [-97.75339646296464, 30.238968546787202], [-97.75486142016153, 30.237292217466692], [-97.75637427512389, 30.23548742803617], [-97.75638658727667, 30.235492898068266], [-97.75653110852708, 30.235553655381], [-97.75758237364488, 30.23600386645887], [-97.7578264606589, 30.236117291913324], [-97.75857435669792, 30.236484118091266], [-97.7593537936205, 30.236888511476614], [-97.76040718160654, 30.23736184482761], [-97.76124252000609, 30.23774738409971], [-97.76207261636962, 30.238133105336804], [-97.7629049967978, 30.23845482282976], [-97.76303296848154, 30.238494602546492], [-97.7637561062372, 30.238712150835845], [-97.7645099526794, 30.239069787334884], [-97.76531999969718, 30.23946000030464], [-97.76604999952394, 30.23981000019745], [-97.76716136724544, 30.240303126217874], [-97.76755999981852, 30.240479999943364], [-97.76857000020469, 30.240800000255216], [-97.77033999967458, 30.24153000018821], [-97.77128410573903, 30.24194420218966], [-97.77112971124951, 30.242212132280205], [-97.76924985238122, 30.24604898362338], [-97.76911998283303, 30.246569957424473], [-97.7688799996054, 30.24597000033717], [-97.76861999975775, 30.245680000391925], [-97.76824999980663, 30.245380000282093], [-97.76768000009778, 30.245129999903828], [-97.76749000023551, 30.24506000016844], [-97.7651399996701, 30.24430999982569], [-97.76479999987158, 30.244200000187533], [-97.76462999991725, 30.244130000146544], [-97.76430000001574, 30.243940000120883], [-97.76383999978681, 30.243650000076823], [-97.76304805547069, 30.24332823497968], [-97.76262959604819, 30.243415003258153], [-97.7623453739307, 30.244583843856173], [-97.76193962489243, 30.245727511734888], [-97.76191971757251, 30.245819150032446], [-97.76161582673201, 30.246273527587967], [-97.76114958247864, 30.246980464588106], [-97.76056797594327, 30.24785099530582], [-97.76008543114312, 30.24861455846046], [-97.76000870395843, 30.248729885361808], [-97.75978493444372, 30.248661505040342], [-97.7597808282441, 30.248661867061596], [-97.75978012203761, 30.248658881298155], [-97.7585943046549, 30.24835092405738], [-97.75719350407712, 30.247885076210096], [-97.75583344233073, 30.247441557531285], [-97.75569882230612, 30.247840659468316], [-97.7554748998281, 30.248489096479307], [-97.7551649841288, 30.24938412219211], [-97.75511666259484, 30.24951603917551], [-97.75511788696647, 30.24951811548536], [-97.75511718419713, 30.24951852554149], [-97.7549025197634, 30.25002238591269], [-97.75479963190439, 30.25003937164236], [-97.75445793093775, 30.250166878542338], [-97.75263291360841, 30.25105133913192], [-97.7510350706672, 30.25358996707305], [-97.74912617805394, 30.252994463797677], [-97.74881355463754, 30.25249801016418], [-97.74872100690409, 30.25230975834867], [-97.74874175951042, 30.252219914362524], [-97.7491247036689, 30.251179479269954], [-97.7495105714577, 30.25002949041353], [-97.74990872227269, 30.249009911653815], [-97.75043926413628, 30.247465496279215]]]]}, "properties": {"route_id": "PAT61", "district": "District 7", "garb_day": "Tuesday", "op_type": "Auto", "supervisor": "Litson", "super_num": 170, "centroid_lat": 30.243560365648865, "centroid_lng": -97.75847791729073}}, {"type": "Feature", "geometry": {"type": "MultiPolygon", "coordinates": [[[[-97.7622179302849, 30.254900396152806], [-97.76221999999999, 30.254899999999378], [-97.7626, 30.25425999999939], [-97.76299999999999, 30.253629999999394], [-97.76325999999999, 30.253269999999382], [-97.76357, 30.25287999999939], [-97.76410999999999, 30.25234999999938], [-97.76521, 30.251269999999387], [-97.76522432988584, 30.25126288981908], [-97.76689919612224, 30.251103140238442], [-97.76827559796617, 30.251679911925965], [-97.76834022183841, 30.252084225624195], [-97.7687121962096, 30.251855693678092], [-97.77042249928783, 30.252666095479395], [-97.77068034460555, 30.252913637734693], [-97.77109920689989, 30.252732996396997], [-97.77309269867071, 30.25288122964468], [-97.7732999444907, 30.2529408484253], [-97.77325261783976, 30.253243138888525], [-97.77484838836989, 30.253911721218543], [-97.77526991215467, 30.253809057561867], [-97.77549996318717, 30.254071130731273], [-97.77650504822172, 30.25523352183963], [-97.77660071250912, 30.25536888478817], [-97.7764395362953, 30.25555009138096], [-97.7765004737229, 30.255692880351546], [-97.77645851456667, 30.257283567317124], [-97.77529911321213, 30.25889240111588], [-97.77542193387085, 30.259059649283543], [-97.77537893784081, 30.259155494944046], [-97.77538420707324, 30.259426628329233], [-97.77623265042033, 30.260250848214987], [-97.7770660822519, 30.261037349045004], [-97.77711172760125, 30.261087634066705], [-97.77700549440732, 30.26333869417048], [-97.77859342343709, 30.26561393173869], [-97.77743487111817, 30.267704227321158], [-97.77714451969123, 30.2682094242288], [-97.7773181630443, 30.26855839186535], [-97.77553687088263, 30.269763898044147], [-97.77424286092018, 30.270721823236606], [-97.77289834591433, 30.272125191281873], [-97.77179721864292, 30.273592511840167], [-97.77172006632595, 30.27381084655651], [-97.77168081912791, 30.273775174762388], [-97.77166490142385, 30.27379693604276], [-97.77117726416994, 30.27341689445539], [-97.77117678968484, 30.273413734615534], [-97.76921222006234, 30.271371851494308], [-97.76628192140527, 30.26986130450628], [-97.76405564940924, 30.26899061642506], [-97.76131459973044, 30.26795936240358], [-97.75715250042076, 30.266148513253167], [-97.75714490180916, 30.26615043531143], [-97.75657823580914, 30.26575567498819], [-97.75659903135711, 30.265748562346538], [-97.75659211067932, 30.26574543782158], [-97.75658223681089, 30.26574236352316], [-97.75710999996478, 30.26450999999542], [-97.75722733335151, 30.264296386500714], [-97.7577940803398, 30.26276907388134], [-97.75808325335663, 30.261981062511367], [-97.75838403466891, 30.261201043236706], [-97.75850123734797, 30.260928227370417], [-97.75915605337894, 30.26117686705042], [-97.76006854376732, 30.261521737132842], [-97.76081359038749, 30.26170751990827], [-97.7615045417131, 30.261972788357205], [-97.76154562744209, 30.261925988408272], [-97.76148982434405, 30.26175014915627], [-97.76173371292029, 30.261421996626005], [-97.76208911587364, 30.26108891977994], [-97.76241963655102, 30.26107048369136], [-97.7635426369413, 30.25917360501067], [-97.76436887102126, 30.257889058020265], [-97.7647500828733, 30.257771946979272], [-97.76472549254375, 30.257650721100873], [-97.76468633343137, 30.25723304642409], [-97.76276664816123, 30.256238473024876], [-97.7622179302849, 30.254900396152806]]]]}, "properties": {"route_id": "PAT62", "district": "District 7", "garb_day": "Tuesday", "op_type": "Auto", "supervisor": "Litson", "super_num": 170, "centroid_lat": 30.262204180064778, "centroid_lng": -97.76880204942319}}, {"type": "Feature", "geometry": {"type": "MultiPolygon", "coordinates": [[[[-97.7652181035709, 30.25126348347545], [-97.7652610242703, 30.251206817463885], [-97.76569663564108, 30.25068627106345], [-97.7665123067753, 30.250003570501566], [-97.76707091872666, 30.249615306957462], [-97.767495166506, 30.249377474331748], [-97.76822158953125, 30.249022525985694], [-97.7685319606249, 30.248885602280605], [-97.76933664212304, 30.24861543425535], [-97.77010149661379, 30.248401053787646], [-97.77069224965588, 30.248240813745934], [-97.77183569074744, 30.24789635490581], [-97.77208435732743, 30.247817945789123], [-97.77282403134659, 30.247625406419303], [-97.77417415923098, 30.247409456402433], [-97.77621647398335, 30.248363724254403], [-97.77626001338284, 30.2483804950681], [-97.77645134611268, 30.24830488412437], [-97.77782073336913, 30.248964896196828], [-97.77791048593492, 30.24917974898794], [-97.77803387255268, 30.249059814295695], [-97.77907111358621, 30.24955772321024], [-97.77911031839622, 30.249760197809223], [-97.77923304996497, 30.249636577978105], [-97.7800207582302, 30.2500080936255], [-97.78008959490828, 30.25021021151156], [-97.780768245116, 30.251074339982413], [-97.78142931969752, 30.252197588154353], [-97.78217834643971, 30.252773924855887], [-97.78226673955074, 30.252894702794734], [-97.78252921045954, 30.252964874630788], [-97.78262746238833, 30.25283260991103], [-97.78331982544235, 30.25305421881172], [-97.78361014855622, 30.253202877510397], [-97.783600821567, 30.253367220743186], [-97.78412664760944, 30.253461886559922], [-97.78670281104876, 30.25619296779309], [-97.78476977851618, 30.257657316282014], [-97.78466529096741, 30.259133884015093], [-97.78515085957524, 30.260593753093204], [-97.78378276655141, 30.26305938338462], [-97.78553076886861, 30.263911596196483], [-97.78595303923953, 30.264594452368854], [-97.78268796270844, 30.265749770223398], [-97.7803087331471, 30.266921411153753], [-97.77797493808673, 30.268113899307874], [-97.77731816310192, 30.268558391820036], [-97.77714451983418, 30.268209423845608], [-97.77743487126017, 30.267704227014143], [-97.77859342339367, 30.26561393133644], [-97.77700549508353, 30.263338693323103], [-97.77711172736879, 30.261087633935983], [-97.77706608203154, 30.261037348816004], [-97.77623265017401, 30.260250848208845], [-97.77538420699699, 30.259426628026088], [-97.7753789383304, 30.259155494535904], [-97.77542193385625, 30.259059649252475], [-97.77529911342332, 30.258892400796945], [-97.77645851464817, 30.2572835673424], [-97.7765004742006, 30.255692879999916], [-97.77643953638263, 30.2555500912613], [-97.77660071223664, 30.255368884458754], [-97.77650504836292, 30.25523352162923], [-97.77549996318939, 30.254071130392873], [-97.77526991228135, 30.253809057502735], [-97.7748483886139, 30.253911721043814], [-97.77325261771486, 30.253243138482116], [-97.77329994456866, 30.25294084817532], [-97.77309269866707, 30.25288122982737], [-97.77109920685008, 30.252732996219052], [-97.77068034498157, 30.25291363775161], [-97.77042249961842, 30.25266609533496], [-97.76871219629373, 30.251855693354006], [-97.76834022209972, 30.252084225294983], [-97.76827559797242, 30.251679911674945], [-97.76689919622243, 30.25110313998051], [-97.7652181035709, 30.25126348347545]]]]}, "properties": {"route_id": "PAT63", "district": "District 7", "garb_day": "Tuesday", "op_type": "Auto", "supervisor": "Litson", "super_num": 170, "centroid_lat": 30.256357429983115, "centroid_lng": -97.77833168863184}}, {"type": "Feature", "geometry": {"type": "MultiPolygon", "coordinates": [[[[-97.77417591686239, 30.24741027767459], [-97.77417726893458, 30.24740895339169], [-97.77516875073076, 30.247279186654904], [-97.77613876524364, 30.24715045739757], [-97.77720577770856, 30.246937266999833], [-97.77754528016577, 30.246820627464977], [-97.77818318422945, 30.246528933097036], [-97.77847276684541, 30.246329019937043], [-97.77879549819394, 30.24612976717713], [-97.77982001697532, 30.24537268973773], [-97.78069875537724, 30.244752567948584], [-97.78228191582559, 30.24365281777205], [-97.78279814821454, 30.243282080850033], [-97.78539722508829, 30.241426526415786], [-97.78770176481827, 30.239784237020725], [-97.78926075857713, 30.238714270218786], [-97.79099526201416, 30.23762368575782], [-97.7915389559954, 30.237290002340952], [-97.79170191788674, 30.237444577579033], [-97.79985649947272, 30.247493601782676], [-97.79982956509697, 30.247491576531786], [-97.79799888118109, 30.249834642645496], [-97.7959355475636, 30.25310672083377], [-97.79184388284858, 30.255210213014422], [-97.78670833555658, 30.256188782655034], [-97.78670281104876, 30.25619296779309], [-97.78412664760944, 30.253461886559922], [-97.783600821567, 30.253367220743186], [-97.78361014855622, 30.253202877510397], [-97.78331982544235, 30.25305421881172], [-97.78262746238833, 30.25283260991103], [-97.78252921045954, 30.252964874630788], [-97.78226673955074, 30.252894702794734], [-97.78217834643971, 30.252773924855887], [-97.78142931969752, 30.252197588154353], [-97.780768245116, 30.251074339982413], [-97.78008959490828, 30.25021021151156], [-97.7800207582302, 30.2500080936255], [-97.77923304996497, 30.249636577978105], [-97.77911031839622, 30.249760197809223], [-97.77907111358621, 30.24955772321024], [-97.77803387255268, 30.249059814295695], [-97.77791048593492, 30.24917974898794], [-97.77782073336913, 30.248964896196828], [-97.77645134611268, 30.24830488412437], [-97.77626001338284, 30.2483804950681], [-97.77621647398335, 30.248363724254403], [-97.77417591686239, 30.24741027767459]]]]}, "properties": {"route_id": "PAT83", "district": "District 7", "garb_day": "Tuesday", "op_type": "Auto", "supervisor": "Gilbert", "super_num": 697, "centroid_lat": 30.24749296401469, "centroid_lng": -97.78893208601018}}, {"type": "Feature", "geometry": {"type": "MultiPolygon", "coordinates": [[[[-97.75822491906922, 30.2327630597899], [-97.76016041202249, 30.229705442822375], [-97.76118191764529, 30.228081794578394], [-97.7615984042579, 30.22725437346966], [-97.76224859786713, 30.22594524406424], [-97.76248340338252, 30.22542245402963], [-97.76318621341842, 30.224210286428615], [-97.76395249543987, 30.222887641121183], [-97.76552948122338, 30.22390908227992], [-97.76848663911534, 30.225908519742347], [-97.76941223240702, 30.226478472721958], [-97.7706887995443, 30.227116710469748], [-97.77204293917555, 30.227490987933578], [-97.77178999965909, 30.227919999929338], [-97.7716799996733, 30.228090000081416], [-97.7717787006455, 30.2283857617967], [-97.77375262919327, 30.229374226816404], [-97.77417000008303, 30.229279999921268], [-97.77257175854582, 30.23177725234523], [-97.772759810652, 30.231786042147174], [-97.77428126391281, 30.2315044084403], [-97.77469167717193, 30.233964663552307], [-97.77472476552569, 30.23397423282298], [-97.77368416877131, 30.23540060076358], [-97.77306523965227, 30.23711215729795], [-97.77297395936971, 30.238336236448706], [-97.77236935991442, 30.240060847308023], [-97.77128410573903, 30.24194420218966], [-97.77033999967458, 30.24153000018821], [-97.76857000020469, 30.240800000255216], [-97.76755999981852, 30.240479999943364], [-97.76716136724544, 30.240303126217874], [-97.76604999952394, 30.23981000019745], [-97.76531999969718, 30.23946000030464], [-97.7645099526794, 30.239069787334884], [-97.76450982820215, 30.23906972809975], [-97.7637561062372, 30.238712150835845], [-97.76303296848154, 30.238494602546492], [-97.7629049967978, 30.23845482282976], [-97.76207261636962, 30.238133105336804], [-97.76124252000609, 30.23774738409971], [-97.76040718160654, 30.23736184482761], [-97.7593537936205, 30.236888511476614], [-97.75857435669792, 30.236484118091266], [-97.7578264606589, 30.236117291913324], [-97.75758237364488, 30.23600386645887], [-97.75653110852708, 30.235553655381], [-97.75638658727667, 30.235492898068266], [-97.75637427512389, 30.23548742803617], [-97.75679278743594, 30.234988140729346], [-97.75822491906922, 30.2327630597899]]]]}, "properties": {"route_id": "PAT51", "district": "District 7", "garb_day": "Tuesday", "op_type": "Auto", "supervisor": "Castillo", "super_num": 500, "centroid_lat": 30.23290077576821, "centroid_lng": -97.76644267117061}}, {"type": "Feature", "geometry": {"type": "MultiPolygon", "coordinates": [[[[-97.76849173635523, 30.248903347719512], [-97.76894372783103, 30.246645608816998], [-97.7691196203738, 30.246571411110132], [-97.76924985238122, 30.24604898362338], [-97.77112971124951, 30.242212132280205], [-97.77236935991442, 30.240060847308023], [-97.77297395936971, 30.238336236448706], [-97.77306523965227, 30.23711215729795], [-97.77368416877131, 30.23540060076358], [-97.77472476552569, 30.23397423282298], [-97.77469167717193, 30.233964663552307], [-97.77428126391281, 30.2315044084403], [-97.772759810652, 30.231786042147174], [-97.77257175854582, 30.23177725234523], [-97.77417000008303, 30.229279999921268], [-97.77375262919327, 30.229374226816404], [-97.7717787006455, 30.2283857617967], [-97.7716799996733, 30.228090000081416], [-97.77178999965909, 30.227919999929338], [-97.77204293917555, 30.227490987933578], [-97.7742984331533, 30.22757691821103], [-97.77777624582899, 30.227687203979066], [-97.78057077104337, 30.227845047006568], [-97.7822610548912, 30.22796041673998], [-97.7838546238104, 30.228175953141058], [-97.78532689922932, 30.228532017171], [-97.78590701959789, 30.22882947778589], [-97.78567475669713, 30.229160475518714], [-97.78525729657355, 30.229830698256627], [-97.7842018269032, 30.23030979809398], [-97.78127139870762, 30.234950463142166], [-97.78018698238901, 30.235762505608403], [-97.77965677286146, 30.236159534256554], [-97.77929228684697, 30.237393518812347], [-97.77875094984302, 30.23855748026435], [-97.77946892185673, 30.240367178683528], [-97.7791187996155, 30.242022588603735], [-97.77962936004445, 30.24335271034316], [-97.78141553645003, 30.244254658156827], [-97.78069875516051, 30.24475256827122], [-97.77982001665812, 30.245372690017277], [-97.77879549780573, 30.246129767353207], [-97.77847276654865, 30.24632901973887], [-97.77818318378733, 30.246528933191385], [-97.77754527983029, 30.24682062746821], [-97.77720577729994, 30.24693726714526], [-97.7761387652721, 30.24715045765681], [-97.77516875079834, 30.247279186751605], [-97.77417726866766, 30.24740895339663], [-97.77417591647217, 30.247410277874582], [-97.77417415923225, 30.24740945665292], [-97.77282403144712, 30.2476254062079], [-97.77208435736722, 30.247817945611764], [-97.77183569031745, 30.247896355249615], [-97.77069224957164, 30.248240813825245], [-97.77010149640391, 30.24840105418524], [-97.76933664208346, 30.248615434279753], [-97.7685319603293, 30.24888560262596], [-97.76849173635523, 30.248903347719512]]]]}, "properties": {"route_id": "PAT50", "district": "District 7", "garb_day": "Tuesday", "op_type": "Auto", "supervisor": "Castillo", "super_num": 500, "centroid_lat": 30.237406643069008, "centroid_lng": -97.77657229933007}}, {"type": "Feature", "geometry": {"type": "MultiPolygon", "coordinates": [[[[-97.78943029911913, 30.228199386568694], [-97.78942209757116, 30.228211767939612], [-97.7889673608253, 30.228888935739054], [-97.78856537464458, 30.229487541212496], [-97.78851, 30.229569999999384], [-97.78851154263866, 30.2295707307284], [-97.78824277590056, 30.229957969718754], [-97.79298243029156, 30.232258646742807], [-97.79533893878246, 30.233465696790947], [-97.79650976133719, 30.234352969620222], [-97.79517007300015, 30.235149367648756], [-97.79317715869128, 30.236273275055144], [-97.79206957113792, 30.23695701030705], [-97.79156616656749, 30.237266688329544], [-97.79154471360198, 30.237295463650593], [-97.7915389559954, 30.237290002340952], [-97.79099526201416, 30.23762368575782], [-97.78926075857713, 30.238714270218786], [-97.78770176481827, 30.239784237020725], [-97.78539722508829, 30.241426526415786], [-97.78279814821454, 30.243282080850033], [-97.78228191582559, 30.24365281777205], [-97.78141553677284, 30.24425465774847], [-97.7796293603288, 30.243352710166043], [-97.77911879985109, 30.242022588739356], [-97.77946892211565, 30.240367178488608], [-97.77875095006995, 30.238557479899324], [-97.77929228677247, 30.237393518581207], [-97.77965677264034, 30.23615953407526], [-97.78127139901576, 30.23495046285631], [-97.78420182682831, 30.230309797856368], [-97.78525729651184, 30.229830698025207], [-97.78567475649268, 30.229160475516423], [-97.78590701983588, 30.22882947752169], [-97.78532689966356, 30.2285320173407], [-97.78385462425474, 30.228175953130968], [-97.78226105504284, 30.227960416412955], [-97.78113612163723, 30.22788363707634], [-97.78140293810347, 30.22740073550154], [-97.78175573144199, 30.22728734460506], [-97.78273441568037, 30.227151463080055], [-97.78348620467789, 30.22606970385004], [-97.7836106962478, 30.224216180701642], [-97.78362051617997, 30.224089672475937], [-97.78353946089297, 30.22402044463695], [-97.78352133851007, 30.22392177887452], [-97.78395463340559, 30.22344639192986], [-97.78427957368841, 30.222935630536472], [-97.78459045420682, 30.222840406453805], [-97.78442007623657, 30.22268550578884], [-97.7846387962896, 30.222283961651264], [-97.78477088560486, 30.221921755082107], [-97.78475041486071, 30.22004396712426], [-97.7849864908017, 30.220020300450848], [-97.78483261444966, 30.219188259402795], [-97.7847820401365, 30.218540961450504], [-97.78501760981636, 30.218319214836416], [-97.78493881050262, 30.21784225826644], [-97.78597355314909, 30.217674642539706], [-97.78640948027024, 30.217449911167574], [-97.78811739485093, 30.21688869210501], [-97.78914578579582, 30.216617374704516], [-97.79055657653693, 30.218664316395525], [-97.79190065185784, 30.220184764670844], [-97.79274799012256, 30.22271064138289], [-97.79280300708778, 30.222815184457595], [-97.79279916055582, 30.22282150044444], [-97.79276860586913, 30.222867864444858], [-97.79271665797665, 30.222947255148018], [-97.79257071512298, 30.223169496730545], [-97.79242667738988, 30.223388892951835], [-97.7924005219009, 30.223428631327035], [-97.79225225956118, 30.223680093475025], [-97.7921028809373, 30.22393510154005], [-97.79209928495445, 30.22394100596867], [-97.79209923747626, 30.223941019538834], [-97.79209920751362, 30.223941272129785], [-97.7920976619315, 30.22394371972591], [-97.79209768348787, 30.223943776098913], [-97.79209748306762, 30.223944000174537], [-97.79209430052055, 30.223949088375612], [-97.79207681728693, 30.223976928667007], [-97.79204460353087, 30.22402831426948], [-97.79180906649736, 30.224403810528138], [-97.79140999999998, 30.225039999999385], [-97.79099999999998, 30.22567999999937], [-97.79019010004802, 30.226962342315314], [-97.79016144610837, 30.22700771036386], [-97.79016149114159, 30.22700787214958], [-97.7901611826259, 30.227008127537868], [-97.79015382850723, 30.22702006051784], [-97.78945012631492, 30.22816719179627], [-97.78943267529581, 30.228195638961644], [-97.78942943182116, 30.228196464706233], [-97.78943029911913, 30.228199386568694]]]]}, "properties": {"route_id": "PAT53", "district": "District 7", "garb_day": "Tuesday", "op_type": "Auto", "supervisor": "Castillo", "super_num": 500, "centroid_lat": 30.231197719617864, "centroid_lng": -97.78671606227984}}, {"type": "Feature", "geometry": {"type": "MultiPolygon", "coordinates": [[[[-97.78115732920662, 30.200687290781598], [-97.78130201811068, 30.201247233012957], [-97.78140050073247, 30.20130860454338], [-97.78131837065045, 30.20166031460606], [-97.78196533229602, 30.201824362022645], [-97.78382073869709, 30.202542845668148], [-97.78344818929007, 30.20335722472047], [-97.78374884742414, 30.20375860031853], [-97.78383035619778, 30.20383040411696], [-97.7831306720515, 30.20522339293437], [-97.7824320318887, 30.206626132989697], [-97.7823237247085, 30.20684215883312], [-97.78194308046454, 30.207590534890638], [-97.78182351351685, 30.207830920084216], [-97.78156828579199, 30.20838512165907], [-97.78146289388094, 30.208529223166128], [-97.7816111864171, 30.209618219334594], [-97.7825892509819, 30.210811808169574], [-97.78363771200476, 30.211932480496124], [-97.78304704926548, 30.212709021184533], [-97.78152402561072, 30.212181401681807], [-97.77969970910654, 30.212238162238528], [-97.77872104310636, 30.212754119307903], [-97.77846026760554, 30.212890839503764], [-97.77853833945603, 30.2132144199266], [-97.77717019540407, 30.21463170737627], [-97.77678632888224, 30.214800713966554], [-97.77677125542276, 30.2148114851349], [-97.77675817589069, 30.214811418581014], [-97.7757193328163, 30.215361494599374], [-97.7688351810214, 30.215216338532407], [-97.76872401012174, 30.215158173959807], [-97.7700106549431, 30.21318730408586], [-97.77157283424827, 30.210793427076624], [-97.77260310173337, 30.209121918619164], [-97.77360895822046, 30.20747731751951], [-97.77397595540572, 30.206724229543763], [-97.77423303000698, 30.206249821057717], [-97.77450288195399, 30.2055906996039], [-97.77475351867945, 30.20506135629976], [-97.77515520677964, 30.203891068413522], [-97.77534512935908, 30.20327145264719], [-97.77557953947421, 30.202460906918425], [-97.77585915965025, 30.201432042878793], [-97.77679121438123, 30.19810068565731], [-97.77680277670706, 30.198071983203885], [-97.77790942466413, 30.198276828908433], [-97.77950629969247, 30.198647905158786], [-97.78036512472146, 30.199081782842644], [-97.78078095698281, 30.19939052164832], [-97.78079050035693, 30.199776786302056], [-97.78105194553082, 30.200438850253935], [-97.78115732920662, 30.200687290781598]]]]}, "properties": {"route_id": "PAT73", "district": "District 8", "garb_day": "Tuesday", "op_type": "Auto", "supervisor": "Carnline", "super_num": 596, "centroid_lat": 30.20776622133523, "centroid_lng": -97.77732997746162}}, {"type": "Feature", "geometry": {"type": "MultiPolygon", "coordinates": [[[[-97.7815214230039, 30.20844919683364], [-97.78222687236568, 30.208810596104996], [-97.78253666473454, 30.208922402656064], [-97.78324666320822, 30.209011997263605], [-97.78394857725837, 30.209078790842703], [-97.78433846981044, 30.209207635667298], [-97.78469250204562, 30.209384617592484], [-97.78482311970296, 30.209377776308738], [-97.78605632723131, 30.209251073774055], [-97.78652499043723, 30.208523006164224], [-97.78649945951366, 30.20759714706627], [-97.78718771025478, 30.207379495941368], [-97.78755538655567, 30.20669279282889], [-97.7872209352178, 30.20576966821715], [-97.78728018233934, 30.205690101857453], [-97.78756868506271, 30.20566151300105], [-97.78820303288585, 30.204682046453904], [-97.78809128726996, 30.204417766234325], [-97.7882696515211, 30.20412735264516], [-97.79027651409831, 30.20510275746103], [-97.79101127035652, 30.20521559054317], [-97.79108960243745, 30.205279081452403], [-97.79119122012148, 30.20520352991848], [-97.79143647512397, 30.20510893229271], [-97.79189230685611, 30.205422059060272], [-97.79371234540024, 30.20627814300314], [-97.79376027430621, 30.20672623416069], [-97.79433445939316, 30.206580378857897], [-97.7948118844252, 30.20585852756013], [-97.79518195039064, 30.20604251123903], [-97.79566161664675, 30.20588209544443], [-97.79790248850883, 30.206988237651927], [-97.79737580748883, 30.208039831116707], [-97.79663536299384, 30.20962903692296], [-97.79493394643947, 30.212320838034575], [-97.79490945556502, 30.21232035463876], [-97.79409575277201, 30.213662534086968], [-97.79409229768137, 30.21369547735898], [-97.79332956316348, 30.21404892671008], [-97.79245180051946, 30.214982477210256], [-97.79022955329069, 30.216210435020866], [-97.78915314915457, 30.21662805859891], [-97.78914578579582, 30.216617374704516], [-97.78811739485093, 30.21688869210501], [-97.78640948027024, 30.217449911167574], [-97.78597355314909, 30.217674642539706], [-97.78494545153899, 30.217841182527824], [-97.78441554512271, 30.217316745126727], [-97.78400428408195, 30.21679044337106], [-97.78334692321972, 30.21660588364459], [-97.78275123496311, 30.216576639043105], [-97.78214527103724, 30.216054657975032], [-97.78146173832043, 30.215382404200753], [-97.78039844377372, 30.214886711217698], [-97.78024084063021, 30.214539191805855], [-97.78023961893255, 30.21442068405491], [-97.77952643727224, 30.21482547483132], [-97.77677125542287, 30.2148114851349], [-97.77678632888225, 30.2148007139665], [-97.77717019540407, 30.21463170737626], [-97.77853833945609, 30.213214419926576], [-97.7784602676055, 30.212890839503725], [-97.77872104310651, 30.212754119307903], [-97.77969970910667, 30.212238162238542], [-97.78152402561072, 30.212181401681807], [-97.78304704926548, 30.212709021184533], [-97.78363771200483, 30.2119324804961], [-97.7825892509819, 30.210811808169574], [-97.78161118641722, 30.20961821933457], [-97.78146289388098, 30.20852922316609], [-97.7815214230039, 30.20844919683364]]]]}, "properties": {"route_id": "PAT74", "district": "District 4", "garb_day": "Tuesday", "op_type": "Auto", "supervisor": "Carnline", "super_num": 596, "centroid_lat": 30.211334603608567, "centroid_lng": -97.78854807770841}}, {"type": "Feature", "geometry": {"type": "MultiPolygon", "coordinates": [[[[-97.7831306720515, 30.20522339293437], [-97.78383035619778, 30.20383040411696], [-97.78374884742414, 30.20375860031853], [-97.78344818929007, 30.20335722472047], [-97.78382073869709, 30.202542845668148], [-97.78196533229602, 30.201824362022645], [-97.78131837065045, 30.20166031460606], [-97.78140050073247, 30.20130860454338], [-97.78130201811068, 30.201247233012957], [-97.78115732920662, 30.200687290781598], [-97.78105194553082, 30.200438850253935], [-97.78079050035693, 30.199776786302056], [-97.78078095698281, 30.19939052164832], [-97.78036512472146, 30.199081782842644], [-97.77950629969247, 30.198647905158786], [-97.77790942466413, 30.198276828908433], [-97.77680277670706, 30.198071983203885], [-97.77719638349959, 30.197094878318918], [-97.77780412136225, 30.195586165078897], [-97.77887636757188, 30.19305186867963], [-97.77887538038141, 30.193027919758848], [-97.77888181949774, 30.19303072836523], [-97.77889166023577, 30.193007040495164], [-97.77950648282044, 30.193227397474622], [-97.78041681201249, 30.193699572061867], [-97.78135720344254, 30.19416760944783], [-97.78204155475758, 30.194332587801476], [-97.78264493514138, 30.194368256060237], [-97.7832533586624, 30.19452225688009], [-97.78436368293482, 30.195050408698084], [-97.78530960761366, 30.195825935439093], [-97.78655137101963, 30.19649099748928], [-97.7878171879892, 30.1970496412126], [-97.78783823558585, 30.19707518686263], [-97.79111593524841, 30.198507665228767], [-97.79220574097917, 30.198967336512027], [-97.79301427827978, 30.199157627636264], [-97.79352461890954, 30.199245194547682], [-97.79366061840591, 30.199254087726906], [-97.79365557522382, 30.199445933548226], [-97.79364119032863, 30.20039137812444], [-97.79360981103846, 30.200527554808428], [-97.7935260343812, 30.200705688714415], [-97.79311326945744, 30.201313710889256], [-97.79274649364478, 30.2018365633223], [-97.79239690372242, 30.20238834124678], [-97.79235637570368, 30.20256424677915], [-97.79226684786914, 30.203238125188513], [-97.79221748514381, 30.203408658033297], [-97.7918330379212, 30.203516043457306], [-97.79099867632218, 30.20503943541527], [-97.79101425960725, 30.205218013438685], [-97.79101127035642, 30.20521559054317], [-97.79027651409818, 30.20510275746107], [-97.78826965152115, 30.204127352645184], [-97.78809128726992, 30.204417766234403], [-97.78820303288579, 30.204682046453954], [-97.78756868506274, 30.20566151300109], [-97.7872801823393, 30.205690101857478], [-97.78722093521765, 30.20576966821715], [-97.78755538655567, 30.206692792828918], [-97.78718771025477, 30.207379495941407], [-97.78649945951365, 30.20759714706631], [-97.78652499043724, 30.208523006164263], [-97.78605632723124, 30.209251073774055], [-97.78482311970298, 30.20937777630879], [-97.78469250204562, 30.209384617592548], [-97.78433846981048, 30.209207635667298], [-97.78394857725823, 30.209078790842717], [-97.78324666320817, 30.209011997263605], [-97.78253666473448, 30.20892240265609], [-97.78222687236554, 30.208810596105035], [-97.7815214230038, 30.20844919683367], [-97.78156828579199, 30.20838512165907], [-97.78182351351685, 30.207830920084216], [-97.78194308046454, 30.207590534890638], [-97.7823237247085, 30.20684215883312], [-97.7824320318887, 30.206626132989697], [-97.7831306720515, 30.20522339293437]]]]}, "properties": {"route_id": "PAT72", "district": "District 4", "garb_day": "Tuesday", "op_type": "Auto", "supervisor": "Carnline", "super_num": 596, "centroid_lat": 30.20073866529908, "centroid_lng": -97.78528301075985}}, {"type": "Feature", "geometry": {"type": "MultiPolygon", "coordinates": [[[[-97.76448494395241, 30.198695488852245], [-97.7640784873248, 30.198452256433153], [-97.76407425942963, 30.198457457189072], [-97.7640474524025, 30.198430350644987], [-97.76365303547873, 30.19820173227833], [-97.76281095596741, 30.19771370455063], [-97.762166837882, 30.197464689563276], [-97.76103205434794, 30.197130076010477], [-97.76044296293766, 30.196763562380543], [-97.75986684868322, 30.196420951724512], [-97.75907211709031, 30.19585522553765], [-97.75808043946586, 30.195019524603147], [-97.7570363523877, 30.194039236352204], [-97.75679483108017, 30.19387021419405], [-97.75679742259206, 30.193864934079947], [-97.75630206963119, 30.19362462568346], [-97.75562786971975, 30.193431445542593], [-97.75516141012463, 30.19335974008227], [-97.75430853563482, 30.193379218324946], [-97.7534295740616, 30.193427488603074], [-97.7523309202705, 30.193485986451712], [-97.75035330110269, 30.19359272455371], [-97.74976999957155, 30.19364584719648], [-97.74976999995843, 30.19359000027222], [-97.74978999956568, 30.19340999978474], [-97.74976000015839, 30.19319000025302], [-97.74955999997037, 30.19277999985491], [-97.7492699995269, 30.192430000128642], [-97.74862999954703, 30.192050000375463], [-97.74835171109507, 30.191679802738125], [-97.74918251755577, 30.190312624194636], [-97.75008149943129, 30.18884641607361], [-97.74958077045406, 30.188964298519757], [-97.74675144962869, 30.18764345114359], [-97.74645394036197, 30.187061119950204], [-97.74643928715675, 30.187009546922773], [-97.74637307168837, 30.186979092372997], [-97.74640271037279, 30.186558807475784], [-97.74632258049867, 30.18617022577554], [-97.74611754011565, 30.18584833207259], [-97.74522853526409, 30.184968349207416], [-97.7450643221521, 30.18474480673063], [-97.74492267131943, 30.18435497977152], [-97.74489969950771, 30.183995867258208], [-97.7449632542812, 30.183651088128464], [-97.74538682592349, 30.18294803761615], [-97.74609846671174, 30.181843150543838], [-97.74657273773843, 30.181112040875206], [-97.74670660655393, 30.18082944140691], [-97.74683049334016, 30.180447881107057], [-97.74686337312185, 30.17992731639444], [-97.74690219718731, 30.17967271104911], [-97.74691239861923, 30.179651470744037], [-97.74691364764988, 30.179654174284078], [-97.7469521106663, 30.17966820072154], [-97.74695235286464, 30.179666839855674], [-97.74804369744726, 30.180113016350894], [-97.75031117729304, 30.180939191708255], [-97.7515020711223, 30.18149762129844], [-97.75346611691566, 30.182902921147864], [-97.75412759436031, 30.18354396470775], [-97.75659623987724, 30.185069654395484], [-97.75705006547182, 30.185443541257982], [-97.75817649070856, 30.1860430229257], [-97.75990835203004, 30.18682431826829], [-97.76327684230331, 30.187748728633785], [-97.76784563689938, 30.189070342411434], [-97.76877442600322, 30.189394324439466], [-97.77043894949222, 30.190326813105212], [-97.77052428490235, 30.19040778119369], [-97.77130645843883, 30.19076291462046], [-97.77212130478722, 30.191017123897534], [-97.77350809404925, 30.191445541857547], [-97.77476888483237, 30.19173369215624], [-97.77534016605136, 30.19193292774817], [-97.77625223470059, 30.19232678759978], [-97.77749698339525, 30.19267719698494], [-97.77870050607658, 30.192951643098127], [-97.77887538059036, 30.19302792009917], [-97.77887636714331, 30.193051868975854], [-97.777804121559, 30.19558616500314], [-97.77719638334713, 30.19709487824812], [-97.77679121399599, 30.198100685589843], [-97.77585915962929, 30.201432042906045], [-97.77557953955174, 30.202460907094142], [-97.77534512896584, 30.203271452881154], [-97.77515520670117, 30.203891068547474], [-97.77479638115386, 30.204936480813718], [-97.77471289636817, 30.204902234178196], [-97.77403544675535, 30.204631394556568], [-97.77350305100522, 30.204352015296013], [-97.77303917849683, 30.203971083454732], [-97.77236886057437, 30.203431639614124], [-97.77044915204719, 30.20184942086378], [-97.76975942912425, 30.201298138628722], [-97.76929988975752, 30.201003046975], [-97.76832793832908, 30.2006691001795], [-97.76733322098379, 30.200449046201182], [-97.76679110011617, 30.200289517634754], [-97.76603258157436, 30.199851192851497], [-97.76554229167073, 30.199475421149142], [-97.76498176358629, 30.19901818862399], [-97.76474818918422, 30.198841816401494], [-97.76448494395241, 30.198695488852245]]]]}, "properties": {"route_id": "PAM70", "district": "District 8", "garb_day": "Monday", "op_type": "Auto", "supervisor": "Carnline", "super_num": 596, "centroid_lat": 30.192107641394493, "centroid_lng": -97.76218469289181}}, {"type": "Feature", "geometry": {"type": "MultiPolygon", "coordinates": [[[[-97.75430853563482, 30.193379218324946], [-97.75516141012463, 30.19335974008227], [-97.75562786971975, 30.193431445542593], [-97.75630206963119, 30.19362462568346], [-97.75679742259206, 30.193864934079947], [-97.75679483108017, 30.19387021419405], [-97.7570363523877, 30.194039236352204], [-97.75808043946586, 30.195019524603147], [-97.75907211709031, 30.19585522553765], [-97.7591755892918, 30.195928882240842], [-97.75986684868322, 30.196420951724512], [-97.76044296293766, 30.196763562380543], [-97.76103205434794, 30.197130076010477], [-97.762166837882, 30.197464689563276], [-97.76281095596741, 30.19771370455063], [-97.76365303547873, 30.19820173227833], [-97.7640474524025, 30.198430350644987], [-97.76407425942963, 30.198457457189072], [-97.75962027536086, 30.20393638776194], [-97.75826059337265, 30.20562202123975], [-97.75765148022131, 30.206377131825942], [-97.75587774481095, 30.208821774419963], [-97.7536007972461, 30.212740219212886], [-97.75341348075247, 30.213061824851994], [-97.75283999991547, 30.212810000154875], [-97.75145999968368, 30.212140000308683], [-97.75027000009209, 30.21154999976694], [-97.74906999964287, 30.210970000260485], [-97.74890217431032, 30.210480286420836], [-97.74887159013039, 30.210366903624656], [-97.75340115222465, 30.203351570195338], [-97.7535139587722, 30.203336738267428], [-97.75397000013126, 30.20328000021934], [-97.75321999990524, 30.202729999905852], [-97.75234999983948, 30.202100000239344], [-97.75152999978734, 30.20151000034646], [-97.75159999992277, 30.20134000024813], [-97.75196999972101, 30.20012000008901], [-97.7521999997724, 30.199310000380432], [-97.75242999968792, 30.19855000003255], [-97.75266999974619, 30.197709999996356], [-97.75287999987334, 30.196980000264453], [-97.75311000026095, 30.196169999964745], [-97.75318999952339, 30.195850000079076], [-97.75289999972536, 30.19504000014316], [-97.75265999993448, 30.19432000007422], [-97.75251999953407, 30.194030000214102], [-97.75243999968977, 30.193790000330107], [-97.75244000004548, 30.19354000023295], [-97.7524350366041, 30.193480443149827], [-97.7534295740616, 30.193427488603074], [-97.75430853563482, 30.193379218324946]]]]}, "properties": {"route_id": "PT11", "district": "District 8", "garb_day": "Tuesday", "op_type": "Semi", "supervisor": "L Joyner", "super_num": 800, "centroid_lat": 30.202319758757028, "centroid_lng": -97.75577206064918}}, {"type": "Feature", "geometry": {"type": "MultiPolygon", "coordinates": [[[[-97.73487999980058, 30.231090000257726], [-97.73424999965646, 30.231060000111253], [-97.73372999978912, 30.231060000131695], [-97.73276000017327, 30.230640000414414], [-97.73162999990376, 30.230120000218356], [-97.73102000005254, 30.229830000155115], [-97.73031999961991, 30.22943000028924], [-97.73006999981112, 30.229260000017355], [-97.72977999977937, 30.22900000032352], [-97.72924999985105, 30.228420000177476], [-97.72869999957919, 30.22804000015735], [-97.72786000000661, 30.227620000379805], [-97.72782119688584, 30.227599231918873], [-97.72768742273273, 30.226714270135524], [-97.731619591902, 30.22016659651281], [-97.7307233514754, 30.219926264054855], [-97.72934235705618, 30.21844263712576], [-97.72771674069536, 30.216574307562063], [-97.7280318186917, 30.21458954446719], [-97.7280930977984, 30.214308713526467], [-97.73510120788255, 30.215253095600616], [-97.73559753733355, 30.2153199635363], [-97.7388855235659, 30.215836441338144], [-97.74060405152811, 30.21595565748583], [-97.74072736295037, 30.21596421083501], [-97.74086033100788, 30.215973433870403], [-97.74422764730197, 30.216206953727973], [-97.7486934884444, 30.21625967769518], [-97.7503533219604, 30.21633065162578], [-97.75145135425554, 30.21642776362862], [-97.75277914426272, 30.21681063592716], [-97.75390781694837, 30.217376909357412], [-97.75507114202674, 30.218262495052397], [-97.75694230036036, 30.219312251470917], [-97.75973353300326, 30.22066161199332], [-97.76260863357489, 30.2221063064242], [-97.76389880284445, 30.22285446825223], [-97.76394578014332, 30.222899232694626], [-97.76318621341842, 30.22421028642865], [-97.76248340338248, 30.22542245402963], [-97.76224859786713, 30.22594524406424], [-97.76159840425785, 30.22725437346971], [-97.76118191764515, 30.22808179457842], [-97.76022024054937, 30.22961034935696], [-97.76012454569764, 30.229564275792853], [-97.75837962733075, 30.228743687661375], [-97.75637518939199, 30.227762386194534], [-97.75464019009196, 30.226925580545444], [-97.75409613991154, 30.226656876507526], [-97.75314734504194, 30.226195911229368], [-97.75106548718178, 30.22529479015503], [-97.7503435095523, 30.224985661093182], [-97.75025513739702, 30.22494296648902], [-97.75003229174854, 30.224819825495004], [-97.74963226668754, 30.224627649789323], [-97.74868767480383, 30.224187190750772], [-97.74832192860102, 30.22394660763756], [-97.74795716930794, 30.22366922195798], [-97.74768461397015, 30.22346733955127], [-97.74735019103257, 30.223288754695197], [-97.74486779878724, 30.227373238812493], [-97.7424220736089, 30.23167639671144], [-97.74124635136745, 30.233775915321914], [-97.7411226506476, 30.23376270822577], [-97.74033708620465, 30.233583560828883], [-97.73943354398212, 30.233368704161563], [-97.73789996348431, 30.232734914940558], [-97.73692233966489, 30.232343957492468], [-97.73656055492185, 30.232145775743366], [-97.73591593491237, 30.23159791279074], [-97.73591580817617, 30.231596407472452], [-97.73577999997902, 30.231480000115354], [-97.73549999992547, 30.231310000078157], [-97.7350899995445, 30.231120000164807], [-97.73487999980058, 30.231090000257726]]]]}, "properties": {"route_id": "PT30", "district": "District 8", "garb_day": "Tuesday", "op_type": "Semi", "supervisor": "Williams", "super_num": null, "centroid_lat": 30.223003005314602, "centroid_lng": -97.74319925919227}}, {"type": "Feature", "geometry": {"type": "MultiPolygon", "coordinates": [[[[-97.6264966972002, 30.191857731891744], [-97.62715437401562, 30.190618192305603], [-97.62802678171853, 30.190777408547717], [-97.62894201208586, 30.19088513514059], [-97.62993363064015, 30.190906496600636], [-97.63020835374894, 30.190865793750515], [-97.63057248170742, 30.190855848950363], [-97.63101106148417, 30.190934673597408], [-97.63174478031068, 30.191239443711417], [-97.6324536631355, 30.19035957576626], [-97.63255983523732, 30.18996119827101], [-97.63244997641523, 30.18980445956039], [-97.63161692937766, 30.189460657390164], [-97.63202105062548, 30.189494693575202], [-97.63241357777315, 30.18940398479283], [-97.63272422566408, 30.189215631221728], [-97.63285777199039, 30.18896649922181], [-97.6328889186148, 30.18859690056388], [-97.63274015082531, 30.188310624908183], [-97.63269267492292, 30.188219264837407], [-97.63264625606121, 30.18795092818789], [-97.63262977540896, 30.18779679025721], [-97.63262955715314, 30.18756094369368], [-97.63262948204306, 30.187480133498276], [-97.63257002034744, 30.18725631823468], [-97.6323985013451, 30.187132154746187], [-97.63228969183076, 30.186889445888596], [-97.63234279159732, 30.186479514038233], [-97.63271631334952, 30.185496616666814], [-97.63285652127483, 30.185352239338034], [-97.63589923797974, 30.187786571110795], [-97.63630284885606, 30.187568810649122], [-97.63662991878486, 30.187562791745307], [-97.63765810620217, 30.18692610153655], [-97.63809416428003, 30.186741652105646], [-97.63842878717405, 30.18646470472165], [-97.63869897081435, 30.186367122157513], [-97.63888185095614, 30.186203158736042], [-97.63936461215164, 30.18594223562703], [-97.63947431886626, 30.18573800513631], [-97.6399262971691, 30.185515158044133], [-97.64025515724727, 30.185444624501905], [-97.64051336243637, 30.185243516933667], [-97.64194040932459, 30.185221890542884], [-97.63990420976782, 30.184304947643916], [-97.6351620530207, 30.181812597095018], [-97.63744885640587, 30.177943401312252], [-97.63398546367617, 30.17626665869805], [-97.62720266038002, 30.180750692375693], [-97.62203167956964, 30.184099305812527], [-97.62124880780927, 30.184610398338766], [-97.61880229604057, 30.183449350990802], [-97.61999308301179, 30.18121313083623], [-97.615565901292, 30.17908389889805], [-97.61558910864417, 30.179046477958362], [-97.6149560787185, 30.178738942618107], [-97.61504471443496, 30.178624934611168], [-97.61512962179917, 30.178536890367866], [-97.61532943033673, 30.178360136395234], [-97.61543380960781, 30.178272505397867], [-97.6155974831032, 30.178154881995532], [-97.61578197928436, 30.178042908633213], [-97.61593706423953, 30.177964167045552], [-97.61618907234984, 30.17784972003982], [-97.61638644371027, 30.177760789122793], [-97.61642281945365, 30.177702133884967], [-97.6169619809395, 30.177475974772605], [-97.61673652381434, 30.17737111841157], [-97.61697433301877, 30.177263011409842], [-97.61826994128492, 30.176674019607848], [-97.61844166438276, 30.17652626748074], [-97.61884549979392, 30.176171242072098], [-97.62021000319663, 30.174040023888587], [-97.62167235836426, 30.171708297791636], [-97.62310852542767, 30.169418202973986], [-97.6201007627305, 30.167996180416477], [-97.61833789819501, 30.167174162203455], [-97.61759414836666, 30.166823887963236], [-97.61601000111668, 30.166108075444434], [-97.61607137368988, 30.166020317937157], [-97.61618319762734, 30.165936538434746], [-97.61589956154498, 30.165801806833603], [-97.61387332258914, 30.164945170529094], [-97.6112214707712, 30.163648921681965], [-97.60999701907625, 30.163070319414643], [-97.60898198852911, 30.162581508339564], [-97.60694920532825, 30.16170262572881], [-97.60488027011338, 30.160822966476054], [-97.60417200889576, 30.16049991690437], [-97.6105773957881, 30.150560027720413], [-97.61697344552516, 30.15360183109826], [-97.6154923313258, 30.155913250521483], [-97.614000449372, 30.15796326273671], [-97.623868902073, 30.162803890885016], [-97.6266189784001, 30.164099608451096], [-97.62575166472352, 30.164092293914603], [-97.62496998928302, 30.164163382683135], [-97.62474643441772, 30.163929489759475], [-97.62422954977234, 30.163605694367234], [-97.62389669877612, 30.16364749518613], [-97.62360741944629, 30.163987727999995], [-97.62356190972066, 30.163997048752737], [-97.62705079897871, 30.16571084991749], [-97.62811982231113, 30.16624203540379], [-97.62818799337597, 30.166282268140872], [-97.63160248681146, 30.16791700422842], [-97.63325830831911, 30.166658359561414], [-97.63584014908574, 30.162602803898864], [-97.637234341308, 30.163287158209], [-97.63447618265394, 30.167584641327856], [-97.63054898833596, 30.17054743255594], [-97.62932769130786, 30.17243745661507], [-97.6320979096865, 30.17378953141391], [-97.63959257586737, 30.177386107615582], [-97.63724110042321, 30.181282856581756], [-97.63850554252303, 30.18189896221835], [-97.63961976362167, 30.182495519528516], [-97.64028739109894, 30.18288617888856], [-97.64125413187534, 30.183364997560542], [-97.64551104954896, 30.185328467476978], [-97.64616662417335, 30.18534222963345], [-97.64772442589936, 30.19065568463415], [-97.64791657958989, 30.191609493528063], [-97.64784859868976, 30.192481864061133], [-97.64751203150098, 30.193576546839775], [-97.64675798276292, 30.194445108287912], [-97.643813216944, 30.197024534160285], [-97.64295374328724, 30.197796772977092], [-97.64155393226564, 30.19905678238215], [-97.64088300128715, 30.19973140924478], [-97.64148558678438, 30.200214328493296], [-97.64196768316963, 30.20060068005629], [-97.64339567527855, 30.20181282150993], [-97.64564545993233, 30.203684345827998], [-97.64397363765823, 30.205124404609872], [-97.64403601662275, 30.205158721544127], [-97.64374732414845, 30.205418389738952], [-97.6412038785338, 30.204093589326764], [-97.63914976054205, 30.203080489243515], [-97.63742270398579, 30.202244628467717], [-97.63606512330041, 30.201530478514652], [-97.63169505350412, 30.199305250073113], [-97.62922419535917, 30.198056637881756], [-97.62774404818575, 30.197158517799163], [-97.62642212596269, 30.196249427706523], [-97.62473434931059, 30.194786679463117], [-97.62499249768595, 30.19424810425345], [-97.62558434041492, 30.193600873237678], [-97.6264966972002, 30.191857731891744]]], [[[-97.68325476038112, 30.212626130696222], [-97.68329412789834, 30.20863027135208], [-97.68330172022965, 30.205152407707132], [-97.68357175513756, 30.201710486250743], [-97.68390365830847, 30.20018804389262], [-97.68513339960089, 30.192516312574615], [-97.68540048355452, 30.190734601034347], [-97.68593334595494, 30.188855355639657], [-97.68739171109848, 30.18371176222905], [-97.68762311118, 30.182895572462595], [-97.68795429489158, 30.183036866378707], [-97.68814745804944, 30.182302749532568], [-97.6894160035963, 30.177880908489218], [-97.68985605303013, 30.177928341777502], [-97.6905964865393, 30.178288736194308], [-97.69090525583844, 30.178295110134638], [-97.69142828894013, 30.178535976579], [-97.69234517349562, 30.17890000259968], [-97.6924701726975, 30.179170997371816], [-97.69396050468923, 30.17954684020323], [-97.69422621483425, 30.179513973507625], [-97.69466313474337, 30.17967636048213], [-97.69519036912273, 30.17976391751402], [-97.69593502062293, 30.179970987040747], [-97.6968099164732, 30.180257424634764], [-97.69724788956724, 30.180381479601564], [-97.69613379149733, 30.182390827500434], [-97.69373633168082, 30.186137592303627], [-97.6932763912686, 30.18701041396684], [-97.69385398633325, 30.187483328357846], [-97.69546665770801, 30.18879197342747], [-97.69699907905725, 30.190035446142335], [-97.69731837986768, 30.190378877831435], [-97.69757091949957, 30.190675740533855], [-97.69777624834292, 30.190960923836872], [-97.69799147265618, 30.191264159667078], [-97.69805295151502, 30.191335232684054], [-97.69839520283774, 30.191714862586302], [-97.69831917531273, 30.19177980038659], [-97.69831393000544, 30.191781961251536], [-97.69843007217175, 30.19188368066909], [-97.69863549934436, 30.192065288717043], [-97.69879262555492, 30.19220290194823], [-97.69911939430249, 30.192473009019228], [-97.69930700344904, 30.192627374174], [-97.69995952313917, 30.19320519074554], [-97.70092607483383, 30.19402892875954], [-97.7017239935037, 30.19330028298582], [-97.7052359168631, 30.19009296103448], [-97.70952653226685, 30.19366413750547], [-97.70945350540485, 30.193730024381658], [-97.70517227607984, 30.197585482120207], [-97.7061964892805, 30.198448118527352], [-97.70855127949068, 30.19637566767402], [-97.70926894077328, 30.19694969180889], [-97.70928801622064, 30.19695669090957], [-97.71131876815187, 30.195092973862625], [-97.71138173099469, 30.195089893654735], [-97.71244641753788, 30.193367683131886], [-97.7135057608815, 30.191722653267938], [-97.71475227642269, 30.18977724649305], [-97.71470494695835, 30.1897525540775], [-97.71467267339636, 30.189599159752873], [-97.71461383892249, 30.189423707574043], [-97.71447635544628, 30.189153580874653], [-97.71429538331445, 30.188929737326664], [-97.71404779701952, 30.18871501366912], [-97.71359299183739, 30.188354530312097], [-97.7133918022555, 30.18820889397954], [-97.7129712405958, 30.18858815534892], [-97.71185639495586, 30.188093600692405], [-97.71104582516537, 30.187725822901495], [-97.7089953788503, 30.18680324181131], [-97.70878831205333, 30.186652235916522], [-97.70826359525137, 30.18620119471143], [-97.70670585576858, 30.184911292749497], [-97.70648744861928, 30.184733842831196], [-97.70565261317168, 30.185481964713556], [-97.70491049449825, 30.186148121839445], [-97.70312722886115, 30.18472250732491], [-97.70299210672844, 30.184588694906967], [-97.70403135611187, 30.18364561251013], [-97.7040787401591, 30.183678034193743], [-97.70467902469127, 30.183124283119014], [-97.70487914806127, 30.183086460457865], [-97.70537003411974, 30.18256190815195], [-97.70631518513007, 30.181527772149902], [-97.70658837243818, 30.181465238548213], [-97.706993928852, 30.181415903385467], [-97.70854108754206, 30.181316597959285], [-97.70907460014658, 30.181442848239147], [-97.7099120727206, 30.18170636160274], [-97.71004919223185, 30.181766827405696], [-97.71215900625293, 30.182276533459994], [-97.71406178727605, 30.182189683483983], [-97.71461809383233, 30.18169788448802], [-97.71483658336047, 30.181649938787952], [-97.7156295953193, 30.181996368817003], [-97.71609388391596, 30.182451385187083], [-97.71633145626326, 30.182812660962778], [-97.71682363170596, 30.183352108281632], [-97.7175338939883, 30.18422097995167], [-97.71770879354416, 30.184404400760272], [-97.71769869094821, 30.184467921807173], [-97.71774392987592, 30.184515253159997], [-97.72103063015923, 30.18662560792858], [-97.72977104057442, 30.190092657768098], [-97.73304999968288, 30.19063000017983], [-97.73305092350616, 30.19063031052734], [-97.73305011600952, 30.190630833147484], [-97.73303883034814, 30.19069288471288], [-97.7326015042019, 30.190690336324074], [-97.73233154409304, 30.190729348860984], [-97.73180707856586, 30.19094673544676], [-97.73053918155851, 30.19166627522387], [-97.72991022301267, 30.191959398044997], [-97.72805037327639, 30.19302284458676], [-97.72669498057233, 30.19413547047735], [-97.72605144213406, 30.19496779440741], [-97.7245539802798, 30.19754587915818], [-97.72394587560682, 30.198546470420723], [-97.72286951199872, 30.199873321500593], [-97.72146880745308, 30.201353456027725], [-97.72018153970488, 30.202189306173103], [-97.71848023565597, 30.203239170681034], [-97.71795695426756, 30.203645635671577], [-97.7174447765696, 30.20423309233542], [-97.71614162023577, 30.20624355824519], [-97.7147622633238, 30.208405410868057], [-97.71363491957209, 30.210127442744632], [-97.71255059900672, 30.211969221412435], [-97.71239264248919, 30.21222154717588], [-97.71145249110407, 30.212122363460633], [-97.7108861713252, 30.212133342160232], [-97.7097865344533, 30.21221734978859], [-97.7088238944958, 30.212424851721867], [-97.7033935852134, 30.21412528320433], [-97.69871229812044, 30.215619652495395], [-97.6934909540309, 30.217293411435637], [-97.69068883754308, 30.21820842031345], [-97.690498063454, 30.218285186770213], [-97.68986509636827, 30.218553846367833], [-97.68849625537615, 30.219296199665536], [-97.68761159269039, 30.21976556500053], [-97.68513653135227, 30.221113163082446], [-97.68366883351518, 30.22182709739342], [-97.6831741932843, 30.221959002189177], [-97.68317419433849, 30.22195896376898], [-97.68333580030169, 30.214793944454556], [-97.68325476038112, 30.212626130696222]]]]}, "properties": {"route_id": "PAW73", "district": "District 10", "garb_day": "Wednesday", "op_type": "Auto", "supervisor": "Carnline", "super_num": 596, "centroid_lat": 30.19191952756832, "centroid_lng": -97.67438963807314}}, {"type": "Feature", "geometry": {"type": "MultiPolygon", "coordinates": [[[[-97.6832144737979, 30.230621832355563], [-97.68983521099825, 30.226132603814797], [-97.69117457374098, 30.22522434844246], [-97.69244246526323, 30.226302581385116], [-97.69699390735299, 30.2221918146005], [-97.6978278708482, 30.222552938141057], [-97.69970794376195, 30.223385536324916], [-97.70112762848616, 30.224011401187138], [-97.70131485982097, 30.224117534185783], [-97.70239635270683, 30.224583823378186], [-97.70333516546053, 30.22492876492238], [-97.70342721376053, 30.224960108101467], [-97.70339999984427, 30.225010000112203], [-97.70297000009042, 30.2257100001703], [-97.70247000004287, 30.226500000018223], [-97.702009999754, 30.227259999945126], [-97.70154000009143, 30.228030000022226], [-97.70104505462432, 30.22877047569597], [-97.70104197674009, 30.228771033385037], [-97.7010425558338, 30.228774213804876], [-97.70020999951387, 30.23012000040083], [-97.69976999982002, 30.23082000040888], [-97.69958946147769, 30.23105194326225], [-97.69958503508661, 30.23105286331557], [-97.69913246571937, 30.23176929323746], [-97.69869992367639, 30.23243167760544], [-97.69788690492521, 30.23372516172376], [-97.69788704608409, 30.233726995404247], [-97.69788491633486, 30.23372789819497], [-97.69781679443336, 30.233833730887426], [-97.697329999948, 30.234589999946042], [-97.69706279111637, 30.23499683757708], [-97.69681396609144, 30.23537568262461], [-97.69666231631271, 30.23560692698398], [-97.69644715741784, 30.23586187672787], [-97.69627711246208, 30.236063369310255], [-97.696168812386, 30.236191696551174], [-97.69575217355776, 30.236817732864733], [-97.69544417485221, 30.237280520738462], [-97.69528111333074, 30.23752552971492], [-97.69503999995487, 30.23813000018964], [-97.69489185332814, 30.238370738823598], [-97.69471999960795, 30.238650000007436], [-97.69436672932164, 30.239075145122587], [-97.69397179215926, 30.23974888384715], [-97.69360447440553, 30.240375496088298], [-97.69326545786754, 30.240828408811392], [-97.69288999964975, 30.24133000025034], [-97.6927299999357, 30.241440000043823], [-97.69248999959075, 30.24167999995302], [-97.69223000003505, 30.24188000006166], [-97.69199999994983, 30.242099999907353], [-97.6916679272386, 30.242341098296144], [-97.69100550642264, 30.242685856009253], [-97.69068048189327, 30.242852249878187], [-97.69054000001049, 30.242980000147682], [-97.6903812688091, 30.24315104690787], [-97.69036034217699, 30.24319863325798], [-97.68937118868023, 30.241506761510514], [-97.68818928289797, 30.239825217986386], [-97.68640294683902, 30.23680050660082], [-97.68453787763676, 30.233552820985004], [-97.68353110007301, 30.23154012320358], [-97.6832144737979, 30.230621832355563]]]]}, "properties": {"route_id": "PH41", "district": "District 10", "garb_day": "Thursday", "op_type": "Semi", "supervisor": "Klair", "super_num": 400, "centroid_lat": 30.23168401899848, "centroid_lng": -97.69287112926942}}, {"type": "Feature", "geometry": {"type": "MultiPolygon", "coordinates": [[[[-97.7514527048359, 30.216428153155896], [-97.75360079755086, 30.212740218946458], [-97.7558777448955, 30.20882177402709], [-97.75765148053601, 30.206377131517556], [-97.75962027522584, 30.203936387524376], [-97.76407848719549, 30.198452256171674], [-97.76448494411943, 30.198695488710086], [-97.76474818938331, 30.19884181619369], [-97.7649817635641, 30.19901818857537], [-97.76554229182054, 30.19947542080344], [-97.76603258143086, 30.199851192722466], [-97.7667911004161, 30.20028951765133], [-97.76733322098477, 30.200449046223483], [-97.7683279387223, 30.200669100160898], [-97.76929989005565, 30.201003046733952], [-97.76975942907694, 30.2012981387907], [-97.77044915198057, 30.201849420486734], [-97.77236886087563, 30.20343163961163], [-97.77303917866742, 30.20397108312958], [-97.77350305119312, 30.204352015168407], [-97.77403544686743, 30.20463139440992], [-97.7747128961426, 30.20490223422588], [-97.77479638126897, 30.204936480793858], [-97.77475351867947, 30.20506135629971], [-97.77450288195409, 30.205590699603874], [-97.77423303000703, 30.206249821057654], [-97.7739759554058, 30.206724229543788], [-97.77360895822056, 30.20747731751951], [-97.77260310173345, 30.209121918619164], [-97.77157283424833, 30.210793427076535], [-97.7700106549431, 30.213187304085807], [-97.76869509461855, 30.21520246537445], [-97.76702336757134, 30.217854441659433], [-97.76495562570092, 30.221156122913253], [-97.7639457802757, 30.222899232644487], [-97.76389880295048, 30.22285446798865], [-97.76260863333057, 30.222106306030476], [-97.75973353316733, 30.220661611782067], [-97.7569423006185, 30.219312251646368], [-97.7550711425155, 30.218262494738056], [-97.75390781727515, 30.21737690935231], [-97.75277914438556, 30.21681063563683], [-97.7514527048359, 30.216428153155896]]]]}, "properties": {"route_id": "PT10", "district": "District 8", "garb_day": "Tuesday", "op_type": "Semi", "supervisor": "L Joyner", "super_num": 800, "centroid_lat": 30.210652761696185, "centroid_lng": -97.76336106329146}}, {"type": "Feature", "geometry": {"type": "MultiPolygon", "coordinates": [[[[-97.7082343122054, 30.392351461224983], [-97.70458240672588, 30.39084587195834], [-97.70456532983785, 30.390851391286276], [-97.703240589152, 30.390259627575535], [-97.70274871518585, 30.39003366159565], [-97.70227644090723, 30.389791488935252], [-97.70165418335452, 30.389429994506713], [-97.70014619573568, 30.388535526351], [-97.69956133606357, 30.388208001644188], [-97.69956489795368, 30.388201480328696], [-97.69950390340904, 30.388206822550966], [-97.69862215339217, 30.387632987005638], [-97.69858171025028, 30.38760666633977], [-97.6977511654042, 30.387157843280967], [-97.69569504538579, 30.386120822325243], [-97.69569171022317, 30.386119140352434], [-97.6943310727837, 30.385443512417766], [-97.6930387016793, 30.384937806750198], [-97.69307895656551, 30.384859150170737], [-97.69285547560636, 30.38477446579371], [-97.69286999995863, 30.384720000081273], [-97.69303999981663, 30.38429000018396], [-97.69411999964127, 30.38269000024851], [-97.69477999970567, 30.38268999998259], [-97.69533999975374, 30.38268999990758], [-97.69593999960517, 30.382690000384294], [-97.69702200048353, 30.382710563028365], [-97.69754633658616, 30.382720165223567], [-97.69788843391532, 30.38277053426412], [-97.69788999983211, 30.382769999872654], [-97.69823000005445, 30.382890000403467], [-97.69858999978415, 30.383060000271982], [-97.69907214957969, 30.382900876124584], [-97.70027457575574, 30.381336046086222], [-97.70094037421289, 30.380543015624514], [-97.70165557546309, 30.380920948209585], [-97.70193633665288, 30.380746319535525], [-97.70265327765735, 30.380761645153964], [-97.70606549007778, 30.38241188983303], [-97.70648044224848, 30.381850157972917], [-97.70687524098874, 30.381251946777052], [-97.70720894958448, 30.380759355638574], [-97.70746697659142, 30.380424513203238], [-97.70780970338001, 30.380079784779845], [-97.70797480047614, 30.37995325892925], [-97.70890589514659, 30.38079955704307], [-97.70914353249951, 30.38109030481509], [-97.70939981082195, 30.38164679040664], [-97.70923687542206, 30.38170221110243], [-97.70927766389191, 30.382337989253863], [-97.70878343999334, 30.383305484085], [-97.71252204419353, 30.385031116091557], [-97.71258750781223, 30.38506169550167], [-97.71124070950981, 30.38705365346171], [-97.71096734829563, 30.38755703855765], [-97.71054749843505, 30.388547493890382], [-97.71015677155573, 30.389155844415473], [-97.70952467228253, 30.390383706652134], [-97.70885196795781, 30.391450316481883], [-97.7082343122054, 30.392351461224983]]]]}, "properties": {"route_id": "PH10", "district": "District 6", "garb_day": "Thursday", "op_type": "Semi", "supervisor": "L Joyner", "super_num": 800, "centroid_lat": 30.385763689555603, "centroid_lng": -97.7038069779793}}, {"type": "Feature", "geometry": {"type": "MultiPolygon", "coordinates": [[[[-97.73573146133897, 30.249895214020828], [-97.73542812263095, 30.24823115960591], [-97.73537282923189, 30.247968630225174], [-97.73586976529167, 30.24807709722788], [-97.73615635712484, 30.248156919106197], [-97.73648723378291, 30.248328360531755], [-97.73735507141745, 30.24918871909069], [-97.73749810771305, 30.249289502559293], [-97.73887676578528, 30.249882408545982], [-97.73892142999175, 30.24980800220347], [-97.73932000010505, 30.248720000068577], [-97.73966999990489, 30.24778999980599], [-97.74009999999404, 30.247189999924057], [-97.74050999987138, 30.246580000311965], [-97.74119999955403, 30.24562000002781], [-97.74185038313361, 30.24468987152009], [-97.74270537059512, 30.245094068143377], [-97.74348247160803, 30.245472664533338], [-97.7443331042379, 30.245885053631827], [-97.74463266429304, 30.24603029608084], [-97.7449469969785, 30.246158436866896], [-97.74518055040478, 30.24630781793876], [-97.74491012988541, 30.24599341492857], [-97.74497012745796, 30.245589145701175], [-97.7448651591713, 30.244920114600095], [-97.74524034574075, 30.244549223739565], [-97.7450044554627, 30.244322227770606], [-97.74519885380545, 30.24366985788699], [-97.74585828253466, 30.242468330976422], [-97.74656815948259, 30.241184037073577], [-97.74700028043067, 30.240061697169764], [-97.74774015790331, 30.239809703286564], [-97.74724446825894, 30.239161565125414], [-97.74788456585367, 30.23704972902817], [-97.74881037343914, 30.236740196765396], [-97.74893138818393, 30.23676060961338], [-97.7499100000414, 30.236910000105553], [-97.75013999975451, 30.23697000016757], [-97.75026999963328, 30.237030000196558], [-97.75049000015326, 30.237080000092536], [-97.7505999996801, 30.2371100003849], [-97.75153000007514, 30.237500000407547], [-97.75356998571917, 30.238769991400478], [-97.75339646296464, 30.238968546787202], [-97.75307097076127, 30.239338779806683], [-97.75295325161534, 30.239610436474667], [-97.75290044812965, 30.23981489448625], [-97.75276443167016, 30.24077125406267], [-97.75254130012253, 30.241739559493634], [-97.75236875763503, 30.242290990958843], [-97.7521292816843, 30.242984938513285], [-97.7518160807931, 30.24378016076096], [-97.75142494226625, 30.24483413912752], [-97.75090854250264, 30.246145918253298], [-97.75043926413628, 30.247465496279215], [-97.74990872227269, 30.249009911653815], [-97.7495105714577, 30.25002949041353], [-97.7491247036689, 30.251179479269954], [-97.74874175951042, 30.252219914362524], [-97.74871498333685, 30.25233583652033], [-97.74776418653863, 30.254837717898855], [-97.74677335417569, 30.257359337897515], [-97.74626984722367, 30.258774123256874], [-97.74607559458597, 30.25924975190905], [-97.74562324613412, 30.260521703052923], [-97.74510792368689, 30.261766428875635], [-97.74510251047238, 30.261764393077403], [-97.74486043859058, 30.261549265810704], [-97.74464729531506, 30.26135984626833], [-97.7429694608552, 30.259868720812634], [-97.74216845548278, 30.25832294002769], [-97.74181649776199, 30.256967328391628], [-97.74176023487162, 30.256750620826843], [-97.74145101062253, 30.25616051339456], [-97.7406306575706, 30.254594954098987], [-97.7401839890265, 30.25400951613778], [-97.73977004190026, 30.253466957966612], [-97.73908808332338, 30.252573101864854], [-97.73760067652057, 30.25154766002147], [-97.73598365377683, 30.250911942967306], [-97.73594161517217, 30.250892734835574], [-97.73589226969605, 30.250870188050786], [-97.73588923914035, 30.250868803137777], [-97.73585754088022, 30.250854319764006], [-97.73573146133897, 30.249895214020828]]]]}, "properties": {"route_id": "PT20", "district": "District 5", "garb_day": "Tuesday", "op_type": "Semi", "supervisor": "Clark", "super_num": null, "centroid_lat": 30.24872929768501, "centroid_lng": -97.74551766050396}}, {"type": "Feature", "geometry": {"type": "MultiPolygon", "coordinates": [[[[-97.7350371835101, 30.24464837734318], [-97.73522874777919, 30.24398496889216], [-97.735368956901, 30.243617502176523], [-97.73572696003166, 30.242908107616714], [-97.7376786509884, 30.23972380962966], [-97.73953249418909, 30.236593228659647], [-97.74058968734056, 30.234788488042888], [-97.74120522722023, 30.233771524640844], [-97.74124635136748, 30.23377591532189], [-97.74242207360896, 30.23167639671144], [-97.74486779878721, 30.227373238812465], [-97.74735019103251, 30.223288754695197], [-97.74768461397029, 30.223467339551245], [-97.74795716930794, 30.22366922195793], [-97.74832192860106, 30.22394660763756], [-97.74868767480389, 30.224187190750747], [-97.74963226668768, 30.224627649789323], [-97.75003229174868, 30.22481982549498], [-97.75025513739716, 30.22494296648902], [-97.75034350955238, 30.224985661093182], [-97.75106548718188, 30.225294790155015], [-97.75314734504194, 30.226195911229343], [-97.75409613991154, 30.226656876507487], [-97.75464019009196, 30.22692558054542], [-97.75637518939199, 30.227762386194534], [-97.7583796273307, 30.228743687661336], [-97.76012454569772, 30.229564275792825], [-97.76022024054947, 30.22961034935691], [-97.76016041202249, 30.229705442822375], [-97.75822491906922, 30.2327630597899], [-97.75811520386317, 30.2329335260442], [-97.75679278743594, 30.234988140729346], [-97.75486142016153, 30.237292217466692], [-97.75356998571917, 30.238769991400478], [-97.75153000007514, 30.237500000407547], [-97.7505999996801, 30.2371100003849], [-97.75049000015326, 30.237080000092536], [-97.75026999963328, 30.237030000196558], [-97.75013999975451, 30.23697000016757], [-97.7499100000414, 30.236910000105553], [-97.74893138818393, 30.23676060961338], [-97.74881037343914, 30.236740196765396], [-97.74788456585367, 30.23704972902817], [-97.74724446825894, 30.239161565125414], [-97.74774015790331, 30.239809703286564], [-97.74700028043067, 30.240061697169764], [-97.74656815948259, 30.241184037073577], [-97.74585828253466, 30.242468330976422], [-97.74519885380545, 30.24366985788699], [-97.7450044554627, 30.244322227770606], [-97.74524034574075, 30.244549223739565], [-97.7448651591713, 30.244920114600095], [-97.74497012745796, 30.245589145701175], [-97.74491012988541, 30.24599341492857], [-97.74518055040478, 30.24630781793876], [-97.7449469969785, 30.246158436866896], [-97.74463266429304, 30.24603029608084], [-97.7443331042379, 30.245885053631827], [-97.74348247160803, 30.245472664533338], [-97.74270537059512, 30.245094068143377], [-97.74185038313361, 30.24468987152009], [-97.74119999955403, 30.24562000002781], [-97.74050999987138, 30.246580000311965], [-97.74009999999404, 30.247189999924057], [-97.73966999990489, 30.24778999980599], [-97.73932000010505, 30.248720000068577], [-97.73892142999175, 30.24980800220347], [-97.73887676578528, 30.249882408545982], [-97.73749810771305, 30.249289502559293], [-97.73735507141745, 30.24918871909069], [-97.73648723378291, 30.248328360531755], [-97.73615635712484, 30.248156919106197], [-97.73586976529167, 30.24807709722788], [-97.73537282923189, 30.247968630225174], [-97.73511945331057, 30.24676559943598], [-97.73498985625527, 30.24603763803973], [-97.73496449376569, 30.24550175910736], [-97.7350371835101, 30.24464837734318]]]]}, "properties": {"route_id": "PT21", "district": "District 7", "garb_day": "Tuesday", "op_type": "Semi", "supervisor": "Clark", "super_num": null, "centroid_lat": 30.23549971003651, "centroid_lng": -97.74671706395648}}, {"type": "Feature", "geometry": {"type": "MultiPolygon", "coordinates": [[[[-97.75169071207101, 30.280039545618585], [-97.75083063707076, 30.27997546831686], [-97.75054405746238, 30.279970097597975], [-97.75051667481227, 30.279731568159203], [-97.75067103697468, 30.27884575245518], [-97.75078476869233, 30.278313256544568], [-97.75086516875581, 30.27806698055614], [-97.75118999970123, 30.277340000089758], [-97.75142000022323, 30.27689000019327], [-97.7514216145878, 30.27688899580383], [-97.7514203762389, 30.27688854564499], [-97.75182526973087, 30.275958602405044], [-97.75227148680345, 30.27501598066715], [-97.7527691909424, 30.27395824009669], [-97.7539645997549, 30.271535631950314], [-97.75460317202806, 30.2702909527376], [-97.7551684603177, 30.269033972525655], [-97.75578705675353, 30.267627409791807], [-97.75617853579645, 30.266743442430574], [-97.75625184519825, 30.266513482317038], [-97.75657823580914, 30.26575567498819], [-97.75714490180916, 30.26615043531143], [-97.75715250042076, 30.266148513253167], [-97.76131459973044, 30.26795936240358], [-97.76252920487944, 30.26841633815269], [-97.76405564940924, 30.26899061642506], [-97.76628192140527, 30.26986130450628], [-97.76921222006234, 30.271371851494308], [-97.77117678968484, 30.273413734615534], [-97.77117726416994, 30.27341689445539], [-97.77166490142385, 30.27379693604276], [-97.77168081912791, 30.273775174762388], [-97.77169950423735, 30.273792158022534], [-97.77011728597671, 30.27595408092515], [-97.76825385862307, 30.278425053855905], [-97.76686481727631, 30.280745090937472], [-97.76583342011257, 30.282882702502658], [-97.76496747466453, 30.28448405509075], [-97.76399184532454, 30.285950646778353], [-97.76397287766031, 30.285940693720388], [-97.76345701564887, 30.285669996665508], [-97.76313188905922, 30.285491224196964], [-97.76262016245497, 30.28513089965899], [-97.76251622113341, 30.28503304295049], [-97.76202333883491, 30.284679698527608], [-97.7619108253568, 30.284617996919394], [-97.7618249343914, 30.284556829412608], [-97.76037550706607, 30.283543603468395], [-97.76031307831562, 30.28350863865084], [-97.759976783644, 30.283394367292843], [-97.75913917876291, 30.283092387045922], [-97.75857214614238, 30.282945428485768], [-97.75794652071102, 30.28277391707794], [-97.75763590169872, 30.282706902944383], [-97.75695582163402, 30.282557664973574], [-97.75651787276212, 30.28241796719234], [-97.75622276289135, 30.282173622169413], [-97.75538940450006, 30.281511748354436], [-97.75496891657417, 30.28118920135917], [-97.7549513212062, 30.28117570350222], [-97.75422289978137, 30.28061877749607], [-97.75381851232132, 30.280432998356577], [-97.75351428559975, 30.280328705230698], [-97.7527869039054, 30.280136420017833], [-97.7524220890941, 30.28008232562653], [-97.75169071207101, 30.280039545618585]]]]}, "properties": {"route_id": "PF33", "district": "District 5", "garb_day": "Friday", "op_type": "Semi", "supervisor": "Williams", "super_num": null, "centroid_lat": 30.27573595358128, "centroid_lng": -97.76081818525324}}, {"type": "Feature", "geometry": {"type": "MultiPolygon", "coordinates": [[[[-97.7439293322657, 30.295929369250153], [-97.74281081395442, 30.295423897252903], [-97.74279232876144, 30.295449534247354], [-97.74209628802032, 30.296504582624276], [-97.74113263068477, 30.29603252583946], [-97.74023967694025, 30.295635306974926], [-97.73976849182043, 30.295383389796683], [-97.73936106006279, 30.29521897259013], [-97.73935910442646, 30.29521958769526], [-97.73935909639019, 30.295219138150113], [-97.73842394189445, 30.294735760043636], [-97.73784999974201, 30.29449000032138], [-97.73745999988263, 30.294309999778335], [-97.73599000012504, 30.29317000029503], [-97.73632999959841, 30.29289000014403], [-97.73642000006866, 30.292770000286605], [-97.73650999983826, 30.29244999988026], [-97.736565587491, 30.291716555214766], [-97.7367888747466, 30.291732981478223], [-97.73774139359584, 30.291803048818895], [-97.73775180132145, 30.29180381456942], [-97.73834524371888, 30.291844381302464], [-97.73888611599249, 30.291881352503847], [-97.73890755496602, 30.291882817877255], [-97.73897817693617, 30.291889679502848], [-97.73966253374526, 30.291956167451215], [-97.73973538230888, 30.291963244774827], [-97.74003351803981, 30.291992208941885], [-97.7401288178696, 30.292001466845186], [-97.74019193924352, 30.2920125523506], [-97.74029151586888, 30.29203003993564], [-97.74031786095576, 30.29202653539523], [-97.74114463278984, 30.29204364946962], [-97.74114478904893, 30.29204066189639], [-97.74115158481554, 30.29191085535948], [-97.74123083293729, 30.290921042952313], [-97.74126089379271, 30.290563170685484], [-97.74126447009048, 30.29052059283601], [-97.74126755420033, 30.29049541309409], [-97.74134396164642, 30.289871666035232], [-97.74135181826618, 30.289765900335922], [-97.74144211932882, 30.288828610931283], [-97.74145063255958, 30.28872455599516], [-97.74156181027611, 30.287464301084967], [-97.7416611284992, 30.286550185777873], [-97.74167058932593, 30.286434012166534], [-97.74178321537528, 30.28505104358955], [-97.74178904822787, 30.284991041887437], [-97.74179554451635, 30.285001845112184], [-97.74179850221473, 30.28500676469418], [-97.74179298888933, 30.284950502782813], [-97.74189880932518, 30.283861932711602], [-97.74189119067951, 30.283861424450656], [-97.7397183766032, 30.28371632295566], [-97.73970968486701, 30.283715742654422], [-97.73968352259887, 30.283713995284895], [-97.73960344903114, 30.28370656929941], [-97.73959964954214, 30.283704556716316], [-97.7393391600634, 30.28356657236363], [-97.73923858048691, 30.283513294120965], [-97.73874389324936, 30.283251250018726], [-97.73874230629035, 30.283245469086722], [-97.7388189147624, 30.282432051123166], [-97.73886749582195, 30.281916216467742], [-97.73889663708017, 30.281606792345865], [-97.73997128392669, 30.281201017562264], [-97.74044999982642, 30.28136000032688], [-97.74096999962116, 30.281489999916747], [-97.74148999964886, 30.281650000373737], [-97.74207999957409, 30.281810000352767], [-97.74232501629187, 30.28188092596368], [-97.74245999991435, 30.281920000261653], [-97.74257999961611, 30.28197000016408], [-97.74309999970605, 30.28210000039975], [-97.74364999997627, 30.28226000038985], [-97.7440900001655, 30.28236000018], [-97.74484000016552, 30.282580000305483], [-97.74515000016511, 30.2826399998164], [-97.74594845787152, 30.282881571052773], [-97.7467300002611, 30.283079999834946], [-97.74717999977662, 30.283199999749378], [-97.74833999953667, 30.283520000035598], [-97.74949999960461, 30.283870000020837], [-97.74990999974298, 30.28397000018004], [-97.75160764645882, 30.283783562767127], [-97.75191010397826, 30.283742748594292], [-97.75221138352425, 30.283686221438327], [-97.7529772291773, 30.284887485021024], [-97.7531653805457, 30.285492187200347], [-97.75319841856908, 30.28637944652794], [-97.75309821164927, 30.28715566171105], [-97.75276691605129, 30.28850843630371], [-97.75276166694651, 30.28852362014099], [-97.75276743858275, 30.288526347534003], [-97.75413985187382, 30.28891560230904], [-97.75466999987007, 30.289049999820346], [-97.75501999999153, 30.289020000132137], [-97.7553400000863, 30.28901999992433], [-97.75562999968261, 30.289079999980803], [-97.75588999966584, 30.289220000056734], [-97.75609999977353, 30.289349999970636], [-97.75630000015605, 30.28954000003389], [-97.75647000003924, 30.289830000278034], [-97.75669999965328, 30.29018000040314], [-97.75701999977956, 30.290530000037553], [-97.75744999981185, 30.290910000315776], [-97.757829999928, 30.291120000345078], [-97.75807000001794, 30.29124000013132], [-97.75860999959214, 30.291500000285385], [-97.75881999965807, 30.291599999896114], [-97.75889999995923, 30.291639999975988], [-97.75898999956402, 30.291690000271874], [-97.75908000003862, 30.291689999926074], [-97.75924884737088, 30.291756546062928], [-97.76006094330761, 30.292153247497], [-97.7600587642975, 30.292157590452398], [-97.75844334641597, 30.29756491354231], [-97.75844270585733, 30.29757051298133], [-97.75793708104008, 30.29756035426675], [-97.75774721618187, 30.297650899337082], [-97.7555999998667, 30.29667999992017], [-97.75466516625619, 30.296230934326793], [-97.75263999968072, 30.29527000024738], [-97.75229000011636, 30.294880000042816], [-97.75190999995687, 30.29449000009271], [-97.7515399997108, 30.294300000004444], [-97.75098999974689, 30.29412999994585], [-97.75036999954652, 30.29372000016325], [-97.75009102744417, 30.293642485366064], [-97.74947010897725, 30.293713529934173], [-97.74902951812743, 30.293728520709085], [-97.7487737271802, 30.293520429802438], [-97.7485991506509, 30.29336172501915], [-97.74832322506009, 30.293166173069512], [-97.74811765708164, 30.29298573803987], [-97.74805542956848, 30.292871154399265], [-97.74796992786077, 30.292542035947164], [-97.7477281086594, 30.29263159833705], [-97.74706357340466, 30.292884987314885], [-97.74702669676842, 30.292894024480237], [-97.74700431529554, 30.293285618342217], [-97.74735746507183, 30.293873730181], [-97.74879118791848, 30.296111029177442], [-97.74879451539088, 30.29612347668124], [-97.74892767544117, 30.296621633316573], [-97.74891148718429, 30.297082383202707], [-97.74879515528097, 30.29754445484098], [-97.7486204696659, 30.297885068965346], [-97.74846368021049, 30.298132491994068], [-97.74845111676353, 30.2981256345424], [-97.74820942431894, 30.297993718285085], [-97.74782262816314, 30.297772084297794], [-97.74753374022066, 30.297632611104344], [-97.74708841778596, 30.297439863556853], [-97.74667379322614, 30.297251075699638], [-97.74636987317055, 30.297097932000312], [-97.74598541093485, 30.296933137813646], [-97.74573832102263, 30.29681455150857], [-97.74550590833654, 30.2967229896324], [-97.74517845550054, 30.29658607342651], [-97.7449770983087, 30.2964851142925], [-97.74478325903743, 30.296390988813037], [-97.74433168407172, 30.296144647199934], [-97.7439293322657, 30.295929369250153]]]]}, "properties": {"route_id": "PF13", "district": "District 5", "garb_day": "Friday", "op_type": "Semi", "supervisor": "L Joyner", "super_num": 800, "centroid_lat": 30.2903311113161, "centroid_lng": -97.74800967543347}}, {"type": "Feature", "geometry": {"type": "MultiPolygon", "coordinates": [[[[-97.66791741121686, 30.276047206399898], [-97.66811565076226, 30.276183901747107], [-97.66854024377113, 30.27764906398261], [-97.67325402547642, 30.27996952274574], [-97.67392031510758, 30.27942139269048], [-97.67407141524423, 30.280827083751714], [-97.67653991702493, 30.282531182674237], [-97.67822493135002, 30.282655035730784], [-97.67912946008715, 30.28185231242424], [-97.68004033179292, 30.282320652904037], [-97.68053044912939, 30.28209483976662], [-97.68155300076126, 30.282558768556562], [-97.68137096771405, 30.28294035337845], [-97.6819688717554, 30.28275524855235], [-97.68350062613484, 30.283509704962523], [-97.68409612301404, 30.283415552571775], [-97.6841748621041, 30.283352572108555], [-97.68416724154889, 30.283364158098852], [-97.68359359265524, 30.284221474053695], [-97.68295906324366, 30.285240754169138], [-97.68254234298436, 30.285897196350902], [-97.68254661901894, 30.285899123291586], [-97.68253825419536, 30.28590149251392], [-97.68247930591379, 30.28599543229835], [-97.68204532947446, 30.286679051390827], [-97.68150961549199, 30.28752415138756], [-97.68061249019185, 30.288939206614266], [-97.67995869404244, 30.289995005497097], [-97.67860646034164, 30.292045425515056], [-97.6781985122802, 30.292785006436596], [-97.67775219730648, 30.293682822470643], [-97.67775159456579, 30.293682536501336], [-97.67773734064615, 30.29367577375242], [-97.67747179410597, 30.293540278895957], [-97.67738058787764, 30.293493740794766], [-97.67656488165488, 30.293113310171336], [-97.67598812377399, 30.29292968880334], [-97.67565751363425, 30.29289253982764], [-97.67521475490862, 30.292913651452423], [-97.67482931007156, 30.29296624411818], [-97.67386127912012, 30.29334771144393], [-97.67237062045314, 30.29393510799946], [-97.67205494834751, 30.293989141045117], [-97.67162464849825, 30.293980205380297], [-97.67131148101913, 30.293943407478206], [-97.67096676531992, 30.293784778592737], [-97.66888797975433, 30.29279237560414], [-97.6686919487433, 30.292727712621755], [-97.66826221216749, 30.292698581436852], [-97.6678075444349, 30.292729517763476], [-97.66717341480974, 30.292938481733824], [-97.66678545607067, 30.293081879237477], [-97.6664110778517, 30.29315487277979], [-97.6661668560106, 30.293149790611185], [-97.66588913996115, 30.293093521293144], [-97.66539408853808, 30.292901454433448], [-97.66371896335166, 30.29224375756557], [-97.6636799838786, 30.29222845286336], [-97.66366052679903, 30.292220813328285], [-97.66365470290873, 30.292111168512836], [-97.66428022390585, 30.289851643643097], [-97.6651966761736, 30.286226783655632], [-97.66609538970758, 30.282889939849174], [-97.6670102880038, 30.27944792425408], [-97.66780183230834, 30.27651155986442], [-97.66791741121686, 30.276047206399898]]]]}, "properties": {"route_id": "PAF72", "district": "District 1", "garb_day": "Friday", "op_type": "Auto", "supervisor": "Carnline", "super_num": 596, "centroid_lat": 30.286593063157387, "centroid_lng": -97.67271071819148}}, {"type": "Feature", "geometry": {"type": "MultiPolygon", "coordinates": [[[[-97.73589582825215, 30.250962388441565], [-97.73585754088022, 30.250854319764006], [-97.73588923914035, 30.250868803137777], [-97.73589226969605, 30.250870188050786], [-97.73591546992473, 30.250880789077357], [-97.73594161517217, 30.250892734835574], [-97.73598365377683, 30.250911942967306], [-97.73760067652057, 30.25154766002147], [-97.73908808332338, 30.252573101864854], [-97.7401839890265, 30.25400951613778], [-97.7406306575706, 30.254594954098987], [-97.74145101062253, 30.25616051339456], [-97.74176023487162, 30.256750620826843], [-97.74181649776199, 30.256967328391628], [-97.74216845548278, 30.25832294002769], [-97.7429694608552, 30.259868720812634], [-97.74464729531506, 30.26135984626833], [-97.74486043859058, 30.261549265810704], [-97.74510251047238, 30.261764393077403], [-97.74513987095622, 30.26177844305499], [-97.74798468673212, 30.262848246517887], [-97.75139028635174, 30.26412551246097], [-97.75139788684452, 30.264127879118135], [-97.75477447372648, 30.265179428858485], [-97.75654871131475, 30.265731923470938], [-97.75657075094932, 30.265738786442377], [-97.75659211067932, 30.26574543782158], [-97.75659903135711, 30.265748562346538], [-97.75657823580914, 30.26575567498819], [-97.75625184519825, 30.266513482317038], [-97.75617853579645, 30.266743442430574], [-97.75578705675353, 30.267627409791807], [-97.7551684603177, 30.269033972525655], [-97.75460317202806, 30.2702909527376], [-97.7539645997549, 30.271535631950314], [-97.7527691909424, 30.27395824009669], [-97.75227148680345, 30.27501598066715], [-97.75182526973087, 30.275958602405044], [-97.7514203762389, 30.27688854564499], [-97.75142161460126, 30.27688899530049], [-97.75142000022323, 30.27689000019327], [-97.75118999970123, 30.277340000089758], [-97.75086516875581, 30.27806698055614], [-97.75078476869233, 30.278313256544568], [-97.75067103697468, 30.27884575245518], [-97.75051667481227, 30.279731568159203], [-97.75054405746238, 30.279970097597975], [-97.75043175312041, 30.280514500317608], [-97.7505236563472, 30.281138421059993], [-97.7506599860187, 30.281725536086196], [-97.7508498241779, 30.28216469171041], [-97.75124954373747, 30.282750633731062], [-97.75180346507709, 30.2832813614823], [-97.75218197260425, 30.283640089002112], [-97.75221138352425, 30.283686221438327], [-97.75191010397826, 30.283742748594292], [-97.75160764645882, 30.283783562767127], [-97.74990999974298, 30.28397000018004], [-97.74949999960461, 30.283870000020837], [-97.74833999953667, 30.283520000035598], [-97.74717999977662, 30.283199999749378], [-97.7467300002611, 30.283079999834946], [-97.74594845787152, 30.282881571052773], [-97.74515000016511, 30.2826399998164], [-97.74484000016552, 30.282580000305483], [-97.7440900001655, 30.28236000018], [-97.74364999997627, 30.28226000038985], [-97.74309999970605, 30.28210000039975], [-97.74257999961611, 30.28197000016408], [-97.74245999991435, 30.281920000261653], [-97.74232501629187, 30.28188092596368], [-97.74207999957409, 30.281810000352767], [-97.74148999964886, 30.281650000373737], [-97.74096999962116, 30.281489999916747], [-97.74044999982642, 30.28136000032688], [-97.73997128392669, 30.281201017562264], [-97.73996658885741, 30.281200234290075], [-97.73997111851963, 30.281198513488622], [-97.73972975485638, 30.2811409228289], [-97.73971836344741, 30.281137937568328], [-97.73956855177997, 30.281098677894345], [-97.73938301284251, 30.281050054881938], [-97.73937471772942, 30.281048075681486], [-97.73921296179311, 30.281009479124567], [-97.73919948129033, 30.28100543659906], [-97.73861537878678, 30.280828999208087], [-97.73807757512711, 30.280666543786623], [-97.73776014742154, 30.280579977451524], [-97.73755820630598, 30.280525447337435], [-97.73672426560871, 30.280300255310188], [-97.73671629477536, 30.280298146700968], [-97.73597215980632, 30.280101302408873], [-97.73509801169534, 30.279860485133877], [-97.7344813522182, 30.279690598084574], [-97.73447062070869, 30.279688136052577], [-97.73432729002339, 30.279655253173967], [-97.73430080902634, 30.279647586075942], [-97.7321768805206, 30.27903264900011], [-97.73209960730165, 30.279009804866714], [-97.73190653378053, 30.278952572663083], [-97.73166146134969, 30.278879926720084], [-97.73154085583155, 30.278848368423226], [-97.73082272990244, 30.27866045775471], [-97.73079657485587, 30.27865285160246], [-97.73078568768622, 30.278649685415182], [-97.73069945659785, 30.278624608995973], [-97.73048174833737, 30.27856129720119], [-97.7304616934385, 30.27855434954327], [-97.73030745058799, 30.27851916494257], [-97.73027961038332, 30.278512434801296], [-97.73018419751754, 30.278489371262044], [-97.73017458334964, 30.278488660940358], [-97.73016230755961, 30.278484574943395], [-97.73011601286787, 30.278481753703534], [-97.72991882319384, 30.278469736570056], [-97.73052682166039, 30.27704776250636], [-97.73140116902704, 30.274663273307244], [-97.73140859455877, 30.274640278107817], [-97.73227316752454, 30.271962829922842], [-97.73231691114668, 30.271793653875495], [-97.7328733009203, 30.27047453299909], [-97.73314954398316, 30.26967205548072], [-97.73461049098543, 30.265660201126742], [-97.73687265472752, 30.259657433930663], [-97.73712563709336, 30.258111026068285], [-97.7370986914942, 30.257326371436193], [-97.73699738413069, 30.25644845261765], [-97.73656567730126, 30.25427923356205], [-97.73606680870044, 30.251749963388303], [-97.73589582825215, 30.250962388441565]]]]}, "properties": {"route_id": "PF32", "district": "District 5", "garb_day": "Friday", "op_type": "Semi", "supervisor": "Williams", "super_num": null, "centroid_lat": 30.27044259421584, "centroid_lng": -97.74276275997505}}, {"type": "Feature", "geometry": {"type": "MultiPolygon", "coordinates": [[[[-97.7133654082959, 30.251211813468913], [-97.71336567159513, 30.25121174320818], [-97.71337762385306, 30.251086714865092], [-97.71346971529452, 30.250389735676215], [-97.71347119995607, 30.25037849665507], [-97.71347148015022, 30.25037637841219], [-97.71550859960813, 30.25004222036888], [-97.7177678799668, 30.249118499160296], [-97.71911958419551, 30.248433678165924], [-97.71913648523937, 30.248423557173055], [-97.72136223854527, 30.24709065283243], [-97.72142836063664, 30.24705105411025], [-97.72400231697317, 30.246341548440167], [-97.72421451560321, 30.2463490138609], [-97.7242688206999, 30.246350924327377], [-97.72479544372716, 30.246369449855614], [-97.7253100657431, 30.24638755111471], [-97.72807087874435, 30.247296089334753], [-97.73294032286702, 30.24952133987726], [-97.73215239931, 30.25096435574052], [-97.7320177334428, 30.251067637478762], [-97.73166503184616, 30.25117905624464], [-97.72894193956782, 30.253120704944397], [-97.72871041016083, 30.253279804184398], [-97.7288944804473, 30.253482370551673], [-97.7286085597934, 30.254127878424928], [-97.72827281629172, 30.254226184764928], [-97.72817804515594, 30.254334361521718], [-97.72781657676289, 30.2545331103961], [-97.72649587916331, 30.254087501503097], [-97.72588074146665, 30.25438944380964], [-97.72557496866132, 30.255029095521294], [-97.72544917005413, 30.25529162035922], [-97.72537975295478, 30.25537193915554], [-97.72488999876227, 30.25555129889441], [-97.72441070096657, 30.25539065179947], [-97.72383468074356, 30.255733178476838], [-97.72376986108371, 30.255768528475073], [-97.72354392425282, 30.256235664306654], [-97.72332977276938, 30.25668022423553], [-97.72326038822992, 30.256830164205915], [-97.722780448891, 30.25664987694187], [-97.72270165591085, 30.25644935660546], [-97.72246266189214, 30.25654369609585], [-97.72176874506738, 30.256317407227513], [-97.72168041243145, 30.25611969680934], [-97.72157190713136, 30.256261100844867], [-97.7207903845345, 30.2559829984996], [-97.7207196453799, 30.255800473187414], [-97.720484319841, 30.255882776810992], [-97.71890653385665, 30.256105526132767], [-97.71822504014843, 30.25628304638951], [-97.71674405639689, 30.25580424167012], [-97.71576162278986, 30.256450373333873], [-97.71469985061164, 30.25608051218459], [-97.71458018142144, 30.255780473724492], [-97.71432882858514, 30.255955109444105], [-97.71201865864228, 30.25512284378739], [-97.71192933770165, 30.254840767111208], [-97.71232739014533, 30.253951890550514], [-97.71265030835588, 30.253295251549346], [-97.7128025634365, 30.25298612405577], [-97.71295449954728, 30.252597314355686], [-97.71309619397444, 30.252311657881403], [-97.71325816074624, 30.251918746257886], [-97.7133298888582, 30.251560596678075], [-97.71336434549612, 30.25122345452274], [-97.71336538697666, 30.251212596888195], [-97.7133654082959, 30.251211813468913]]]]}, "properties": {"route_id": "PAF83", "district": "District 5", "garb_day": "Friday", "op_type": "Auto", "supervisor": "Gilbert", "super_num": 697, "centroid_lat": 30.25164918998994, "centroid_lng": -97.72214838643148}}, {"type": "Feature", "geometry": {"type": "MultiPolygon", "coordinates": [[[[-97.72694210798528, 30.2621413241964], [-97.72298999999998, 30.260639999999377], [-97.72251999999999, 30.26168999999937], [-97.72208999999998, 30.262599999999402], [-97.72190529105677, 30.26301046609415], [-97.72172999999998, 30.263399999999372], [-97.72133999999998, 30.264219999999398], [-97.72134038663692, 30.26422128168324], [-97.72134027551343, 30.26422125562548], [-97.72123032849639, 30.264359997466308], [-97.72017828709677, 30.264109790932324], [-97.72009180128163, 30.26393030456515], [-97.72000917965394, 30.264073531556942], [-97.71890567552077, 30.263808779660177], [-97.71885909731687, 30.263639869689307], [-97.71872884554364, 30.263768490485653], [-97.71786694074852, 30.263561935267152], [-97.71769915531584, 30.26336978740383], [-97.71766234413873, 30.26305027265211], [-97.717583826845, 30.262456985886487], [-97.71751469010205, 30.262006613161713], [-97.71743943080642, 30.261489225354563], [-97.7156463070965, 30.259829663736838], [-97.71457036438555, 30.2589295960511], [-97.71508781548518, 30.257858919249923], [-97.71529930840045, 30.257449733603007], [-97.71547913860613, 30.25703660618076], [-97.71561244522427, 30.256759628628146], [-97.71575609783315, 30.256459240558893], [-97.71575986773733, 30.256449761982818], [-97.71576162278986, 30.256450373333873], [-97.71674405639689, 30.25580424167012], [-97.71822504014843, 30.25628304638951], [-97.71890653385665, 30.256105526132767], [-97.720484319841, 30.255882776810992], [-97.7207196453799, 30.255800473187414], [-97.7207903845345, 30.2559829984996], [-97.72157190713136, 30.256261100844867], [-97.72168041243145, 30.25611969680934], [-97.72176874506738, 30.256317407227513], [-97.72246266189214, 30.25654369609585], [-97.72270165591085, 30.25644935660546], [-97.722780448891, 30.25664987694187], [-97.72326038822992, 30.256830164205915], [-97.72332977276938, 30.25668022423553], [-97.72354392425282, 30.256235664306654], [-97.72376986108371, 30.255768528475073], [-97.72383468074356, 30.255733178476838], [-97.72441070096657, 30.25539065179947], [-97.72488999876227, 30.25555129889441], [-97.72537975295478, 30.25537193915554], [-97.72544917005413, 30.25529162035922], [-97.72557496866132, 30.255029095521294], [-97.72588074146665, 30.25438944380964], [-97.72649587916331, 30.254087501503097], [-97.72781657676289, 30.2545331103961], [-97.72817804515594, 30.254334361521718], [-97.72827281629172, 30.254226184764928], [-97.7286085597934, 30.254127878424928], [-97.7288944804473, 30.253482370551673], [-97.72871041016083, 30.253279804184398], [-97.72894193956782, 30.253120704944397], [-97.73166503184616, 30.25117905624464], [-97.73200886376553, 30.251070439433192], [-97.73201797321475, 30.251103944477354], [-97.73313911220426, 30.253332456106474], [-97.73264987866698, 30.25464940388472], [-97.73275752801507, 30.25482416019616], [-97.73241159397297, 30.255582155201374], [-97.73221297890522, 30.255618493209468], [-97.7322937030705, 30.2557415546034], [-97.73213345356494, 30.25610790743369], [-97.73198079256424, 30.256120066778507], [-97.73206461718031, 30.25622644381432], [-97.73178387357962, 30.256867872722392], [-97.73163004398519, 30.256910317922962], [-97.73171591104602, 30.257019876326304], [-97.73144215139263, 30.257619432094103], [-97.7312581100716, 30.25768943532257], [-97.73135423592306, 30.257816400740683], [-97.73109560650822, 30.25841092491736], [-97.73090942785198, 30.258478454900043], [-97.73100750678196, 30.2586187192983], [-97.73075509335177, 30.259125283015706], [-97.73063932905491, 30.259239915455957], [-97.73073040122691, 30.259401889145394], [-97.7303989363199, 30.26003381525231], [-97.73015859755702, 30.260116383616726], [-97.7302682667697, 30.26027584759064], [-97.72994023836235, 30.260968793439936], [-97.72974959016805, 30.26101890123207], [-97.72986295611994, 30.26111734212442], [-97.72953494520954, 30.261825353384626], [-97.7293499989506, 30.261889318155824], [-97.7294287902354, 30.262015031994487], [-97.72904647833629, 30.262783257865976], [-97.72887013345606, 30.262848921497223], [-97.72826455593008, 30.26259877239341], [-97.72797247123495, 30.262475697598607], [-97.72720419028676, 30.26222738406923], [-97.72694210798528, 30.2621413241964]]]]}, "properties": {"route_id": "PAF80", "district": "District 5", "garb_day": "Friday", "op_type": "Auto", "supervisor": "Gilbert", "super_num": 697, "centroid_lat": 30.258282571534746, "centroid_lng": -97.72431961576252}}, {"type": "Feature", "geometry": {"type": "MultiPolygon", "coordinates": [[[[-97.72190529082782, 30.26301046648382], [-97.72208999975693, 30.262599999990332], [-97.72251999992964, 30.261690000032228], [-97.7229899996396, 30.260640000130365], [-97.72694210783067, 30.26214132415494], [-97.72720419017196, 30.262227384086355], [-97.7279724708917, 30.262475697975184], [-97.72826455604907, 30.26259877233003], [-97.72887013318191, 30.262848921679268], [-97.72904647825011, 30.262783257996023], [-97.72942879043116, 30.262015031791606], [-97.72934999876307, 30.261889318308782], [-97.72953494482299, 30.26182535355046], [-97.72986295613484, 30.26111734233552], [-97.72974958978583, 30.26101890138713], [-97.72994023830833, 30.260968793801222], [-97.73026826644785, 30.260275847859845], [-97.73015859712785, 30.260116384010136], [-97.73039893619537, 30.260033815221384], [-97.73073040145132, 30.259401889243396], [-97.7306393291697, 30.259239915585773], [-97.73075509343094, 30.2591252829682], [-97.73100750692849, 30.258618719586725], [-97.73090942768275, 30.258478454821482], [-97.7310956065864, 30.258410924847183], [-97.73135423554346, 30.25781640084008], [-97.73125810995434, 30.257689435395836], [-97.73144215122204, 30.25761943249521], [-97.73171591082816, 30.257019876125167], [-97.73163004387806, 30.256910318340378], [-97.73178387365816, 30.256867872710227], [-97.73206461711774, 30.256226443918948], [-97.73198079241585, 30.256120066962268], [-97.73213345329934, 30.256107907749122], [-97.73229370267947, 30.25574155439581], [-97.73221297887203, 30.255618493219632], [-97.732411593634, 30.255582155513004], [-97.73275752790964, 30.25482416024075], [-97.73264987833045, 30.254649403985276], [-97.73313911194505, 30.253332456473103], [-97.73201797277316, 30.251103944575096], [-97.73200886332253, 30.251070439710155], [-97.73201773311717, 30.25106763781314], [-97.73215239913446, 30.250964355844143], [-97.73294032288842, 30.249521339961174], [-97.73585754088022, 30.250854319764006], [-97.73589582825215, 30.250962388441565], [-97.73606680870044, 30.251749963388303], [-97.73656567730126, 30.25427923356205], [-97.73699738413069, 30.25644845261765], [-97.7370986914942, 30.257326371436193], [-97.73712563709336, 30.258111026068285], [-97.73687265472752, 30.259657433930663], [-97.73461049098543, 30.265660201126742], [-97.73314954398316, 30.26967205548072], [-97.7328733009203, 30.27047453299909], [-97.73231691114668, 30.271793653875495], [-97.73189393739348, 30.271827107527518], [-97.73121930869448, 30.27192120551186], [-97.73017670480912, 30.272115621055658], [-97.72964114080506, 30.27219985395521], [-97.72889908472476, 30.272355978522658], [-97.72809336654959, 30.272434713761577], [-97.72781437372953, 30.272486109371076], [-97.72664831773056, 30.272652622313313], [-97.72415333517051, 30.273064732022156], [-97.72218660834805, 30.27339244518312], [-97.72006602206584, 30.273736013409412], [-97.71993854914592, 30.273755931367592], [-97.71977226475232, 30.273041752668902], [-97.71967023698808, 30.27259528955385], [-97.71946967201511, 30.271700472052906], [-97.71947042935817, 30.27170035102496], [-97.7194699011128, 30.271698982193957], [-97.71945185336071, 30.271625756465415], [-97.71923753663009, 30.270769248810797], [-97.71912937800897, 30.270263679261824], [-97.71901269734701, 30.269701834460175], [-97.71900999983545, 30.269700000017806], [-97.71894999964869, 30.269320000097842], [-97.71948000002982, 30.26821999992318], [-97.71976999951609, 30.26762000025039], [-97.72011999984208, 30.26688000015926], [-97.72048999964522, 30.26610000002112], [-97.72069999957885, 30.265630000090045], [-97.72097999995495, 30.26500999985442], [-97.7213403864719, 30.26422128166112], [-97.72133999975222, 30.26422000032893], [-97.72173000022649, 30.263400000025417], [-97.72190529082782, 30.26301046648382]]]]}, "properties": {"route_id": "PAF54", "district": "District 5", "garb_day": "Friday", "op_type": "Auto", "supervisor": "Castillo", "super_num": 500, "centroid_lat": 30.264388526018532, "centroid_lng": -97.72886746916596}}, {"type": "Feature", "geometry": {"type": "MultiPolygon", "coordinates": [[[[-97.72134038663692, 30.26422128168324], [-97.72097999999998, 30.26500999999938], [-97.72069999999998, 30.265629999999412], [-97.72048999999998, 30.266099999999412], [-97.72011999999998, 30.266879999999368], [-97.71976999999998, 30.26761999999938], [-97.71947999999999, 30.26821999999939], [-97.71894999999999, 30.269319999999396], [-97.71900999999998, 30.269699999999375], [-97.71901269794473, 30.26970183425134], [-97.71912937827167, 30.270263678982023], [-97.71923753687031, 30.270769248890872], [-97.71945185335282, 30.271625756480226], [-97.71946990102285, 30.27169898200021], [-97.71947042984317, 30.27170035074581], [-97.71946967193686, 30.271700471652625], [-97.7196702373642, 30.27259528926577], [-97.71977226499267, 30.27304175290751], [-97.71993854913056, 30.27375593099273], [-97.71805580210759, 30.27405009461973], [-97.71617038200877, 30.274341329861766], [-97.71523131846058, 30.274487011674562], [-97.71433606133294, 30.274633582011443], [-97.71418030253957, 30.27465976838429], [-97.71378475234705, 30.272948623473233], [-97.71335122135389, 30.272520692095483], [-97.71321000072638, 30.272314488552336], [-97.71272679239532, 30.271192743557762], [-97.71234454985847, 30.27032071009255], [-97.71175492895561, 30.268978466086363], [-97.7114467033052, 30.26828543950528], [-97.71120091551548, 30.267759286736478], [-97.7108662862149, 30.267178594530144], [-97.71070874725199, 30.266958404389865], [-97.71053530656948, 30.2667216668075], [-97.71042083238328, 30.26662993564124], [-97.71030067373255, 30.26653061368961], [-97.71023862070082, 30.265656565963738], [-97.712348889523, 30.264736097282672], [-97.71290570572631, 30.26339356970226], [-97.71336140297225, 30.26322855188896], [-97.71347673431607, 30.263240036122845], [-97.71357712271251, 30.263240229454755], [-97.71475714850219, 30.2627342048389], [-97.71535988779627, 30.26245839724614], [-97.71576868418515, 30.262279274572812], [-97.71655020383167, 30.261923760423244], [-97.71704043170524, 30.261691182758764], [-97.7170686818968, 30.26164489089605], [-97.71712974865268, 30.261439134298186], [-97.71743945871667, 30.261489417231193], [-97.71751469010205, 30.262006613161713], [-97.717583826845, 30.262456985886487], [-97.71766234413873, 30.26305027265211], [-97.71769915531584, 30.26336978740383], [-97.71786694074852, 30.263561935267152], [-97.71872884554364, 30.263768490485653], [-97.71885909731687, 30.263639869689307], [-97.71890567552077, 30.263808779660177], [-97.72000917965394, 30.264073531556942], [-97.72009180128163, 30.26393030456515], [-97.72017828709677, 30.264109790932324], [-97.72123032849639, 30.264359997466308], [-97.72134027551343, 30.26422125562548], [-97.72134038663692, 30.26422128168324]]]]}, "properties": {"route_id": "PF22", "district": "District 5", "garb_day": "Friday", "op_type": "Semi", "supervisor": "Clark", "super_num": null, "centroid_lat": 30.268132299017797, "centroid_lng": -97.7158832660385}}, {"type": "Feature", "geometry": {"type": "MultiPolygon", "coordinates": [[[[-97.6908845335884, 30.246214930657825], [-97.69517251977172, 30.245595005456], [-97.69710895611327, 30.246082968856044], [-97.69846913242803, 30.24642569981653], [-97.69849668374617, 30.246445521976277], [-97.69937873533995, 30.247080110183873], [-97.69998985500018, 30.247940280195238], [-97.6999575114283, 30.249126263706653], [-97.70027361236099, 30.250065127546556], [-97.70158049352524, 30.250473404716093], [-97.70220550466222, 30.250825284934958], [-97.70338219078589, 30.25063754506045], [-97.70488309336925, 30.25109215151233], [-97.70605516700097, 30.251073813618795], [-97.70733057668333, 30.25084568173548], [-97.70776621629689, 30.250981751626686], [-97.70893943926603, 30.2509210306883], [-97.71026017644698, 30.250820939282097], [-97.71230928555063, 30.25086287908964], [-97.71332464674352, 30.251222690576153], [-97.7133654082959, 30.251211813468913], [-97.71336538697666, 30.251212596888195], [-97.71336434549612, 30.25122345452274], [-97.7133298888582, 30.251560596678075], [-97.71325816074624, 30.251918746257886], [-97.71309619397444, 30.252311657881403], [-97.71295449954728, 30.252597314355686], [-97.7128025634365, 30.25298612405577], [-97.71265030835588, 30.253295251549346], [-97.71232739014533, 30.253951890550514], [-97.71192933770165, 30.254840767111208], [-97.71201865864228, 30.25512284378739], [-97.71202198254538, 30.255124041302423], [-97.71210702566768, 30.25576734265466], [-97.71206936307726, 30.255845132422568], [-97.71184080136132, 30.25635002035183], [-97.71164039453308, 30.2567749850727], [-97.71162003526821, 30.256820081110323], [-97.71109645863658, 30.256668846049408], [-97.70945884035866, 30.260100947617506], [-97.70728781485734, 30.25918813308991], [-97.7056273958422, 30.25846582151818], [-97.70545977278154, 30.25884475434206], [-97.7040886424302, 30.25907895568113], [-97.70330810797897, 30.26072028128819], [-97.70075687515964, 30.26092684579278], [-97.69939952434085, 30.26038102747566], [-97.69871774618515, 30.260635103872595], [-97.698403956256, 30.261122405732557], [-97.69773017727069, 30.261580350947405], [-97.6968520173298, 30.26185882732383], [-97.69419790678863, 30.260589310100112], [-97.69387905278786, 30.260117867691505], [-97.69341456444658, 30.26078194330141], [-97.6918268826861, 30.263348149688003], [-97.68919444398689, 30.264083699359535], [-97.68728066524487, 30.264513266498483], [-97.68201634895127, 30.261864366491835], [-97.68175387725054, 30.259859098979412], [-97.68265401708454, 30.25974814745316], [-97.68443910416049, 30.256894050675076], [-97.68496447465793, 30.25604660311066], [-97.68499531485482, 30.25589444966972], [-97.68565221036275, 30.25488942082981], [-97.68671773158974, 30.25317980715266], [-97.68797864251867, 30.251150118681412], [-97.68799209669601, 30.251120963360194], [-97.68798850778218, 30.251028946671166], [-97.687959518818, 30.250748984074836], [-97.68792491904479, 30.250304232841266], [-97.69114382204964, 30.248881131062433], [-97.69090952045329, 30.246395061849636], [-97.6908845335884, 30.246214930657825]]]]}, "properties": {"route_id": "PAF81", "district": "District 5", "garb_day": "Friday", "op_type": "Auto", "supervisor": "Gilbert", "super_num": 697, "centroid_lat": 30.25533225997572, "centroid_lng": -97.69662134152355}}, {"type": "Feature", "geometry": {"type": "MultiPolygon", "coordinates": [[[[-97.67522831381626, 30.25944550066458], [-97.67700524403133, 30.25671486118319], [-97.67846534259621, 30.254502666123635], [-97.67983694458387, 30.25298858380479], [-97.68192229928383, 30.251588487011183], [-97.68383476697058, 30.250875729299267], [-97.68921205814782, 30.249718912287715], [-97.68924765942846, 30.249719453988124], [-97.68792491904479, 30.250304232841266], [-97.687959518818, 30.250748984074836], [-97.68798850778218, 30.251028946671166], [-97.68799209669601, 30.251120963360194], [-97.68797864251867, 30.251150118681412], [-97.68671773158974, 30.25317980715266], [-97.68565221036275, 30.25488942082981], [-97.68499531485482, 30.25589444966972], [-97.68496447465793, 30.25604660311066], [-97.68443910416049, 30.256894050675076], [-97.68265401708454, 30.25974814745316], [-97.68175387725054, 30.259859098979412], [-97.68201634895127, 30.261864366491835], [-97.6820282022373, 30.261870331236924], [-97.67746747222319, 30.268799606345777], [-97.68086447866276, 30.270600628735377], [-97.68079479953958, 30.27141863182157], [-97.68074116667911, 30.273370533558065], [-97.68111068958947, 30.274238600425903], [-97.68149707025809, 30.275066042729154], [-97.68165626130775, 30.27690853725094], [-97.68422691356031, 30.27803609012591], [-97.685044136278, 30.278140485281906], [-97.68583929459086, 30.278498759238836], [-97.68683229963209, 30.27894312261895], [-97.68698070788429, 30.279010703175988], [-97.68669074866887, 30.279470326254255], [-97.68629257299524, 30.280102761560876], [-97.68542348241785, 30.281447738597006], [-97.68499642428593, 30.282104057322396], [-97.68450088643107, 30.282856894613044], [-97.6841748621041, 30.283352572108555], [-97.68409612301404, 30.283415552571775], [-97.68350062613484, 30.283509704962523], [-97.6819688717554, 30.28275524855235], [-97.68137096771405, 30.28294035337845], [-97.68155300076126, 30.282558768556562], [-97.68053044912939, 30.28209483976662], [-97.68004033179292, 30.282320652904037], [-97.67912946008715, 30.28185231242424], [-97.67822493135002, 30.282655035730784], [-97.67653991702493, 30.282531182674237], [-97.67407141524423, 30.280827083751714], [-97.67392031510758, 30.27942139269048], [-97.67325402547642, 30.27996952274574], [-97.66854024377113, 30.27764906398261], [-97.66811565076226, 30.276183901747107], [-97.66791741121686, 30.276047206399898], [-97.66806353854003, 30.275460114140095], [-97.6688409015404, 30.27239331238231], [-97.66966721306814, 30.269417444317636], [-97.67017390484376, 30.267679385915155], [-97.67078777121299, 30.26639368538803], [-97.6726723213881, 30.263371719602734], [-97.67522831381626, 30.25944550066458]]]]}, "properties": {"route_id": "PAF71", "district": "District 1", "garb_day": "Friday", "op_type": "Auto", "supervisor": "Carnline", "super_num": 596, "centroid_lat": 30.26880769106418, "centroid_lng": -97.67754526328372}}, {"type": "Feature", "geometry": {"type": "MultiPolygon", "coordinates": [[[[-97.6609485324242, 30.30263661463619], [-97.6605106968291, 30.302273348872657], [-97.6525030966347, 30.302176911351676], [-97.65247367739507, 30.302138070437906], [-97.64827347145645, 30.300243032215004], [-97.64826000907354, 30.300236957796642], [-97.64771807812014, 30.298316294088163], [-97.65070595147009, 30.292663092709155], [-97.65124673767177, 30.290832137829586], [-97.65101085890079, 30.287567795001788], [-97.65053868203822, 30.28335079829976], [-97.65322240731527, 30.282775820653352], [-97.65374103372895, 30.262692100647822], [-97.65392388536672, 30.2626900878393], [-97.65410428578471, 30.262754369514376], [-97.65434232416739, 30.26282535640119], [-97.65473916761613, 30.26282540237373], [-97.65501583354875, 30.262817434180057], [-97.65528159826351, 30.262831240667445], [-97.65694393371308, 30.26289898083264], [-97.6572043852123, 30.262904421161412], [-97.65749726578353, 30.2628830343319], [-97.65762257436924, 30.262877400139924], [-97.65773759154541, 30.262871550911665], [-97.65788473215966, 30.262849870035893], [-97.65801501906337, 30.26283608824662], [-97.65811491873514, 30.262832673405946], [-97.65817784013784, 30.262820235235804], [-97.65827148278694, 30.26281393923995], [-97.6583555495194, 30.262810193639577], [-97.65842291554863, 30.262808849201786], [-97.65851196119031, 30.26279695627646], [-97.6586480179054, 30.26277504313283], [-97.65885223294633, 30.26275180222614], [-97.65906681463849, 30.26272602698533], [-97.6591979695672, 30.26270951172882], [-97.65949115284423, 30.262677125124675], [-97.66040035486475, 30.26219552432274], [-97.6611375513619, 30.26180384381167], [-97.66147786083677, 30.261585408731133], [-97.6623131347437, 30.2611985166517], [-97.66255795974261, 30.261110107247248], [-97.66302860561971, 30.260789870359467], [-97.66312953592973, 30.260720463350964], [-97.66332649486465, 30.260587048736408], [-97.66349710096924, 30.26046133517066], [-97.66359810736749, 30.2603891795116], [-97.6637659262703, 30.260249656265188], [-97.66405420515572, 30.260021879304055], [-97.66439346287677, 30.25972640405942], [-97.66457889203862, 30.259551490965972], [-97.66465136578078, 30.25945123631705], [-97.66484729241816, 30.259183028578505], [-97.66505539663181, 30.25890407264502], [-97.6651997023301, 30.258698048181643], [-97.66541685992904, 30.25837802431249], [-97.6654371498142, 30.258331690280556], [-97.6655881231917, 30.258142306578304], [-97.66569324646382, 30.25800697573338], [-97.6659140437705, 30.257755786504028], [-97.66602331749944, 30.257785566069444], [-97.66628478532864, 30.257925778211863], [-97.66637444362448, 30.257834131549163], [-97.66644653460214, 30.257747619244924], [-97.66656852947861, 30.25768965017905], [-97.66690118943852, 30.257317020592044], [-97.66700960638151, 30.25729177313903], [-97.66707941913906, 30.257287725274132], [-97.66717050807378, 30.257201608123747], [-97.6672087759707, 30.257163899118563], [-97.66733695007318, 30.257111558706264], [-97.66747206400531, 30.25703735950573], [-97.6675488170887, 30.257011452736656], [-97.66762663205081, 30.256947062145496], [-97.66775492469795, 30.256861719193303], [-97.66781313395248, 30.256818924147325], [-97.66788438871734, 30.256762648572117], [-97.66801980528088, 30.2566774529071], [-97.66825154675863, 30.256517250853967], [-97.66837460059945, 30.256420796797208], [-97.66848453350411, 30.256340571501294], [-97.66853625822043, 30.256303142026116], [-97.6686324303095, 30.256233632418187], [-97.66878729883639, 30.256132338432007], [-97.66889105061186, 30.256046483985887], [-97.66899404310195, 30.25598811749375], [-97.66906491673548, 30.255945585278187], [-97.66913515100578, 30.25589753846077], [-97.66922547774827, 30.255838908399618], [-97.66930298726105, 30.255785512519456], [-97.6693933145699, 30.255726882356562], [-97.6694899737058, 30.25566838378827], [-97.66957935677846, 30.25561523395864], [-97.6696437455102, 30.25557806736478], [-97.66974628206367, 30.25553619310152], [-97.66983645702143, 30.255483060233868], [-97.66991984365339, 30.255446288470747], [-97.67002204329508, 30.25538790469829], [-97.67009246169295, 30.255361864760914], [-97.67016318276033, 30.255324829047424], [-97.67025290181714, 30.2552881887085], [-97.67032278880406, 30.25528139027162], [-97.67048046675332, 30.255279166945428], [-97.67060093939432, 30.255276170152637], [-97.67070256557723, 30.255267280794165], [-97.67080404072114, 30.255263888978963], [-97.67093638711744, 30.2552611386371], [-97.67102504470954, 30.25526298104113], [-97.67114251998603, 30.255138904688994], [-97.67119967406676, 30.255076833066273], [-97.67121431302971, 30.25506627808504], [-97.67126270600866, 30.255031386344772], [-97.67132185575915, 30.254983108546707], [-97.67135535290035, 30.254952579918196], [-97.67137791548159, 30.25493201613708], [-97.6715236927457, 30.254844281792497], [-97.67159277840393, 30.254636688236793], [-97.67174331177607, 30.254232758383182], [-97.67192258094853, 30.253447122336414], [-97.6720625665813, 30.252965962448247], [-97.67202566366343, 30.25269565811027], [-97.67201481697104, 30.25262942299543], [-97.6720032126371, 30.25259067661165], [-97.67212519766369, 30.252532702277364], [-97.67220179382274, 30.252512290329946], [-97.672367314009, 30.25245522008297], [-97.6725129926056, 30.25222721348438], [-97.6726462322228, 30.25199069725768], [-97.67270610349965, 30.251887426281623], [-97.67274098116029, 30.251800137817792], [-97.67280397608478, 30.251727185846626], [-97.67291820959915, 30.2515480331274], [-97.67313033455297, 30.25135165992997], [-97.67326759062517, 30.251227992067008], [-97.67371581046544, 30.25082749125574], [-97.67426543299764, 30.25031082683841], [-97.67439442739324, 30.250228242529012], [-97.6744571519128, 30.250193788976894], [-97.67451908482934, 30.250159319469347], [-97.67458109339016, 30.25012210112487], [-97.67464144312876, 30.250087598702756], [-97.67470115323049, 30.25004758222301], [-97.67475999547645, 30.250010298084042], [-97.67487624812516, 30.249930198587872], [-97.67493286696171, 30.249887367477484], [-97.67498869478584, 30.24984451992902], [-97.67519130069938, 30.2497634623371], [-97.67581329545577, 30.24946557373691], [-97.67830651813037, 30.248197087499626], [-97.67846750487122, 30.248131664535606], [-97.67863964914373, 30.248063721711738], [-97.67881258449437, 30.24799579555792], [-97.67896305402084, 30.247938405177834], [-97.67917107813757, 30.247890458220596], [-97.67940292398333, 30.24784025339942], [-97.67966115598702, 30.247752090183273], [-97.6802008419434, 30.24759167658635], [-97.68020063462176, 30.247597927278456], [-97.68118407998578, 30.24737381284083], [-97.68229916952434, 30.247181177739154], [-97.68283976324318, 30.247098886481226], [-97.68338252561453, 30.24693754246649], [-97.68377896980493, 30.246727172427118], [-97.68462608104865, 30.246441083445962], [-97.68461856349089, 30.246283198650776], [-97.68605840668691, 30.246336572337576], [-97.69068061795333, 30.245524335158837], [-97.6907555419199, 30.24538686618099], [-97.6907602046612, 30.245378311904844], [-97.69078007526625, 30.245524457708957], [-97.69087416123352, 30.24621643003976], [-97.6908845331382, 30.246214931051462], [-97.6909095205597, 30.246395061896912], [-97.69114382225662, 30.248881131244524], [-97.68924765928337, 30.24971945408383], [-97.68921205793409, 30.24971891232877], [-97.68383476681244, 30.2508757292702], [-97.6819222995368, 30.251588487049375], [-97.67983694430934, 30.252988583764104], [-97.67846534233855, 30.25450266634014], [-97.67700524393238, 30.25671486151051], [-97.67522831408749, 30.25944550086124], [-97.67267232099596, 30.26337171978349], [-97.67078777144432, 30.266393685779597], [-97.67017390441518, 30.267679385830082], [-97.66966721314265, 30.26941744435598], [-97.66884090161668, 30.27239331266823], [-97.66806353812362, 30.275460114292493], [-97.66780183189337, 30.276511560205275], [-97.66701028813378, 30.27944792421488], [-97.66609538951693, 30.282889939873385], [-97.66519667581078, 30.286226783823018], [-97.6642802239586, 30.2898516439419], [-97.66365470281617, 30.29211116849972], [-97.66366052643124, 30.29222081330003], [-97.66365801628952, 30.292219827987942], [-97.66365560896718, 30.292229084589646], [-97.6628594314998, 30.295190727461655], [-97.66111861049454, 30.301719589567732], [-97.66095950306156, 30.302645716177963], [-97.6609485324242, 30.30263661463619]]]]}, "properties": {"route_id": "PAH53", "district": "District 1", "garb_day": "Thursday", "op_type": "Auto", "supervisor": "Castillo", "super_num": 500, "centroid_lat": 30.275237733818777, "centroid_lng": -97.66304108753907}}, {"type": "Feature", "geometry": {"type": "MultiPolygon", "coordinates": [[[[-97.6918334706643, 30.263337501709426], [-97.69535167300613, 30.265242399706647], [-97.69541786090164, 30.26525959398839], [-97.695528104848, 30.265298904734347], [-97.6956301110179, 30.26530019948635], [-97.69568973310578, 30.265290958755475], [-97.6958433528544, 30.265220347441574], [-97.69679696079882, 30.265567200040902], [-97.69679156990892, 30.265608717857667], [-97.69678010457096, 30.26569045170406], [-97.69760352390036, 30.265489392325847], [-97.69846130931073, 30.265806651921263], [-97.69905671138582, 30.265536311557437], [-97.70092376575327, 30.266167194127224], [-97.70152878033005, 30.267163591484856], [-97.70157819671806, 30.267425058088325], [-97.70175116509323, 30.267483127172657], [-97.70643770059566, 30.269059860054664], [-97.70688229203593, 30.269015642991505], [-97.70801036060334, 30.26982894204145], [-97.70943218518639, 30.27086590118335], [-97.70985793045709, 30.271246839597065], [-97.7100560187634, 30.2714464688214], [-97.71029968080724, 30.271306353936538], [-97.71043491602867, 30.271208164763145], [-97.71064678854158, 30.271134979197235], [-97.71130697333665, 30.270997321619518], [-97.71254129688569, 30.270769563318687], [-97.71272679239532, 30.271192743557762], [-97.71321000072638, 30.272314488552336], [-97.71335122135389, 30.272520692095483], [-97.71378475234705, 30.272948623473233], [-97.71418030253957, 30.27465976838429], [-97.7120829593225, 30.275012356665236], [-97.71158507584839, 30.275052898694224], [-97.70859679679148, 30.275600456860925], [-97.70619031544383, 30.275975987103696], [-97.70392323733189, 30.2763289692077], [-97.70366003250616, 30.27633625007113], [-97.70244886922126, 30.276546005598902], [-97.70090686650035, 30.276783280472024], [-97.6989014563563, 30.27710478085107], [-97.69736267591931, 30.277341813013688], [-97.696460694198, 30.277497895367183], [-97.69456464039413, 30.27778127725005], [-97.69274518746457, 30.2780930774724], [-97.69179788546569, 30.27820789191563], [-97.69074045804749, 30.278387597652568], [-97.68698304047851, 30.27900700569032], [-97.68698181854505, 30.27900894262451], [-97.68698338284514, 30.27900383965519], [-97.68699483606541, 30.278984619179916], [-97.687380823009, 30.278372382249266], [-97.68814812515423, 30.277147684611805], [-97.68874818742476, 30.276182731780054], [-97.68906616323103, 30.27595462218338], [-97.68929788656553, 30.27585276811319], [-97.68947340306468, 30.27560170364033], [-97.68957628714311, 30.275416471198863], [-97.68995498014063, 30.274396757941844], [-97.69013642663131, 30.274052137451644], [-97.69045984043719, 30.27357285601626], [-97.6905940189524, 30.273353139238516], [-97.69136170238578, 30.27210651878925], [-97.69184306778628, 30.271339212329774], [-97.69216566917338, 30.270839970714267], [-97.69224804091095, 30.270709743257072], [-97.69210535473839, 30.270047746717495], [-97.68997156882563, 30.26902470416807], [-97.6894198224367, 30.269318525090306], [-97.6893848410937, 30.268743216131075], [-97.6875148577657, 30.26787663601095], [-97.68722277058696, 30.267273971474673], [-97.68729854631756, 30.264509253059426], [-97.68919444398689, 30.264083699359535], [-97.6918268826861, 30.263348149688003], [-97.6918334706643, 30.263337501709426]]]]}, "properties": {"route_id": "PF40", "district": "District 5", "garb_day": "Friday", "op_type": "Semi", "supervisor": "Klair", "super_num": 400, "centroid_lat": 30.27159256088822, "centroid_lng": -97.6985768479119}}, {"type": "Feature", "geometry": {"type": "MultiPolygon", "coordinates": [[[[-97.6820282022373, 30.261870331236924], [-97.68728066524487, 30.264513266498483], [-97.68729854631756, 30.264509253059426], [-97.68722277058696, 30.267273971474673], [-97.6875148577657, 30.26787663601095], [-97.6893848410937, 30.268743216131075], [-97.6894198224367, 30.269318525090306], [-97.68997156882563, 30.26902470416807], [-97.69210535473839, 30.270047746717495], [-97.69224804091095, 30.270709743257072], [-97.69216566917338, 30.270839970714267], [-97.69184306778628, 30.271339212329774], [-97.69136170238578, 30.27210651878925], [-97.6905940189524, 30.273353139238516], [-97.69045984043719, 30.27357285601626], [-97.69013642663131, 30.274052137451644], [-97.68995498014063, 30.274396757941844], [-97.68957628714311, 30.275416471198863], [-97.68947340306468, 30.27560170364033], [-97.68929788656553, 30.27585276811319], [-97.68906616323103, 30.27595462218338], [-97.68874818742476, 30.276182731780054], [-97.68814812515423, 30.277147684611805], [-97.687380823009, 30.278372382249266], [-97.68699483606541, 30.278984619179916], [-97.68698338284514, 30.27900383965519], [-97.68698181854505, 30.27900894262451], [-97.68698070788429, 30.279010703175988], [-97.68683229963209, 30.27894312261895], [-97.68583929459086, 30.278498759238836], [-97.685044136278, 30.278140485281906], [-97.68422691356031, 30.27803609012591], [-97.68165626130775, 30.27690853725094], [-97.68149707025809, 30.275066042729154], [-97.68111068958947, 30.274238600425903], [-97.68074116667911, 30.273370533558065], [-97.68079479953958, 30.27141863182157], [-97.68086447866276, 30.270600628735377], [-97.67746747222319, 30.268799606345777], [-97.6820282022373, 30.261870331236924]]]]}, "properties": {"route_id": "PAF73", "district": "District 1", "garb_day": "Friday", "op_type": "Auto", "supervisor": "Carnline", "super_num": 596, "centroid_lat": 30.27055065570784, "centroid_lng": -97.68477864295988}}, {"type": "Feature", "geometry": {"type": "MultiPolygon", "coordinates": [[[[-97.6918334706643, 30.263337501709426], [-97.69341456444658, 30.26078194330141], [-97.69387905278786, 30.260117867691505], [-97.69419790678863, 30.260589310100112], [-97.6968520173298, 30.26185882732383], [-97.69773017727069, 30.261580350947405], [-97.698403956256, 30.261122405732557], [-97.69871774618515, 30.260635103872595], [-97.69939952434085, 30.26038102747566], [-97.70075687515964, 30.26092684579278], [-97.70330810797897, 30.26072028128819], [-97.7040886424302, 30.25907895568113], [-97.70545977278154, 30.25884475434206], [-97.7056273958422, 30.25846582151818], [-97.70728781485734, 30.25918813308991], [-97.70945884035866, 30.260100947617506], [-97.71109645863658, 30.256668846049408], [-97.71162003526821, 30.256820081110323], [-97.71164039453308, 30.2567749850727], [-97.71184080136132, 30.25635002035183], [-97.71206936307726, 30.255845132422568], [-97.71210702566768, 30.25576734265466], [-97.71202198254538, 30.255124041302423], [-97.71432882858514, 30.255955109444105], [-97.71458018142144, 30.255780473724492], [-97.71469985061164, 30.25608051218459], [-97.71575986773733, 30.256449761982818], [-97.71575609783315, 30.256459240558893], [-97.71561244522427, 30.256759628628146], [-97.71547913860613, 30.25703660618076], [-97.71529930840045, 30.257449733603007], [-97.71508781548518, 30.257858919249923], [-97.71457036438555, 30.2589295960511], [-97.7156463070965, 30.259829663736838], [-97.71743943080642, 30.261489225354563], [-97.71743945871667, 30.261489417231193], [-97.71712974865268, 30.261439134298186], [-97.7170686818968, 30.26164489089605], [-97.71704043170524, 30.261691182758764], [-97.71655020383167, 30.261923760423244], [-97.71576868418515, 30.262279274572812], [-97.71535988779627, 30.26245839724614], [-97.71475714850219, 30.2627342048389], [-97.71357712271251, 30.263240229454755], [-97.71347673431607, 30.263240036122845], [-97.71336140297225, 30.26322855188896], [-97.71290570572631, 30.26339356970226], [-97.712348889523, 30.264736097282672], [-97.71023862070082, 30.265656565963738], [-97.71030067373255, 30.26653061368961], [-97.71042083238328, 30.26662993564124], [-97.71053530656948, 30.2667216668075], [-97.71070874725199, 30.266958404389865], [-97.7108662862149, 30.267178594530144], [-97.71120091551548, 30.267759286736478], [-97.7114467033052, 30.26828543950528], [-97.71175492895561, 30.268978466086363], [-97.71234454985847, 30.27032071009255], [-97.71254129688569, 30.270769563318687], [-97.71130697333665, 30.270997321619518], [-97.71064678854158, 30.271134979197235], [-97.71043491602867, 30.271208164763145], [-97.71029968080724, 30.271306353936538], [-97.7100560187634, 30.2714464688214], [-97.70985793045709, 30.271246839597065], [-97.70943218518639, 30.27086590118335], [-97.70801036060334, 30.26982894204145], [-97.70688229203593, 30.269015642991505], [-97.70643770059566, 30.269059860054664], [-97.70175116509323, 30.267483127172657], [-97.70157819671806, 30.267425058088325], [-97.70152878033005, 30.267163591484856], [-97.70092376575327, 30.266167194127224], [-97.69905671138582, 30.265536311557437], [-97.69846130931073, 30.265806651921263], [-97.69760352390036, 30.265489392325847], [-97.69678010457096, 30.26569045170406], [-97.69679156990892, 30.265608717857667], [-97.69679696079882, 30.265567200040902], [-97.6958433528544, 30.265220347441574], [-97.69568973310578, 30.265290958755475], [-97.6956301110179, 30.26530019948635], [-97.695528104848, 30.265298904734347], [-97.69541786090164, 30.26525959398839], [-97.69535167300613, 30.265242399706647], [-97.6918334706643, 30.263337501709426]]]]}, "properties": {"route_id": "PAF82", "district": "District 5", "garb_day": "Friday", "op_type": "Auto", "supervisor": "Gilbert", "super_num": 697, "centroid_lat": 30.26324753269801, "centroid_lng": -97.7060615551572}}, {"type": "Feature", "geometry": {"type": "MultiPolygon", "coordinates": [[[[-97.77221898831849, 30.322719999774677], [-97.77116928862476, 30.322231192404935], [-97.77021999959561, 30.322459999938427], [-97.77007489173657, 30.32203551914716], [-97.7694133914085, 30.321731853632095], [-97.76895000008828, 30.321909999964053], [-97.76801913611534, 30.320567105029816], [-97.76795427806249, 30.32042454613103], [-97.76809479249584, 30.320208509710152], [-97.76015987377919, 30.32248419508129], [-97.75951774607891, 30.32273699869497], [-97.75814663099507, 30.32216203877144], [-97.75736429507843, 30.32183791272152], [-97.75712590185248, 30.321779150898575], [-97.7562369805278, 30.32145287548887], [-97.75591180308658, 30.321398924248648], [-97.75628160142631, 30.31723602220551], [-97.75716309435636, 30.3103800101314], [-97.75742924865567, 30.309016726108357], [-97.758447568503, 30.30380038071761], [-97.75843553476045, 30.302652976436026], [-97.75830194998557, 30.300466983299874], [-97.75827650173686, 30.29902326844069], [-97.75844270585733, 30.29757051298133], [-97.75844334641597, 30.29756491354231], [-97.7594542419303, 30.294181193370147], [-97.76003052980387, 30.29442976334556], [-97.76003080811518, 30.294429409865415], [-97.76002521953642, 30.294488497543604], [-97.75998856241158, 30.29484456264734], [-97.75992112570104, 30.29552827780933], [-97.75997940452663, 30.295867239943036], [-97.76016094779206, 30.296231431373347], [-97.76039020690284, 30.296459363890115], [-97.76065391904719, 30.296632461594232], [-97.76119977521009, 30.29691044005061], [-97.76129360775343, 30.297082846075508], [-97.76162803905922, 30.297551863001384], [-97.76439628796872, 30.298857634870185], [-97.76497490963162, 30.29975577793787], [-97.76503304025233, 30.299928221402958], [-97.76594899120776, 30.300349043872295], [-97.76595048806539, 30.300349731222198], [-97.76736315696246, 30.30086969383855], [-97.7676657201581, 30.300869506719863], [-97.7685192543387, 30.300748903366692], [-97.76867338175477, 30.300817888098088], [-97.76900903010723, 30.30134779879307], [-97.77010843297643, 30.303985769995524], [-97.77125156486042, 30.304483051008493], [-97.77240442446075, 30.30553053635562], [-97.77494571819072, 30.305868127797723], [-97.77664268136, 30.305418478852783], [-97.77662750513846, 30.305882417347856], [-97.77819953105316, 30.306991778284562], [-97.7772392843422, 30.308043850412304], [-97.77709456358242, 30.308575874452583], [-97.77630471707317, 30.311479405779433], [-97.77603358041962, 30.312476082645], [-97.77596384880285, 30.313292546839495], [-97.77542180502616, 30.319638687498475], [-97.77400992695515, 30.32074830199456], [-97.77386514861057, 30.322931133079607], [-97.77341999993477, 30.323609999796084], [-97.77221898831849, 30.322719999774677]]]]}, "properties": {"route_id": "PAF02", "district": "District 9", "garb_day": "Friday", "op_type": "Auto", "supervisor": "Herrera", "super_num": null, "centroid_lat": 30.311272398367297, "centroid_lng": -97.76582390421827}}, {"type": "Feature", "geometry": {"type": "MultiPolygon", "coordinates": [[[[-97.7601229300713, 30.340361143853624], [-97.75954099365843, 30.339684491964338], [-97.75915509757314, 30.33915633173107], [-97.75897063276875, 30.33857439116648], [-97.75544700306162, 30.336556114433893], [-97.75543762920157, 30.33655074490414], [-97.75557771706282, 30.33528172739232], [-97.75561408312235, 30.33381925179681], [-97.75572789290186, 30.330383609050394], [-97.75579607653363, 30.324694875273938], [-97.75591130607606, 30.32140452053131], [-97.75591180308658, 30.321398924248648], [-97.75591479639677, 30.321399420714798], [-97.7562369805278, 30.32145287548887], [-97.75712590185248, 30.321779150898575], [-97.75736429507843, 30.32183791272152], [-97.75814663099507, 30.32216203877144], [-97.75951774607891, 30.32273699869497], [-97.76015987377919, 30.32248419508129], [-97.76436244413266, 30.321278998544646], [-97.76809479249584, 30.320208509710152], [-97.76795427806249, 30.32042454613103], [-97.76801913611534, 30.320567105029816], [-97.76895000008828, 30.321909999964053], [-97.7694133914085, 30.321731853632095], [-97.77007489173657, 30.32203551914716], [-97.77021999959561, 30.322459999938427], [-97.77116928862476, 30.322231192404935], [-97.77221898831849, 30.322719999774677], [-97.77341999993477, 30.323609999796084], [-97.77386514861057, 30.322931133079607], [-97.77400992695515, 30.32074830199456], [-97.77542180502616, 30.319638687498475], [-97.77654736896382, 30.32493243073968], [-97.77823475094725, 30.328329760140182], [-97.77837073095738, 30.328603527825983], [-97.7802485143259, 30.33250597122451], [-97.78377260033427, 30.338502298497335], [-97.77970302881194, 30.340229381024063], [-97.77974558046445, 30.340709556193303], [-97.7799601731244, 30.340953493441557], [-97.7799172000083, 30.3414276271454], [-97.77863152927843, 30.341280550973945], [-97.77116430551447, 30.34130503571364], [-97.76970420031694, 30.34127585283636], [-97.76948188447567, 30.341271407987264], [-97.76882018870806, 30.341084705083155], [-97.76796705746582, 30.340576139232226], [-97.76742644931389, 30.340465314736917], [-97.76687304420561, 30.340351864712563], [-97.76517729809736, 30.341445474935], [-97.76435618518084, 30.34223855876916], [-97.76284312642349, 30.342728650196015], [-97.76055110274758, 30.341179267638946], [-97.7601229300713, 30.340361143853624]]]]}, "properties": {"route_id": "PAF03", "district": "District 9", "garb_day": "Friday", "op_type": "Auto", "supervisor": "Herrera", "super_num": null, "centroid_lat": 30.331803869445498, "centroid_lng": -97.76804905288365}}, {"type": "Feature", "geometry": {"type": "MultiPolygon", "coordinates": [[[[-97.7724542400386, 30.297463218682438], [-97.77172332240436, 30.29712246381149], [-97.77167152471384, 30.297143179756336], [-97.77161059666189, 30.29721039243024], [-97.77161947370965, 30.29708226251427], [-97.77083212639569, 30.296706536160034], [-97.77071089368741, 30.296780109498382], [-97.7707132975262, 30.296659711741697], [-97.76897130582662, 30.29581139371528], [-97.76880993158485, 30.295848198641636], [-97.76828433270775, 30.296683610970266], [-97.76827999968431, 30.296680000055495], [-97.76749999969611, 30.29607000008975], [-97.7673299996607, 30.295879999836295], [-97.76691999960717, 30.29542999998339], [-97.76724000002699, 30.294399999878127], [-97.76745999956708, 30.2936600000778], [-97.76780999982135, 30.292770000212027], [-97.76790999968391, 30.29258999974582], [-97.7679299999108, 30.292250000382737], [-97.76786999997984, 30.29198000012972], [-97.76743000027324, 30.291460000336258], [-97.76696999992265, 30.290990000002108], [-97.76659999973367, 30.290600000067332], [-97.76610999989195, 30.29008000034057], [-97.7661069595147, 30.290080137353474], [-97.76610791799318, 30.2900783479543], [-97.7659118466386, 30.289857700661965], [-97.76587119208686, 30.289808312081497], [-97.7656805058376, 30.289561735459348], [-97.76553022164511, 30.28927939905254], [-97.76537070954797, 30.288880556656697], [-97.76538096718062, 30.288667852987803], [-97.76560999994305, 30.286769999749804], [-97.76499999985555, 30.286450000155487], [-97.7646599996125, 30.286300000255615], [-97.76412999957323, 30.286030000096154], [-97.76398999964243, 30.285950000250107], [-97.76398992816587, 30.285949640756808], [-97.76399184532454, 30.285950646778353], [-97.76496747466453, 30.28448405509075], [-97.76583342011257, 30.282882702502658], [-97.76686481727631, 30.280745090937472], [-97.76825385862307, 30.278425053855905], [-97.77011728597671, 30.27595408092515], [-97.77169950423735, 30.273792158022534], [-97.77382688403223, 30.275725659546108], [-97.77814919119828, 30.278733592311227], [-97.77914724682853, 30.27959595313873], [-97.77684076809764, 30.28322914367543], [-97.77608199108833, 30.284468186735587], [-97.77533262876764, 30.285607887621257], [-97.77391853863325, 30.28785776104012], [-97.77216794656, 30.29058980504858], [-97.77426000009787, 30.291690000354176], [-97.77552999999918, 30.292329999988347], [-97.7751793924957, 30.292435680531856], [-97.77491106977787, 30.29282568584411], [-97.77500999970333, 30.293079999837094], [-97.77468751752225, 30.2931832410712], [-97.77438475888609, 30.29362971904709], [-97.77445999971127, 30.293840000279843], [-97.77426285858205, 30.293879744933367], [-97.77393001303919, 30.294425652312047], [-97.77397000028064, 30.294650000286353], [-97.77376958032649, 30.29467967187396], [-97.77341314292725, 30.295287030605625], [-97.77347999993385, 30.295460000116304], [-97.77324072415661, 30.295578917610857], [-97.77308476389742, 30.295871132674645], [-97.77308411749856, 30.296309352265283], [-97.77316388691803, 30.29640621325311], [-97.77335999965992, 30.29645000028002], [-97.77300736408988, 30.296512644904556], [-97.77249836128546, 30.297283673113768], [-97.77266142252786, 30.297589116703566], [-97.7724542400386, 30.297463218682438]]]]}, "properties": {"route_id": "PAF50", "district": "District 7", "garb_day": "Friday", "op_type": "Auto", "supervisor": "Castillo", "super_num": 500, "centroid_lat": 30.285257428776365, "centroid_lng": -97.7711823766542}}, {"type": "Feature", "geometry": {"type": "MultiPolygon", "coordinates": [[[[-97.67995869359396, 30.289995005861996], [-97.68061248987962, 30.28893920652755], [-97.68150961506643, 30.287524151422396], [-97.68204532938331, 30.286679051311403], [-97.68247930586098, 30.285995432325052], [-97.68253825429986, 30.28590149293174], [-97.68254661867002, 30.285899123553815], [-97.68254234322342, 30.285897196104727], [-97.68295906288881, 30.2852407539121], [-97.68359359272326, 30.2842214742686], [-97.6841672415045, 30.283364158292002], [-97.68450088666108, 30.282856894762542], [-97.6849964243212, 30.282104057277436], [-97.68542348202959, 30.281447738634025], [-97.68629257291296, 30.280102761747944], [-97.68669074875905, 30.279470326522006], [-97.68698304057195, 30.279007005676327], [-97.69074045812745, 30.27838759741993], [-97.69179788537342, 30.278207892092915], [-97.69274518710688, 30.27809307780796], [-97.69456464018909, 30.27778127757803], [-97.69646069406043, 30.2774978953509], [-97.69731124860164, 30.277350712518107], [-97.6973626758118, 30.277341812908677], [-97.69890145657233, 30.277104781248067], [-97.70026652188358, 30.276885942087684], [-97.7002699995553, 30.276889999934802], [-97.70072999976615, 30.277620000136157], [-97.70167999995378, 30.279040000120652], [-97.70209999961979, 30.279689999827507], [-97.70305999980596, 30.281160000019597], [-97.70397999989191, 30.282560000233612], [-97.70438999961772, 30.283190000219335], [-97.70479999985412, 30.283830000122087], [-97.70524999981336, 30.284550000400955], [-97.70548999967129, 30.284929999953285], [-97.70563880988047, 30.28515759273313], [-97.70572370403724, 30.285237251313532], [-97.70619807186931, 30.286029752741694], [-97.70637043158345, 30.28628804245303], [-97.70671505318133, 30.287056734725635], [-97.70692147226153, 30.287583023730026], [-97.70722965754717, 30.28918854336803], [-97.70738448086863, 30.290319084655348], [-97.70754512685642, 30.291552649613195], [-97.70735420838675, 30.291560392921536], [-97.70731106116274, 30.291258674768972], [-97.70707328240836, 30.29091650204554], [-97.70593050329542, 30.29022097873847], [-97.70538532079068, 30.28978581087944], [-97.70537901485397, 30.289786169570338], [-97.70420949689006, 30.2894667982756], [-97.70126738728952, 30.288861082031378], [-97.69846766461579, 30.289044875123054], [-97.69847259538349, 30.289069410213585], [-97.69777251706799, 30.289392899441157], [-97.69700331085954, 30.28977033837521], [-97.6963173639396, 30.290031034637302], [-97.69584117503206, 30.290141266909778], [-97.69549074101201, 30.290178276820278], [-97.695093936582, 30.290179560429465], [-97.69472625479969, 30.290154711535333], [-97.69424023355094, 30.290088546034998], [-97.69339967077177, 30.28988115866712], [-97.69263977478892, 30.289636549100525], [-97.6921504018481, 30.289571746687635], [-97.69172649706509, 30.28953996999537], [-97.69132786442053, 30.289554792750447], [-97.69095418994732, 30.28962772659675], [-97.69054498382886, 30.289786324802268], [-97.69022848578142, 30.289952593668698], [-97.68988261514988, 30.29022193341141], [-97.68943501918231, 30.29082635023909], [-97.68932508514321, 30.291083524231713], [-97.68927178564341, 30.291328389818826], [-97.68926725441364, 30.291966231879954], [-97.68924398377186, 30.292248779427805], [-97.68923981719145, 30.292778809362638], [-97.68924483053442, 30.293855616173516], [-97.68920899538656, 30.294458952869455], [-97.68911747323475, 30.294890132998937], [-97.68885243537174, 30.29532976225843], [-97.68864824966278, 30.295572157338675], [-97.68798389374228, 30.296165945468402], [-97.68771109471383, 30.29659338284376], [-97.68760510086307, 30.296920005348834], [-97.68746468607245, 30.297280245425487], [-97.68726861617864, 30.29767789944986], [-97.6870152193036, 30.298133910859114], [-97.68701359117861, 30.298133551576036], [-97.68699974031338, 30.29813049423589], [-97.68624228836819, 30.297778859397788], [-97.68577610434254, 30.297543075522654], [-97.68547128172462, 30.2973889021466], [-97.6848875114965, 30.297097902694937], [-97.68457007269129, 30.296951873853228], [-97.68253038675074, 30.29593975981165], [-97.68116714167276, 30.295302964590707], [-97.6777522584951, 30.29368285148252], [-97.6777521971915, 30.293682822681628], [-97.67819851210004, 30.29278500679521], [-97.67860646005838, 30.292045425903606], [-97.67995869359396, 30.289995005861996]]]]}, "properties": {"route_id": "PAF70", "district": "District 1", "garb_day": "Friday", "op_type": "Auto", "supervisor": "Carnline", "super_num": 596, "centroid_lat": 30.28633626686857, "centroid_lng": -97.69216422273317}}, {"type": "Feature", "geometry": {"type": "MultiPolygon", "coordinates": [[[[-97.67963814935472, 30.319463331171132], [-97.67948999999999, 30.31972999999939], [-97.67927999999999, 30.32015999999936], [-97.67913999999999, 30.32059999999938], [-97.67910999999998, 30.32088999999938], [-97.67913999999999, 30.32120999999935], [-97.67917, 30.321439999999367], [-97.67923999999998, 30.321609999999378], [-97.67934, 30.321809999999356], [-97.68024976220347, 30.322809738688058], [-97.68024975820903, 30.322813461797672], [-97.68042611110938, 30.323075625579147], [-97.67840598187813, 30.323772668300734], [-97.67331706935754, 30.32555779698969], [-97.67261222463716, 30.325026386070572], [-97.67012204994727, 30.323043791167105], [-97.66602344637961, 30.31996706298009], [-97.66507497733797, 30.31904446698084], [-97.6641475414801, 30.31784449965229], [-97.6636756185887, 30.31705914085927], [-97.66321671717228, 30.31598297475552], [-97.66333962975898, 30.315786234494663], [-97.6635901463353, 30.31540729966801], [-97.66403974895825, 30.314560454244376], [-97.6647879305849, 30.31339311871381], [-97.66503999974972, 30.313129999851373], [-97.66553000023751, 30.31236000003639], [-97.66610999980372, 30.311460000182496], [-97.66648999976509, 30.310850000284976], [-97.66681000008911, 30.310440000035616], [-97.66719081317714, 30.310068330594166], [-97.66744999997569, 30.31035000033202], [-97.66794999985916, 30.31081000003886], [-97.66819999967059, 30.310990000366573], [-97.66874999960874, 30.311289999748567], [-97.66952999967273, 30.311680000277967], [-97.67034999960053, 30.312069999968273], [-97.67069999966914, 30.312260000311813], [-97.67110999991246, 30.312520000000383], [-97.67188999994045, 30.312970000177334], [-97.6724399995693, 30.313319999797955], [-97.6733699997812, 30.314220000288977], [-97.67409995772573, 30.31499995499618], [-97.67628237904164, 30.31444995075478], [-97.67813590040642, 30.31396969628191], [-97.6783090472718, 30.31339471668348], [-97.67954999994654, 30.314010000189334], [-97.68098000005536, 30.31477000007065], [-97.68113999976114, 30.314900000389425], [-97.68140999975992, 30.315290000355063], [-97.68158000003632, 30.31576999979053], [-97.6815893396394, 30.31594878656563], [-97.68160990023965, 30.316099182069255], [-97.6815684229324, 30.31632480903827], [-97.68151762842166, 30.316504334290283], [-97.68114765185976, 30.317130227427125], [-97.68009907565941, 30.318700049084757], [-97.6796377505206, 30.319462297115898], [-97.67963814935472, 30.319463331171132]]]]}, "properties": {"route_id": "PAH50", "district": "District 1", "garb_day": "Thursday", "op_type": "Auto", "supervisor": "Castillo", "super_num": 500, "centroid_lat": 30.318017408652047, "centroid_lng": -97.67242611980194}}, {"type": "Feature", "geometry": {"type": "MultiPolygon", "coordinates": [[[[-97.71515879436312, 30.301827643624865], [-97.71632206660867, 30.300017679021774], [-97.71634407898301, 30.300028498388993], [-97.71709779003987, 30.298722342155937], [-97.71863770583542, 30.296291475247386], [-97.71955387895507, 30.294836939587594], [-97.71959999976129, 30.29486000019623], [-97.71969999998996, 30.29491000038775], [-97.71978999989142, 30.294950000098563], [-97.72059999958499, 30.295350000208018], [-97.72164328676429, 30.295823902283882], [-97.7231099999606, 30.29648999999808], [-97.72310977359244, 30.296490451822525], [-97.72311064898139, 30.296489792636397], [-97.72295999954964, 30.29731999994939], [-97.72266999959535, 30.29858000026796], [-97.72239999954411, 30.29974000034322], [-97.72200000013308, 30.30063000021112], [-97.72155999971712, 30.301480000057158], [-97.72092999966094, 30.30270000039061], [-97.72054999988401, 30.303310000188677], [-97.7204599998714, 30.303479999856435], [-97.72016999966635, 30.303940000359866], [-97.72010999954003, 30.304050000061657], [-97.71958999977218, 30.30481000041427], [-97.71958919722111, 30.304810180959336], [-97.7195890292406, 30.304809525699692], [-97.71912207232388, 30.304581237163347], [-97.71868999997373, 30.304369999826903], [-97.71822410695239, 30.30414456964463], [-97.71776000028392, 30.30391999975823], [-97.71710000005221, 30.303600000200284], [-97.7169000002032, 30.30357000010747], [-97.71642999989385, 30.303539999941492], [-97.71624999992467, 30.303560000135395], [-97.71597779061179, 30.303628653984322], [-97.71591541352322, 30.30318191925911], [-97.71578172005759, 30.302785257340798], [-97.71568661599372, 30.30255814006753], [-97.71539771632881, 30.30211406564147], [-97.71515879436312, 30.301827643624865]]], [[[-97.71515879436312, 30.301827643624865], [-97.71428190744078, 30.3032037097203], [-97.71241073067075, 30.30619518990975], [-97.71124166100032, 30.308004565120097], [-97.7102392381112, 30.309472724803193], [-97.71023726959605, 30.309471468309418], [-97.71022466387876, 30.309462406963696], [-97.71012046237435, 30.30938750385826], [-97.71000714007633, 30.309306043375237], [-97.7097405681561, 30.309118442981877], [-97.70943539059768, 30.30891419586958], [-97.70878148377136, 30.308592293039695], [-97.70647811208954, 30.307512051726462], [-97.70214319224951, 30.3054645353237], [-97.70166433887167, 30.305244353167488], [-97.70120817120785, 30.304982564771084], [-97.69956703079703, 30.304317798617646], [-97.69891150243473, 30.30386025160276], [-97.69862942885983, 30.303536588858666], [-97.69846864190532, 30.303308908260085], [-97.69803887671864, 30.30287002038963], [-97.69760605376506, 30.30254325565464], [-97.69629127669283, 30.301956012727548], [-97.69581779998474, 30.30174452963273], [-97.69484915717122, 30.30150956737472], [-97.69425492659991, 30.301473614656995], [-97.6916253297104, 30.30139028351903], [-97.69118903083664, 30.30130446703709], [-97.69111337682878, 30.301274971980828], [-97.69084494002782, 30.301174655663992], [-97.69054637626631, 30.30106098669613], [-97.69032625479717, 30.3007908863616], [-97.69032608549503, 30.30079121223098], [-97.6898776135241, 30.30021404712374], [-97.68936614420011, 30.2996836891401], [-97.68891617824421, 30.29911512639651], [-97.68701076908104, 30.298141918695805], [-97.68701508866681, 30.298134145697674], [-97.68701591443106, 30.298134064375354], [-97.6870152193036, 30.298133910859114], [-97.68726861617864, 30.29767789944986], [-97.68746468607245, 30.297280245425487], [-97.68760510086307, 30.296920005348834], [-97.68771109471383, 30.29659338284376], [-97.68798389374228, 30.296165945468402], [-97.68864824966278, 30.295572157338675], [-97.68885243537174, 30.29532976225843], [-97.68911747323475, 30.294890132998937], [-97.68920899538656, 30.294458952869455], [-97.68924483053442, 30.293855616173516], [-97.68923981719145, 30.292778809362638], [-97.68924398377186, 30.292248779427805], [-97.68926725441364, 30.291966231879954], [-97.68927178564341, 30.291328389818826], [-97.68932508514321, 30.291083524231713], [-97.68943501918231, 30.29082635023909], [-97.68988261514988, 30.29022193341141], [-97.69022848578142, 30.289952593668698], [-97.69054498382886, 30.289786324802268], [-97.69095418994732, 30.28962772659675], [-97.69132786442053, 30.289554792750447], [-97.69172649706509, 30.28953996999537], [-97.6921504018481, 30.289571746687635], [-97.69263977478892, 30.289636549100525], [-97.69339967077177, 30.28988115866712], [-97.69424023355094, 30.290088546034998], [-97.69472625479969, 30.290154711535333], [-97.695093936582, 30.290179560429465], [-97.69549074101201, 30.290178276820278], [-97.69584117503206, 30.290141266909778], [-97.6963173639396, 30.290031034637302], [-97.69700331085954, 30.28977033837521], [-97.69777251706799, 30.289392899441157], [-97.69847259538349, 30.289069410213585], [-97.69846766519578, 30.289044875134987], [-97.70126738728952, 30.288861082031378], [-97.70420949689006, 30.2894667982756], [-97.70537901485397, 30.289786169570338], [-97.70538532079068, 30.28978581087944], [-97.70593050329542, 30.29022097873847], [-97.70707328240836, 30.29091650204554], [-97.70731106116274, 30.291258674768972], [-97.70735420838675, 30.291560392921536], [-97.70754512685642, 30.291552649613195], [-97.70768072942145, 30.29254754047936], [-97.70791042412753, 30.294410150351876], [-97.70798406574654, 30.295564470539], [-97.70815067310609, 30.296254208591396], [-97.70844108604167, 30.296935758340027], [-97.70906684501738, 30.297944917143397], [-97.70964774910038, 30.29855201097725], [-97.71071484040185, 30.299348192215618], [-97.71079101509052, 30.29941056424561], [-97.71309637443109, 30.300558361410186], [-97.71398223441064, 30.30098954156852], [-97.71459763688472, 30.301300046618877], [-97.71515879436312, 30.301827643624865]]]]}, "properties": {"route_id": "PF20", "district": "District 1", "garb_day": "Friday", "op_type": "Semi", "supervisor": "Clark", "super_num": null, "centroid_lat": 30.29823266978299, "centroid_lng": -97.70332463430631}}, {"type": "Feature", "geometry": {"type": "MultiPolygon", "coordinates": [[[[-97.73182635789448, 30.312967608165273], [-97.73163176605496, 30.312871179276506], [-97.73035832438306, 30.313540033894103], [-97.72628999828875, 30.311600340479423], [-97.72625588480733, 30.31116056010385], [-97.72582044259485, 30.31095941651675], [-97.72555999198114, 30.311050164207472], [-97.72551698929237, 30.310813300395928], [-97.72480300506892, 30.310449723662362], [-97.72460950034717, 30.310548601834977], [-97.72458967344926, 30.310341599580763], [-97.72391950379364, 30.3100186983553], [-97.72373901865276, 30.31012938037173], [-97.72374210594168, 30.309935292057304], [-97.72303925729345, 30.309601179199625], [-97.72283932373335, 30.30970949951875], [-97.72282556116647, 30.30950298570163], [-97.7217172424997, 30.30896827590055], [-97.72155966479745, 30.309099713697893], [-97.72162161558435, 30.308920237560365], [-97.72060700958357, 30.308425142799532], [-97.7204306564201, 30.308550553954845], [-97.72045402258674, 30.30847204699259], [-97.72047600291644, 30.308365305801384], [-97.71943415291547, 30.307862570029496], [-97.71923809326097, 30.30797038961544], [-97.71925028873574, 30.30785911553429], [-97.71917717419362, 30.307282978583192], [-97.71841409567004, 30.306936327225433], [-97.71871238598874, 30.30647831637158], [-97.71861108597325, 30.306370755593584], [-97.71879417666165, 30.306344348888384], [-97.71916161767442, 30.30576408633929], [-97.71910121260231, 30.305589541488416], [-97.71929711628586, 30.30557093054202], [-97.71964607022602, 30.305031734345796], [-97.71958919722111, 30.304810180959336], [-97.71958999977218, 30.30481000041427], [-97.72010999954003, 30.304050000061657], [-97.72016999966635, 30.303940000359866], [-97.7204599998714, 30.303479999856435], [-97.72054999988401, 30.303310000188677], [-97.72092999966094, 30.30270000039061], [-97.72155999971712, 30.301480000057158], [-97.72200000013308, 30.30063000021112], [-97.72239999954411, 30.29974000034322], [-97.72266999959535, 30.29858000026796], [-97.72295999954964, 30.29731999994939], [-97.72311064975476, 30.29648979265217], [-97.72382999962531, 30.29626000028137], [-97.72431999956655, 30.296199999861503], [-97.7246200001288, 30.296230000398463], [-97.72489999974168, 30.296300000297013], [-97.72679000008876, 30.297229999959047], [-97.7280899996394, 30.297880000246924], [-97.72851999996345, 30.29810000013996], [-97.72887999989882, 30.2982600001831], [-97.72981020138499, 30.298740317826383], [-97.73007207432094, 30.298864679868128], [-97.73074201688421, 30.299185496772814], [-97.73100936040366, 30.29932358238925], [-97.73166133504822, 30.29963334609259], [-97.73212562718761, 30.29985234525038], [-97.73269860176599, 30.300138204849155], [-97.73368316811782, 30.300628609066717], [-97.73466666849136, 30.30112715910202], [-97.73518732623315, 30.301384449124967], [-97.73625269858975, 30.301896536993606], [-97.73811073361094, 30.302812910285283], [-97.73859999957459, 30.302030000103517], [-97.73891197687226, 30.301526596184278], [-97.73910192507812, 30.30119990430311], [-97.73961999992856, 30.30034999996492], [-97.7412399998538, 30.30113000001421], [-97.7429499998651, 30.301940000122908], [-97.74463999952835, 30.302730000235606], [-97.74306999977972, 30.305210000377432], [-97.7423700001123, 30.306270000017715], [-97.74187000003634, 30.307080000231828], [-97.74135999951413, 30.30785000018906], [-97.740660000171, 30.30894000035423], [-97.74003999953231, 30.309940000347613], [-97.73929000005464, 30.311000000150777], [-97.73853999984242, 30.312060000312155], [-97.73760999987921, 30.313420000194203], [-97.73761164486535, 30.313423898835854], [-97.73760943339803, 30.31342714846959], [-97.73734570888533, 30.31374225271719], [-97.73651469433692, 30.31493379616459], [-97.73651359831197, 30.31494127800836], [-97.7363410892192, 30.31508093772699], [-97.7361933107636, 30.315095924608457], [-97.73457845730545, 30.314257346129395], [-97.73327040405626, 30.313570277859025], [-97.7324826861675, 30.313531178497158], [-97.73252722645766, 30.313065060787668], [-97.73252382472756, 30.31306471344602], [-97.73207546186568, 30.313018902738918], [-97.73182635789448, 30.312967608165273]]]]}, "properties": {"route_id": "PF10", "district": "District 5", "garb_day": "Friday", "op_type": "Semi", "supervisor": "L Joyner", "super_num": 800, "centroid_lat": 30.305717396549312, "centroid_lng": -97.73101007831993}}, {"type": "Feature", "geometry": {"type": "MultiPolygon", "coordinates": [[[[-97.72701747633673, 30.32654765960504], [-97.72622990785638, 30.326092183858773], [-97.72620413703761, 30.326062855387597], [-97.72619993251249, 30.326058070571808], [-97.72581603840756, 30.325621174757813], [-97.72507700323717, 30.32435714122], [-97.72424116818526, 30.323715633778413], [-97.72305893440391, 30.32306706821931], [-97.7211605652851, 30.32277397665442], [-97.72044297916366, 30.322689964802606], [-97.71941126925196, 30.322391377333282], [-97.71725444519045, 30.321306548989202], [-97.71572588743375, 30.320650846769045], [-97.71529186970427, 30.320433816757948], [-97.71388088011513, 30.320358735575457], [-97.71283791459349, 30.320476199078318], [-97.71271356874824, 30.320532846968163], [-97.71265459663351, 30.32042419834909], [-97.71265253962622, 30.320424623311677], [-97.71264915630391, 30.32042532198316], [-97.71239030471342, 30.320478795211255], [-97.71142670563538, 30.32072799581888], [-97.71142198560429, 30.32071976485034], [-97.70696860838073, 30.322111444021157], [-97.7069800705209, 30.321909682824508], [-97.7070436617611, 30.320790298897695], [-97.70725755753006, 30.3185423821078], [-97.70733957946827, 30.31768035390028], [-97.70807147891082, 30.314075279218127], [-97.70920193959259, 30.31134900915875], [-97.70999988213599, 30.30990568300421], [-97.7102392381112, 30.309472724803193], [-97.71024521431065, 30.309463972861945], [-97.71044999983951, 30.309620000016242], [-97.711089999739, 30.310060000129262], [-97.71131999978523, 30.31021000028526], [-97.71182000001993, 30.310440000106443], [-97.71195999995446, 30.310500000371604], [-97.71341000009957, 30.31117000011893], [-97.71487000002963, 30.31184000033622], [-97.7153599998196, 30.312090000226537], [-97.71556635679191, 30.312146279304667], [-97.71550769049969, 30.312759719687115], [-97.71541223529834, 30.3137834376361], [-97.71516520937645, 30.314684526452403], [-97.71516280641144, 30.314685812269403], [-97.71533037663906, 30.314999866876278], [-97.71533040278331, 30.31499993019321], [-97.71555999994123, 30.314960000311597], [-97.71580999958093, 30.31505999982785], [-97.7166899997721, 30.315519999933493], [-97.71758999963116, 30.31596000014197], [-97.71850999954248, 30.316410000061015], [-97.71938999985088, 30.316850000231224], [-97.72025999963907, 30.317260000194473], [-97.72111776025447, 30.317669789710525], [-97.72156664684904, 30.317536466273577], [-97.72274647838526, 30.317351042239757], [-97.72326547736806, 30.316532636836953], [-97.72279431194941, 30.315670393094766], [-97.72436753122668, 30.315567055833366], [-97.7267235233515, 30.311807046365622], [-97.73035832438306, 30.313540033894103], [-97.73163176605496, 30.312871179276506], [-97.73182635789448, 30.312967608165273], [-97.73207546186568, 30.313018902738918], [-97.73252722645766, 30.313065060787668], [-97.7324826861675, 30.313531178497158], [-97.73327040405626, 30.313570277859025], [-97.73457845730545, 30.314257346129395], [-97.7361933107636, 30.315095924608457], [-97.7363410892192, 30.31508093772699], [-97.73651359831197, 30.31494127800836], [-97.73651469433692, 30.31493379616459], [-97.73734570888533, 30.31374225271719], [-97.73760943339803, 30.31342714846959], [-97.73761369052608, 30.313420893450285], [-97.73768652443576, 30.313458122800956], [-97.73792083760802, 30.313569254450112], [-97.7387420415933, 30.313999181766825], [-97.73966552919565, 30.314431173009275], [-97.74063691989157, 30.314919233012482], [-97.74156104255628, 30.315379666347205], [-97.74155999960368, 30.315379999966538], [-97.74137999955438, 30.3156700002204], [-97.74075000022134, 30.316710000108575], [-97.74000999999829, 30.31790000009613], [-97.73990999990261, 30.31804000031412], [-97.73935000009048, 30.318920000014938], [-97.73923000006361, 30.31929000035859], [-97.73914999976797, 30.319599999782366], [-97.73917999972677, 30.31995000012964], [-97.73934999958087, 30.322020000318407], [-97.73940999994848, 30.322600000199266], [-97.7394899999435, 30.323749999984177], [-97.73963989027449, 30.325867963973064], [-97.739397508469, 30.32587618993611], [-97.73578036003539, 30.326870213946993], [-97.73563967972437, 30.326899267211743], [-97.7344692397487, 30.32635000748633], [-97.73389868907505, 30.326337202653], [-97.73134765456479, 30.330409989540733], [-97.73159567633199, 30.330875835255256], [-97.73156912943358, 30.330915479761167], [-97.73062396643887, 30.33045610361332], [-97.7280395047443, 30.32918208036542], [-97.72760083736118, 30.328641183975996], [-97.72733455317221, 30.327641197599828], [-97.72739971282608, 30.327203059466303], [-97.72701747633673, 30.32654765960504]]]]}, "properties": {"route_id": "PAF63", "district": "District 9", "garb_day": "Friday", "op_type": "Auto", "supervisor": "Litson", "super_num": 170, "centroid_lat": 30.319354813512348, "centroid_lng": -97.72551236713161}}, {"type": "Feature", "geometry": {"type": "MultiPolygon", "coordinates": [[[[-97.7087604942029, 30.289510187025556], [-97.70876027024973, 30.28950991502397], [-97.70875999982853, 30.289510000303167], [-97.70813246079729, 30.289201670665317], [-97.70763916780655, 30.289143249445047], [-97.70722965754717, 30.28918854336803], [-97.70692147226153, 30.287583023730026], [-97.70671505318133, 30.287056734725635], [-97.70637043158345, 30.28628804245303], [-97.70619807186931, 30.286029752741694], [-97.70572370403724, 30.285237251313532], [-97.70563880988047, 30.28515759273313], [-97.70548999967129, 30.284929999953285], [-97.70524999981336, 30.284550000400955], [-97.70479999985412, 30.283830000122087], [-97.70438999961772, 30.283190000219335], [-97.70397999989191, 30.282560000233612], [-97.70305999980596, 30.281160000019597], [-97.70209999961979, 30.279689999827507], [-97.70167999995378, 30.279040000120652], [-97.70072999976615, 30.277620000136157], [-97.7002699995553, 30.276889999934802], [-97.70026652188358, 30.276885942087684], [-97.70090686610382, 30.276783280761354], [-97.70244886874939, 30.27654600565231], [-97.70366003244999, 30.276336250128452], [-97.703923236959, 30.27632896937622], [-97.70619031500533, 30.27597598728571], [-97.70816944361886, 30.275667148864557], [-97.70826934246267, 30.27572982374611], [-97.70951712915728, 30.27641113836038], [-97.7098455060513, 30.27838069202237], [-97.70819555284633, 30.279689663947675], [-97.70835439744374, 30.28126920302261], [-97.70767277828027, 30.28200237009419], [-97.70851000008196, 30.281860000056767], [-97.70941000020099, 30.28172000034194], [-97.71149999971006, 30.28139000002094], [-97.71239999974412, 30.281230000256496], [-97.71334999980778, 30.281080000318305], [-97.71433999986026, 30.280909999876542], [-97.71522999996142, 30.28078000030875], [-97.71625000006571, 30.280610000373454], [-97.71720999992401, 30.280460000202893], [-97.71822999956655, 30.28030000035331], [-97.71854000006032, 30.280240000103475], [-97.71929999988896, 30.280120000143143], [-97.71996938594039, 30.2799980717801], [-97.72022637298046, 30.27997087849707], [-97.72038176867703, 30.280102255666364], [-97.72077446895004, 30.28003362681675], [-97.72088856961557, 30.280574577312127], [-97.72134324697991, 30.28072931635918], [-97.72142048996602, 30.28080898985078], [-97.7212744579791, 30.281006762518757], [-97.7214270907427, 30.2817031810893], [-97.72161865580962, 30.28176785071216], [-97.72151901271872, 30.281809443901977], [-97.72146268143584, 30.28188507362582], [-97.72161626021988, 30.282663703989222], [-97.7217536719874, 30.28272961416918], [-97.72182829020898, 30.282808402107882], [-97.72182712286492, 30.28290829378085], [-97.7210099616026, 30.283939582098924], [-97.7207896946011, 30.28399926985547], [-97.72081069441583, 30.284099674554007], [-97.72090017544109, 30.284173540951244], [-97.72115404234891, 30.284503090786128], [-97.72093673813065, 30.28488278983698], [-97.72047173391913, 30.28486970649659], [-97.72074105859257, 30.285128334127037], [-97.72012718627191, 30.286114571507436], [-97.71964955395939, 30.2861782009047], [-97.71990825679386, 30.28644168646835], [-97.7191743143056, 30.287656855656653], [-97.71868696324155, 30.2876697400095], [-97.71895846645474, 30.287907962034517], [-97.71831849056535, 30.288885997632313], [-97.71791099873771, 30.288890027743136], [-97.7178007394305, 30.288949010508976], [-97.71720604452106, 30.289005706031993], [-97.71617413820505, 30.28859318748433], [-97.71554249150633, 30.289534446552093], [-97.71497993685426, 30.28957009583762], [-97.71469765146308, 30.28999780073852], [-97.71465000016099, 30.290069999917236], [-97.71398999996806, 30.291029999989377], [-97.71349999953594, 30.29173000016046], [-97.71276999980854, 30.291380000210765], [-97.71146999965897, 30.290770000020956], [-97.71051000027158, 30.29031000030956], [-97.7102107550003, 30.290179011449496], [-97.7102091559509, 30.29017828189712], [-97.70973144214184, 30.289960412409197], [-97.7087604942029, 30.289510187025556]]]]}, "properties": {"route_id": "PAF52", "district": "District 5", "garb_day": "Friday", "op_type": "Auto", "supervisor": "Castillo", "super_num": 500, "centroid_lat": 30.283566287550276, "centroid_lng": -97.71141564909856}}, {"type": "Feature", "geometry": {"type": "MultiPolygon", "coordinates": [[[[-97.72088856961557, 30.280574577312127], [-97.72077446895004, 30.28003362681675], [-97.72038176867703, 30.280102255666364], [-97.72022637298046, 30.27997087849707], [-97.71996938594039, 30.2799980717801], [-97.71929999988896, 30.280120000143143], [-97.71854000006032, 30.280240000103475], [-97.71822999956655, 30.28030000035331], [-97.71720999992401, 30.280460000202893], [-97.71625000006571, 30.280610000373454], [-97.71522999996142, 30.28078000030875], [-97.71433999986026, 30.280909999876542], [-97.71334999980778, 30.281080000318305], [-97.71239999974412, 30.281230000256496], [-97.71149999971006, 30.28139000002094], [-97.70941000020099, 30.28172000034194], [-97.70851000008196, 30.281860000056767], [-97.70767277828027, 30.28200237009419], [-97.70835439744374, 30.28126920302261], [-97.70819555284633, 30.279689663947675], [-97.7098455060513, 30.27838069202237], [-97.70984487945174, 30.27837693219436], [-97.70951712915728, 30.27641113836038], [-97.70826934246267, 30.27572982374611], [-97.70816944361886, 30.275667148864557], [-97.70859679655335, 30.275600456793686], [-97.71158507605699, 30.275052898578796], [-97.71208295897823, 30.275012356673567], [-97.71433606086345, 30.274633582099607], [-97.7152313184163, 30.27448701195869], [-97.7161703816101, 30.274341329822377], [-97.71805580206488, 30.274050094962224], [-97.72006602206584, 30.273736013409412], [-97.72218660834805, 30.27339244518312], [-97.72415333517051, 30.273064732022156], [-97.72664831773056, 30.272652622313313], [-97.72781437372953, 30.272486109371076], [-97.72809336654959, 30.272434713761577], [-97.72889908472476, 30.272355978522658], [-97.72964114080506, 30.27219985395521], [-97.73017670480912, 30.272115621055658], [-97.73121930869448, 30.27192120551186], [-97.73189393739348, 30.271827107527518], [-97.73231691114668, 30.271793653875495], [-97.73227316752454, 30.271962829922842], [-97.73140116902704, 30.274663273307244], [-97.73052682166039, 30.27704776250636], [-97.72992021952325, 30.27846647052644], [-97.72991882319384, 30.278469736570056], [-97.72991560506725, 30.278469540253255], [-97.72988829070604, 30.27852786540289], [-97.72981694315256, 30.27868021713018], [-97.72965408666873, 30.279027966530336], [-97.72926619090305, 30.279856235527163], [-97.72925860789049, 30.279868866774837], [-97.72918254978846, 30.279995567240736], [-97.72891922537474, 30.28040977156613], [-97.72821005864728, 30.281525258371047], [-97.72817484337065, 30.281579590158724], [-97.7280816375049, 30.281723392518558], [-97.72752518701684, 30.28256887154716], [-97.7272517479386, 30.282995095159496], [-97.72721430593636, 30.2830524691963], [-97.72720656986684, 30.283064553162202], [-97.72637194319002, 30.284368252614748], [-97.7263228608651, 30.28444371345547], [-97.72604662232509, 30.284868410310253], [-97.72599546225983, 30.284947065771483], [-97.72572477967553, 30.28536321521859], [-97.72556479419936, 30.28560917733235], [-97.72525927539863, 30.28607887761142], [-97.72492871600056, 30.286587069276873], [-97.72492116716995, 30.28659867397275], [-97.7249171220285, 30.28660489224386], [-97.72494532348475, 30.286617518177668], [-97.72490793561514, 30.286633210492766], [-97.72485238128165, 30.286518746449783], [-97.72418740059118, 30.2862375306848], [-97.72357338089391, 30.285857313539136], [-97.7223082307682, 30.28499883195109], [-97.72181674006411, 30.284481481583516], [-97.7214863117183, 30.284238985312292], [-97.72121706722186, 30.284149936916226], [-97.72085862832053, 30.284053100290404], [-97.7207896946011, 30.28399926985547], [-97.7210099616026, 30.283939582098924], [-97.72182712286492, 30.28290829378085], [-97.72182829020898, 30.282808402107882], [-97.7217536719874, 30.28272961416918], [-97.72161626021988, 30.282663703989222], [-97.72146268143584, 30.28188507362582], [-97.72151901271872, 30.281809443901977], [-97.72161865580962, 30.28176785071216], [-97.7214270907427, 30.2817031810893], [-97.7212744579791, 30.281006762518757], [-97.72142048996602, 30.28080898985078], [-97.72134324697991, 30.28072931635918], [-97.72088856961557, 30.280574577312127]]]]}, "properties": {"route_id": "PAF53", "district": "District 5", "garb_day": "Friday", "op_type": "Auto", "supervisor": "Castillo", "super_num": 500, "centroid_lat": 30.278010150059032, "centroid_lng": -97.72114962562392}}, {"type": "Feature", "geometry": {"type": "MultiPolygon", "coordinates": [[[[-97.72311064936808, 30.296489792644284], [-97.72324999999998, 30.2958399999994], [-97.72336, 30.295559999999362], [-97.72388999999998, 30.294949999999357], [-97.72513999999998, 30.293549999999367], [-97.72545, 30.29320999999937], [-97.72590999999998, 30.292689999999375], [-97.72658999999999, 30.291919999999397], [-97.72729640173803, 30.291130699522892], [-97.72721999999999, 30.290589999999366], [-97.72717806235153, 30.290338352127694], [-97.72678999999998, 30.28904999999936], [-97.72665943779953, 30.288513000965665], [-97.72664579408526, 30.288391917665862], [-97.72660357390906, 30.28818342514126], [-97.72659087115157, 30.28799591484313], [-97.72661548793428, 30.287695595514688], [-97.72672763411339, 30.287238665350646], [-97.72673499067909, 30.287241773655555], [-97.72767396133177, 30.28763853184725], [-97.72792313959106, 30.287749245541903], [-97.72801091098744, 30.287788243251118], [-97.72838698382557, 30.28796193829577], [-97.72847313051335, 30.28800172655479], [-97.7286521284948, 30.28807883602636], [-97.72865549461443, 30.288081566661674], [-97.72906357799235, 30.28841263858633], [-97.72929758481186, 30.28860248304217], [-97.7293333133627, 30.28863146877551], [-97.72956980833901, 30.288813822294475], [-97.72969362780343, 30.28890929535872], [-97.72974108037549, 30.28894588420481], [-97.73005159523328, 30.289071446096447], [-97.73028311354317, 30.289165063256313], [-97.73090554396758, 30.289324371351054], [-97.73090671236592, 30.28932467071617], [-97.73122823713614, 30.289334446292212], [-97.73131087358551, 30.28933695855246], [-97.73134120012438, 30.28933547188511], [-97.73166386308888, 30.289319650444185], [-97.73248827863402, 30.289279222952988], [-97.73251893798566, 30.28928072426754], [-97.73256443626755, 30.289282951242605], [-97.7330708012819, 30.289307738512512], [-97.73327868678162, 30.28931791397788], [-97.73405157580893, 30.28936677080273], [-97.73455938170677, 30.289398868047744], [-97.73456060618406, 30.289398945755565], [-97.73470060195007, 30.28941008552352], [-97.73487518174167, 30.289423977516034], [-97.73490862924815, 30.289426638687626], [-97.73656139087238, 30.289532580550826], [-97.7367919020791, 30.28954735474234], [-97.73677779519763, 30.28965706191075], [-97.73665882465333, 30.290582252902666], [-97.73656176450184, 30.29169217617536], [-97.73655967067118, 30.29171612007542], [-97.736565587491, 30.291716555214766], [-97.73650999983826, 30.29244999988026], [-97.73642000006866, 30.292770000286605], [-97.73632999959841, 30.29289000014403], [-97.73599000012504, 30.29317000029503], [-97.73745999988263, 30.294309999778335], [-97.73784999974201, 30.29449000032138], [-97.73842394189445, 30.294735760043636], [-97.73935909639019, 30.295219138150113], [-97.73935910442646, 30.29521958769526], [-97.73936106006279, 30.29521897259013], [-97.73976849182043, 30.295383389796683], [-97.74023967694025, 30.295635306974926], [-97.73950050960535, 30.296862927793633], [-97.73939054789453, 30.297092952264585], [-97.73931384897843, 30.29730469118509], [-97.7392629656179, 30.29781670096961], [-97.73912000011784, 30.298030000377718], [-97.73902999985319, 30.29823000036558], [-97.73844999968932, 30.298780000135373], [-97.73836999958806, 30.298870000168744], [-97.73792000001963, 30.299510000386977], [-97.73667999986607, 30.298929999940007], [-97.7361299996688, 30.29984000011416], [-97.73594999966255, 30.300140000195597], [-97.73566000005586, 30.30060999995217], [-97.73518732623315, 30.301384449124967], [-97.73466666849136, 30.30112715910202], [-97.73368316811782, 30.300628609066717], [-97.73269860176599, 30.300138204849155], [-97.73212562718761, 30.29985234525038], [-97.73166133504822, 30.29963334609259], [-97.73100936040366, 30.29932358238925], [-97.73074201688421, 30.299185496772814], [-97.73007207432094, 30.298864679868128], [-97.72981020138499, 30.298740317826383], [-97.72887999989882, 30.2982600001831], [-97.72851999996345, 30.29810000013996], [-97.7280899996394, 30.297880000246924], [-97.72679000008876, 30.297229999959047], [-97.72489999974168, 30.296300000297013], [-97.7246200001288, 30.296230000398463], [-97.72431999956655, 30.296199999861503], [-97.72382999962531, 30.29626000028137], [-97.72311064936808, 30.296489792644284]]]]}, "properties": {"route_id": "PF11", "district": "District 5", "garb_day": "Friday", "op_type": "Semi", "supervisor": "L Joyner", "super_num": 800, "centroid_lat": 30.2945425647998, "centroid_lng": -97.73195480177765}}, {"type": "Feature", "geometry": {"type": "MultiPolygon", "coordinates": [[[[-97.72310977400589, 30.296490451454826], [-97.72310999999999, 30.296489999999363], [-97.7216432867192, 30.29582390224998], [-97.7205999997925, 30.29535000010368], [-97.71978999989142, 30.294950000098563], [-97.71969999998996, 30.29491000038775], [-97.71959999976129, 30.29486000019623], [-97.71955387893689, 30.2948369402587], [-97.71863770583542, 30.296291475247386], [-97.71709779003987, 30.298722342155937], [-97.71634407898301, 30.300028498388993], [-97.71632206660867, 30.300017679021774], [-97.71515879436312, 30.301827643624865], [-97.71459763688472, 30.301300046618877], [-97.71398223441064, 30.30098954156852], [-97.71309637443109, 30.300558361410186], [-97.71079101509052, 30.29941056424561], [-97.71071484040185, 30.299348192215618], [-97.70964774910038, 30.29855201097725], [-97.70906684501738, 30.297944917143397], [-97.70844108604167, 30.296935758340027], [-97.70815067310609, 30.296254208591396], [-97.70798406574654, 30.295564470539], [-97.70791042412753, 30.294410150351876], [-97.70787473341353, 30.294120731978026], [-97.70768072942145, 30.29254754047936], [-97.70754512685642, 30.291552649613195], [-97.70738448086863, 30.290319084655348], [-97.70722965754717, 30.28918854336803], [-97.70763916780655, 30.289143249445047], [-97.70813246079729, 30.289201670665317], [-97.70875999982853, 30.289510000303167], [-97.70876027024973, 30.28950991502397], [-97.7087604942029, 30.289510187025556], [-97.70973144214184, 30.289960412409197], [-97.7102107550003, 30.290179011449496], [-97.71051000027158, 30.29031000030956], [-97.71146999965897, 30.290770000020956], [-97.71276999980854, 30.291380000210765], [-97.71349999953594, 30.29173000016046], [-97.71398999996806, 30.291029999989377], [-97.71465000016099, 30.290069999917236], [-97.71469765146308, 30.28999780073852], [-97.7149799368679, 30.28957009533428], [-97.71554249150633, 30.289534446552093], [-97.71617413820505, 30.28859318748433], [-97.71720604452106, 30.289005706031993], [-97.7178007394305, 30.288949010508976], [-97.71791099873771, 30.288890027743136], [-97.71831849056535, 30.288885997632313], [-97.71832169417911, 30.28888110147509], [-97.71895846645474, 30.287907962034517], [-97.71868696324155, 30.2876697400095], [-97.7191743143056, 30.287656855656653], [-97.71990825679386, 30.28644168646835], [-97.71964955395939, 30.2861782009047], [-97.72012718627191, 30.286114571507436], [-97.72074105859257, 30.285128334127037], [-97.72047173391913, 30.28486970649659], [-97.72093673813065, 30.28488278983698], [-97.72115404234891, 30.284503090786128], [-97.72090017544109, 30.284173540951244], [-97.72081069441583, 30.284099674554007], [-97.7207896946011, 30.28399926985547], [-97.72085862832053, 30.284053100290404], [-97.72121706722186, 30.284149936916226], [-97.7214863117183, 30.284238985312292], [-97.72181674006411, 30.284481481583516], [-97.7223082307682, 30.28499883195109], [-97.72357338089391, 30.285857313539136], [-97.72418740059118, 30.2862375306848], [-97.72485238128165, 30.286518746449783], [-97.72490793561514, 30.286633210492766], [-97.72494532348475, 30.286617518177668], [-97.72509246176689, 30.286683391444132], [-97.72564537036571, 30.286930926139366], [-97.72571841867122, 30.286951697362444], [-97.72672763411339, 30.287238665350646], [-97.72661548814796, 30.287695595515704], [-97.72659087104323, 30.287995914835268], [-97.72660357358565, 30.288183425115612], [-97.72664579414644, 30.288391918018252], [-97.72665943756178, 30.288513000951134], [-97.72678999953041, 30.289050000280586], [-97.72717806199671, 30.290338352304126], [-97.72721999984934, 30.290590000045828], [-97.7272964017735, 30.291130699522114], [-97.72658999997627, 30.291920000100642], [-97.72590999970808, 30.292690000365827], [-97.72544999999108, 30.293209999910953], [-97.72513999994436, 30.293550000074656], [-97.72388999986674, 30.294950000363976], [-97.72335999983939, 30.295560000167104], [-97.72325000011129, 30.29584000015062], [-97.72311064898139, 30.296489792636397], [-97.72310977400589, 30.296490451454826]]]]}, "properties": {"route_id": "PF21", "district": "District 5", "garb_day": "Friday", "op_type": "Semi", "supervisor": "Clark", "super_num": null, "centroid_lat": 30.292951007971933, "centroid_lng": -97.71712435056259}}, {"type": "Feature", "geometry": {"type": "MultiPolygon", "coordinates": [[[[-97.74782266175292, 30.326993143208828], [-97.74673137611856, 30.32645977622123], [-97.74672999987868, 30.32646000025777], [-97.74492999983703, 30.32551999979463], [-97.74420000022334, 30.325160000084352], [-97.74387999964843, 30.324980000012133], [-97.7435199996671, 30.324770000044126], [-97.74270999991859, 30.324229999953264], [-97.74146999970503, 30.323430000249353], [-97.74045151664927, 30.322731864904807], [-97.74059225073847, 30.32502125323555], [-97.73963989027449, 30.325867963973064], [-97.7394899999435, 30.323749999984177], [-97.73940999994848, 30.322600000199266], [-97.73934999958087, 30.322020000318407], [-97.73917999972677, 30.31995000012964], [-97.73914999976797, 30.319599999782366], [-97.73923000006361, 30.31929000035859], [-97.73935000009048, 30.318920000014938], [-97.73990999990261, 30.31804000031412], [-97.74000999999829, 30.31790000009613], [-97.74075000022134, 30.316710000108575], [-97.74137999955438, 30.3156700002204], [-97.74155999960368, 30.315379999966538], [-97.74156104255628, 30.315379666347205], [-97.74207155275961, 30.315634017347353], [-97.74244063013178, 30.315819044255946], [-97.74341934924506, 30.31629804670132], [-97.74420959814726, 30.31669975920368], [-97.74504947590295, 30.317093284163228], [-97.7455416775506, 30.317293033701493], [-97.7458679541038, 30.31736391108209], [-97.7460537307074, 30.317410521439815], [-97.74654065235536, 30.317387540471476], [-97.75002209319925, 30.31746096797068], [-97.74951881575794, 30.316439682641803], [-97.7524990718882, 30.3124184114547], [-97.75258999952243, 30.312070000131957], [-97.75252999998409, 30.31197000041169], [-97.75243999972534, 30.311840000339668], [-97.75190999973918, 30.31097000024787], [-97.75186000017356, 30.310879999835365], [-97.75162000006766, 30.31049000015828], [-97.75075999985992, 30.30923000037128], [-97.75070000011513, 30.30920000038924], [-97.75165999992332, 30.30779000023619], [-97.75202999994646, 30.307920000333898], [-97.7527000000094, 30.30808999994448], [-97.75434999979315, 30.30846999993273], [-97.75475000009736, 30.308579999966902], [-97.75498999983736, 30.308620000014464], [-97.75522000003161, 30.308690000044955], [-97.75569000006195, 30.308780000157203], [-97.75592026125419, 30.308810060426886], [-97.75666133358362, 30.30891127330391], [-97.75703234949201, 30.30896034808617], [-97.75722771611755, 30.30898966069125], [-97.75722989736887, 30.30898966658884], [-97.75722990828051, 30.308989685441396], [-97.75742924865567, 30.309016726108357], [-97.75716309435636, 30.3103800101314], [-97.75628160142631, 30.31723602220551], [-97.75591130607606, 30.32140452053131], [-97.75530093944039, 30.321375782982745], [-97.75508437994439, 30.321329801021513], [-97.75497409247627, 30.321322026090876], [-97.7547656069185, 30.32121363783033], [-97.75447084682821, 30.32106214700251], [-97.75446999999599, 30.321060000063106], [-97.75348999965139, 30.32054000039152], [-97.75194015864786, 30.323059993763007], [-97.7508899998288, 30.32478000027937], [-97.75066000018323, 30.325159999785548], [-97.75027443030433, 30.325802616107676], [-97.75026546967518, 30.325808264617873], [-97.7497399995466, 30.326720000018618], [-97.74920999962055, 30.32764000018422], [-97.74920952336885, 30.32764000099306], [-97.74920961690547, 30.32764017897175], [-97.74920920497726, 30.327640364724537], [-97.74851022787388, 30.32727660385448], [-97.7480329674164, 30.32708015525154], [-97.74782266175292, 30.326993143208828]]]]}, "properties": {"route_id": "PAF62", "district": "District 9", "garb_day": "Friday", "op_type": "Auto", "supervisor": "Litson", "super_num": 170, "centroid_lat": 30.31864842102459, "centroid_lng": -97.7489456888753}}, {"type": "Feature", "geometry": {"type": "MultiPolygon", "coordinates": [[[[-97.68471999983439, 30.30618000010928], [-97.6855299999268, 30.306560000053466], [-97.68552999951686, 30.30788000018647], [-97.6856999998112, 30.308170000241482], [-97.68592999973558, 30.30836000038855], [-97.68641999990524, 30.30881000003954], [-97.68633999999415, 30.308910000060965], [-97.68619000025453, 30.309330000313], [-97.6861099997453, 30.309600000109327], [-97.6859100001598, 30.310420000204488], [-97.68581999973438, 30.310610000368936], [-97.68557392520748, 30.310872874802467], [-97.68544947665303, 30.311028297263384], [-97.68536541327934, 30.311171915253954], [-97.68528108970492, 30.311723150326785], [-97.68508696089756, 30.31202880731639], [-97.68462999954208, 30.312359999880147], [-97.68418999978772, 30.312649999778397], [-97.68392999998916, 30.31284000000797], [-97.68346999965242, 30.313129999978493], [-97.68331999987426, 30.313220000304348], [-97.68305999958223, 30.313340000347747], [-97.68235999968879, 30.313549999948833], [-97.68235463577692, 30.313554229810208], [-97.68235638120336, 30.313550814159342], [-97.68195999970915, 30.313639999754553], [-97.68178000020596, 30.313740000329776], [-97.68164000025462, 30.313840000305987], [-97.68145999962366, 30.314060000246272], [-97.68098000005536, 30.31477000007065], [-97.67954999994654, 30.314010000189334], [-97.6783090472718, 30.31339471668348], [-97.67813590040642, 30.31396969628191], [-97.67628237904164, 30.31444995075478], [-97.67409995772573, 30.31499995499618], [-97.6733699997812, 30.314220000288977], [-97.6724399995693, 30.313319999797955], [-97.67188999994045, 30.312970000177334], [-97.67110999991246, 30.312520000000383], [-97.67069999966914, 30.312260000311813], [-97.67034999960053, 30.312069999968273], [-97.66952999967273, 30.311680000277967], [-97.66874999960874, 30.311289999748567], [-97.66819999967059, 30.310990000366573], [-97.66794999985916, 30.31081000003886], [-97.66744999997569, 30.31035000033202], [-97.66719081317714, 30.310068330594166], [-97.6675632756542, 30.309782185907874], [-97.66857090057691, 30.30920692099972], [-97.6688348808553, 30.309044078392258], [-97.66912888865619, 30.308759819459063], [-97.66916762417331, 30.308674355341207], [-97.66930667411918, 30.30846893650702], [-97.66977289883707, 30.307056526691394], [-97.6698586829403, 30.306750770380646], [-97.67003123242233, 30.306190451173254], [-97.67018190990788, 30.305814883371912], [-97.67163318938027, 30.304660431516567], [-97.67624058073494, 30.304761265001623], [-97.67626630355296, 30.304756750192304], [-97.67626947403565, 30.304760245000498], [-97.6762694840599, 30.30476027441774], [-97.67630113307135, 30.304710377344605], [-97.67682367811545, 30.30391519802157], [-97.67759893828102, 30.302729667251658], [-97.6782454674452, 30.303047900281978], [-97.67910870414401, 30.303470425652428], [-97.67910994211357, 30.30346978142819], [-97.67910999999998, 30.30346999999937], [-97.68139999999998, 30.304599999999372], [-97.68235999999999, 30.30504999999938], [-97.68288944234503, 30.305310102621362], [-97.68288999982917, 30.305310000332817], [-97.68313999975271, 30.30543999997236], [-97.68444999993453, 30.306060000060537], [-97.68471999983439, 30.30618000010928]]]]}, "properties": {"route_id": "PAH51", "district": "District 1", "garb_day": "Thursday", "op_type": "Auto", "supervisor": "Castillo", "super_num": 500, "centroid_lat": 30.30919750761114, "centroid_lng": -97.67733008540877}}, {"type": "Feature", "geometry": {"type": "MultiPolygon", "coordinates": [[[[-97.73761164478076, 30.313423898675506], [-97.73760999999999, 30.313419999999372], [-97.73853999999999, 30.312059999999377], [-97.73928999999998, 30.31099999999936], [-97.74003999999998, 30.30993999999939], [-97.74065999999999, 30.308939999999367], [-97.74135999999999, 30.307849999999373], [-97.74186999999999, 30.307079999999356], [-97.74236999999998, 30.306269999999383], [-97.74306999999999, 30.30520999999939], [-97.74463999999999, 30.302729999999368], [-97.74295, 30.301939999999373], [-97.74123999999999, 30.30112999999939], [-97.73961999999999, 30.300349999999373], [-97.73910192500885, 30.30119990409042], [-97.73891197706583, 30.301526596258206], [-97.7386, 30.302029999999373], [-97.7381107336177, 30.302812910033598], [-97.73625269858975, 30.301896536993606], [-97.73518732623315, 30.301384449124967], [-97.73566000005586, 30.30060999995217], [-97.73594999966255, 30.300140000195597], [-97.7361299996688, 30.29984000011416], [-97.73667999986607, 30.298929999940007], [-97.73792000001963, 30.299510000386977], [-97.73836999958806, 30.298870000168744], [-97.73844999968932, 30.298780000135373], [-97.73902999985319, 30.29823000036558], [-97.73912000011784, 30.298030000377718], [-97.7392629656179, 30.29781670096961], [-97.73931384897843, 30.29730469118509], [-97.73939054789453, 30.297092952264585], [-97.73950050960535, 30.296862927793633], [-97.74023967694025, 30.295635306974926], [-97.74113263068477, 30.29603252583946], [-97.74209628744029, 30.296504582612535], [-97.74279232876144, 30.295449534247354], [-97.74281081395442, 30.295423897252903], [-97.7439293322657, 30.295929369250153], [-97.74433168407172, 30.296144647199934], [-97.74478325903743, 30.296390988813037], [-97.7449770983087, 30.2964851142925], [-97.74517845550054, 30.29658607342651], [-97.74550590833654, 30.2967229896324], [-97.74573832102263, 30.29681455150857], [-97.74598541093485, 30.296933137813646], [-97.74636987317055, 30.297097932000312], [-97.74667379322614, 30.297251075699638], [-97.74708841778596, 30.297439863556853], [-97.74753374022066, 30.297632611104344], [-97.74782262816314, 30.297772084297794], [-97.74820942431894, 30.297993718285085], [-97.74845111676353, 30.2981256345424], [-97.74837368774106, 30.298215795873826], [-97.74811544616803, 30.298419160824512], [-97.74788407823999, 30.29854754957296], [-97.74737433196087, 30.29870268616053], [-97.74704528914883, 30.29891900480561], [-97.74694064467481, 30.299022080154543], [-97.74734674992524, 30.29988573549864], [-97.74829680815465, 30.300855856593483], [-97.74948450274272, 30.30190505511909], [-97.74983659881696, 30.302825136484216], [-97.75017304995644, 30.30394472176239], [-97.74854862599825, 30.304631229236637], [-97.74728716735248, 30.306704851420207], [-97.74748506985003, 30.30706905169148], [-97.74831423116835, 30.307867584972794], [-97.74884515384908, 30.30862893793852], [-97.7490068763164, 30.310295975180935], [-97.74888854084269, 30.311300955151687], [-97.74850259875443, 30.313093740908432], [-97.74879427764726, 30.314969358293787], [-97.75002209319925, 30.31746096797068], [-97.74654065235536, 30.317387540471476], [-97.7460537307074, 30.317410521439815], [-97.7458679541038, 30.31736391108209], [-97.7455416775506, 30.317293033701493], [-97.74504947590295, 30.317093284163228], [-97.74420959814726, 30.31669975920368], [-97.74341934924506, 30.31629804670132], [-97.74244063013178, 30.315819044255946], [-97.74207155275961, 30.315634017347353], [-97.74063691989157, 30.314919233012482], [-97.73966552919565, 30.314431173009275], [-97.7387420415933, 30.313999181766825], [-97.73792083760802, 30.313569254450112], [-97.73768652443576, 30.313458122800956], [-97.73761368975256, 30.313420893434625], [-97.73761164478076, 30.313423898675506]]]]}, "properties": {"route_id": "PF41", "district": "District 5", "garb_day": "Friday", "op_type": "Semi", "supervisor": "Klair", "super_num": 400, "centroid_lat": 30.3066752405685, "centroid_lng": -97.74408063719322}}, {"type": "Feature", "geometry": {"type": "MultiPolygon", "coordinates": [[[[-97.75260043854547, 30.33497691158294], [-97.75157933666517, 30.33452267691473], [-97.74934803608528, 30.334533822919767], [-97.74927920683493, 30.334534166186398], [-97.74552763016254, 30.335846277953593], [-97.74294316633902, 30.33527367581419], [-97.73982304314737, 30.334878071885953], [-97.73978249859375, 30.33487293035228], [-97.7396878174734, 30.33486092477882], [-97.7346193300201, 30.332397885872982], [-97.73156912943358, 30.330915479761167], [-97.73159567633199, 30.330875835255256], [-97.73134765456479, 30.330409989540733], [-97.73389868907505, 30.326337202653], [-97.7344692397487, 30.32635000748633], [-97.73563967972437, 30.326899267211743], [-97.73578036003539, 30.326870213946993], [-97.739397508469, 30.32587618993611], [-97.73963989027449, 30.325867963973064], [-97.74059225073847, 30.32502125323555], [-97.74045151664927, 30.322731864904807], [-97.74146999970503, 30.323430000249353], [-97.74270999991859, 30.324229999953264], [-97.7435199996671, 30.324770000044126], [-97.74387999964843, 30.324980000012133], [-97.74420000022334, 30.325160000084352], [-97.74492999983703, 30.32551999979463], [-97.74672999987868, 30.32646000025777], [-97.74673137613655, 30.32645977555012], [-97.74782266175292, 30.326993143208828], [-97.7480329674164, 30.32708015525154], [-97.74851022787388, 30.32727660385448], [-97.74920920497726, 30.327640364724537], [-97.74920961690547, 30.32764017897175], [-97.74920952336885, 30.32764000099306], [-97.74920999962055, 30.32764000018422], [-97.7497399995466, 30.326720000018618], [-97.75026546967518, 30.325808264617873], [-97.75027443030433, 30.325802616107676], [-97.75066000018323, 30.325159999785548], [-97.7508899998288, 30.32478000027937], [-97.75194015864786, 30.323059993763007], [-97.75348999965139, 30.32054000039152], [-97.75446999999599, 30.321060000063106], [-97.75447084604117, 30.32106214749028], [-97.7547656069185, 30.32121363783033], [-97.75497409247627, 30.321322026090876], [-97.75508437994439, 30.321329801021513], [-97.75530093944039, 30.321375782982745], [-97.75591130607606, 30.32140452053131], [-97.75579607653363, 30.324694875273938], [-97.75572789290186, 30.330383609050394], [-97.75561408312235, 30.33381925179681], [-97.75557771706282, 30.33528172739232], [-97.75543762920157, 30.33655074490414], [-97.75421037185434, 30.335847749587515], [-97.75260043854547, 30.33497691158294]]]]}, "properties": {"route_id": "PAF61", "district": "District 9", "garb_day": "Friday", "op_type": "Auto", "supervisor": "Litson", "super_num": 170, "centroid_lat": 30.329674073666407, "centroid_lng": -97.74556553017528}}, {"type": "Feature", "geometry": {"type": "MultiPolygon", "coordinates": [[[[-97.7153304030897, 30.314999929897212], [-97.71533037663906, 30.314999866876278], [-97.7151628064251, 30.31468581176605], [-97.71516520937645, 30.314684526452403], [-97.71541223529834, 30.3137834376361], [-97.71550769049969, 30.312759719687115], [-97.71556635679191, 30.312146279304667], [-97.7153599998196, 30.312090000226537], [-97.71487000002963, 30.31184000033622], [-97.71341000009957, 30.31117000011893], [-97.71195999995446, 30.310500000371604], [-97.71182000001993, 30.310440000106443], [-97.71131999978523, 30.31021000028526], [-97.711089999739, 30.310060000129262], [-97.71044999983951, 30.309620000016242], [-97.71024521431065, 30.309463972861945], [-97.71124166100032, 30.308004565120097], [-97.71241073067075, 30.30619518990975], [-97.71428190744078, 30.3032037097203], [-97.71515879436312, 30.301827643624865], [-97.71539771632881, 30.30211406564147], [-97.71568661599372, 30.30255814006753], [-97.71578172005759, 30.302785257340798], [-97.71591541352322, 30.30318191925911], [-97.71597779061179, 30.303628653984322], [-97.71624999992467, 30.303560000135395], [-97.71642999989385, 30.303539999941492], [-97.7169000002032, 30.30357000010747], [-97.71710000005221, 30.303600000200284], [-97.71776000028392, 30.30391999975823], [-97.71822410695239, 30.30414456964463], [-97.71868999997373, 30.304369999826903], [-97.71912207232388, 30.304581237163347], [-97.71958903001403, 30.304809525715466], [-97.71964607022602, 30.305031734345796], [-97.71929711628586, 30.30557093054202], [-97.71910121260231, 30.305589541488416], [-97.71916161767442, 30.30576408633929], [-97.71879417666165, 30.306344348888384], [-97.71861108597325, 30.306370755593584], [-97.71871238598874, 30.30647831637158], [-97.71841409567004, 30.306936327225433], [-97.71917717419362, 30.307282978583192], [-97.71925028873574, 30.30785911553429], [-97.71923809326097, 30.30797038961544], [-97.71943415291547, 30.307862570029496], [-97.72047600291644, 30.308365305801384], [-97.72045402258674, 30.30847204699259], [-97.7204306564201, 30.308550553954845], [-97.72060700958357, 30.308425142799532], [-97.72162161558435, 30.308920237560365], [-97.72155966479745, 30.309099713697893], [-97.7217172424997, 30.30896827590055], [-97.72282556116647, 30.30950298570163], [-97.72283932373335, 30.30970949951875], [-97.72303925729345, 30.309601179199625], [-97.72374210594168, 30.309935292057304], [-97.72373901865276, 30.31012938037173], [-97.72391950379364, 30.3100186983553], [-97.72458967344926, 30.310341599580763], [-97.72460950034717, 30.310548601834977], [-97.72480300506892, 30.310449723662362], [-97.72551698929237, 30.310813300395928], [-97.72555999198114, 30.311050164207472], [-97.72582044259485, 30.31095941651675], [-97.72625588480733, 30.31116056010385], [-97.72628999828875, 30.311600340479423], [-97.7267235233515, 30.311807046365622], [-97.72436753122668, 30.315567055833366], [-97.72279431194941, 30.315670393094766], [-97.72326547736806, 30.316532636836953], [-97.72274647838526, 30.317351042239757], [-97.72156664684904, 30.317536466273577], [-97.72111776025447, 30.317669789710525], [-97.72025999999998, 30.31725999999938], [-97.71938999999999, 30.31684999999936], [-97.71851, 30.316409999999376], [-97.71758999999999, 30.315959999999365], [-97.71669, 30.31551999999938], [-97.71581, 30.315059999999356], [-97.71556, 30.314959999999395], [-97.7153304030897, 30.314999929897212]]]]}, "properties": {"route_id": "PF30", "district": "District 5", "garb_day": "Friday", "op_type": "Semi", "supervisor": "Williams", "super_num": null, "centroid_lat": 30.31054010754737, "centroid_lng": -97.71832781644424}}, {"type": "Feature", "geometry": {"type": "MultiPolygon", "coordinates": [[[[-97.68146608260075, 30.354188340017455], [-97.68035996401397, 30.35348981079205], [-97.67731403225491, 30.351601184339902], [-97.67599104221127, 30.350780820415977], [-97.67172139989609, 30.34861728284605], [-97.67161047945322, 30.34880780526591], [-97.67140891070218, 30.349130918917364], [-97.67123090079225, 30.349364689120822], [-97.67114195772557, 30.349413490193694], [-97.66828052327934, 30.34808397914055], [-97.66873196933776, 30.34737891352474], [-97.67007149929671, 30.34798178291838], [-97.6706755098414, 30.34684424107048], [-97.67105708096823, 30.346486227649123], [-97.67135405757048, 30.345917350666518], [-97.67099700345341, 30.34538717260486], [-97.67090589752522, 30.34522589676866], [-97.67065058759921, 30.345299054455353], [-97.67044016143217, 30.345276379930098], [-97.67027192099941, 30.345254581152258], [-97.6701046910148, 30.345196192685833], [-97.66995905982859, 30.345119946956846], [-97.66864687062723, 30.344488615371308], [-97.66373171423272, 30.342116538072325], [-97.66306536610288, 30.341791475064404], [-97.66135707555598, 30.34098707116073], [-97.66142237881415, 30.340915210897187], [-97.65381877808075, 30.33733346738888], [-97.654941673743, 30.33565454184273], [-97.65571540172208, 30.334389336454745], [-97.65585006966776, 30.33409926483047], [-97.65589986691089, 30.33382572636964], [-97.65593060405543, 30.333478568803372], [-97.65591662162068, 30.333222003520977], [-97.65635647529291, 30.333341019736107], [-97.65657615485827, 30.333018315940166], [-97.65672313459592, 30.333055790720767], [-97.6568623509282, 30.332845513670318], [-97.65677445089266, 30.332727368156473], [-97.65686490309703, 30.332509593811054], [-97.65569501664127, 30.332082452262814], [-97.65524931479669, 30.331414155654453], [-97.65490602072613, 30.3308578275722], [-97.65446134518558, 30.330152938755777], [-97.65464225402633, 30.32971739330576], [-97.65456476017835, 30.329707057175657], [-97.65454999683051, 30.329707802616074], [-97.6544890495095, 30.32971088042917], [-97.65476386054556, 30.32896082114167], [-97.65479483455358, 30.32884417724901], [-97.65589048792413, 30.32880891803846], [-97.66126207317438, 30.328452064710785], [-97.66421989737336, 30.328209513955017], [-97.66650979498377, 30.32781782081327], [-97.66864999503699, 30.327203303470377], [-97.6733118369536, 30.325559632369796], [-97.67331706935754, 30.32555779698969], [-97.67335054204075, 30.325546055786692], [-97.67840598187804, 30.323772668300784], [-97.68224060215073, 30.32244950213017], [-97.68365613615006, 30.321971832099443], [-97.68459657212227, 30.321771594511127], [-97.68578868299272, 30.321627240700682], [-97.68883476212298, 30.321352154841183], [-97.69133113197162, 30.321234646785822], [-97.69337652623979, 30.3212260890396], [-97.69532043132408, 30.321367490457533], [-97.69536197808415, 30.321371811367488], [-97.6950332640054, 30.32175996390715], [-97.69457892830766, 30.322321847602073], [-97.69404860199906, 30.323284143822374], [-97.69339427291071, 30.324321460455298], [-97.69179408285267, 30.326947207900936], [-97.69113177238908, 30.327977297702578], [-97.69023789134864, 30.32915070789059], [-97.68990130055215, 30.329566905475076], [-97.68962641149082, 30.32980806751329], [-97.68862181202843, 30.330273956203314], [-97.68789713232519, 30.330611620378725], [-97.68758070047355, 30.33090262219111], [-97.68652047820018, 30.332322076560676], [-97.68629667072459, 30.332635401157454], [-97.69049509097906, 30.33454788253792], [-97.69203072557517, 30.335238769601126], [-97.6928933169252, 30.335653648063047], [-97.69385555798608, 30.336019836277], [-97.69575941649167, 30.336872245579553], [-97.69745405250853, 30.33775797449788], [-97.69906360067709, 30.338581692994502], [-97.70014161025648, 30.339161049159465], [-97.70016599384005, 30.33917671222019], [-97.69963607795164, 30.33993973380017], [-97.69465127084526, 30.347744452123806], [-97.69429086072186, 30.34830980486056], [-97.68947894988976, 30.35592495166954], [-97.68817432324529, 30.358020193851196], [-97.68806582984807, 30.358182413294156], [-97.68805120110709, 30.35817495726666], [-97.68802631894408, 30.35821387140967], [-97.68691177483622, 30.357627084772545], [-97.68146608260075, 30.354188340017455]]]]}, "properties": {"route_id": "PH30", "district": "District 1", "garb_day": "Thursday", "op_type": "Semi", "supervisor": "Williams", "super_num": null, "centroid_lat": 30.33792755852853, "centroid_lng": -97.67874110029656}}, {"type": "Feature", "geometry": {"type": "MultiPolygon", "coordinates": [[[[-97.69963607795164, 30.33993973380017], [-97.70016599384019, 30.33917671222018], [-97.70068381402214, 30.33950934582792], [-97.70163159119744, 30.34037127883077], [-97.70265002767499, 30.341530660074294], [-97.70372003308057, 30.342725245080484], [-97.70478469780033, 30.343635090140424], [-97.70683619498746, 30.344940841456832], [-97.70768872824617, 30.34544784783472], [-97.70930972650535, 30.346175502357706], [-97.71079200576702, 30.346695372137678], [-97.71143992505742, 30.347004626019945], [-97.71235539475117, 30.347724066815175], [-97.71186447570923, 30.348486574817475], [-97.71063364338461, 30.34977403931479], [-97.70939555830591, 30.350640005352115], [-97.70914022104688, 30.350801071989597], [-97.70897153079795, 30.350907481497057], [-97.70709485145667, 30.35221131357156], [-97.70540907883924, 30.353443819094387], [-97.70362883021835, 30.35479586358946], [-97.70237000879828, 30.355726593076128], [-97.7014136722251, 30.356437237913024], [-97.70125256448628, 30.356561741753197], [-97.70099327908157, 30.35671859444101], [-97.7005684407324, 30.357127594925522], [-97.70028733558075, 30.35746091552511], [-97.70007999006728, 30.35779083563116], [-97.6997121583521, 30.358325501442497], [-97.69839364013592, 30.36058524053846], [-97.6970398884512, 30.36293379343677], [-97.6969635518409, 30.363098347997468], [-97.69612956311175, 30.362674613179642], [-97.69524734178653, 30.362243320013437], [-97.69460368348865, 30.3618194313283], [-97.69430229319264, 30.36156493163119], [-97.69357070701254, 30.36093390434413], [-97.69330549316918, 30.360766096302267], [-97.69256699360378, 30.360387994744833], [-97.69205571049586, 30.360157817720232], [-97.69136033053773, 30.359814021342004], [-97.68886672603588, 30.358583210186104], [-97.68853683559536, 30.35842248110587], [-97.68806582984821, 30.35818241329412], [-97.68817432324538, 30.35802019385116], [-97.68947894988976, 30.3559249516695], [-97.6942908607219, 30.34830980486056], [-97.69465127084523, 30.347744452123806], [-97.69963607795164, 30.33993973380017]]]]}, "properties": {"route_id": "PH32", "district": "District 9", "garb_day": "Thursday", "op_type": "Semi", "supervisor": "Williams", "super_num": null, "centroid_lat": 30.351292478230402, "centroid_lng": -97.69947124626005}}, {"type": "Feature", "geometry": {"type": "MultiPolygon", "coordinates": [[[[-97.6925833216791, 30.314121378116013], [-97.69260436967004, 30.31407950699252], [-97.69300837722092, 30.313409423192535], [-97.69332605807315, 30.312882362138726], [-97.69358999469966, 30.312286571066892], [-97.69412036663087, 30.31146216279962], [-97.69371210230787, 30.31032863431173], [-97.6926158745518, 30.30807140766905], [-97.69312782168195, 30.30792022818142], [-97.69318230818463, 30.30746557402717], [-97.69395738820269, 30.307258999540867], [-97.69440853217667, 30.307268288108876], [-97.69610996871153, 30.30800596236391], [-97.69646810603261, 30.3077192433978], [-97.69702962191235, 30.30746472464522], [-97.69952298421616, 30.308647694322076], [-97.6999751950622, 30.308459914765855], [-97.70002686914226, 30.308889352629365], [-97.70303896115236, 30.31031807033481], [-97.7026615906494, 30.310993764451553], [-97.7042450455023, 30.311796199176793], [-97.70581118840668, 30.311404405989002], [-97.7070268545192, 30.311431632936127], [-97.7076136802726, 30.310996111745308], [-97.70935158171564, 30.30988762979056], [-97.71022026564704, 30.309459245377614], [-97.71022466371149, 30.309462406853292], [-97.7102372697897, 30.309471468521473], [-97.71023923805303, 30.30947272497399], [-97.70999988230218, 30.309905683060506], [-97.7092019393613, 30.311349009060116], [-97.70807147932226, 30.31407527882361], [-97.70767241072052, 30.316040981214744], [-97.70732184367226, 30.316033800492928], [-97.70665525164988, 30.316156776619724], [-97.70401044862827, 30.31580216870092], [-97.70214160041941, 30.315759130617323], [-97.70148062033022, 30.31574875933386], [-97.70070619863309, 30.316341833739045], [-97.70018723846519, 30.31678226849101], [-97.69964940877068, 30.317279158054358], [-97.69938487674321, 30.31714905848701], [-97.69908484288081, 30.31714103290302], [-97.69869678549051, 30.317059407814686], [-97.69806737573515, 30.31677338077571], [-97.69584135344934, 30.315705178851864], [-97.69473426280267, 30.315175234541815], [-97.69376788344563, 30.314710860675383], [-97.6925833216791, 30.314121378116013]]]]}, "properties": {"route_id": "PAH72", "district": "District 1", "garb_day": "Thursday", "op_type": "Auto", "supervisor": "Carnline", "super_num": 596, "centroid_lat": 30.312490111023983, "centroid_lng": -97.70005757673016}}, {"type": "Feature", "geometry": {"type": "MultiPolygon", "coordinates": [[[[-97.62634406713232, 30.331658464269474], [-97.62633453566137, 30.331624124342444], [-97.62506505744297, 30.33169539030049], [-97.62427665568896, 30.331778521002608], [-97.62508262158634, 30.33031761714137], [-97.62518844624937, 30.330306790805697], [-97.62957558261427, 30.329984543259144], [-97.6411397840238, 30.329165415976583], [-97.6429004009612, 30.326423088067244], [-97.64089760406655, 30.325447580671852], [-97.64087664118138, 30.325407938346686], [-97.6408724357201, 30.32540910637986], [-97.6408644401896, 30.325384865654495], [-97.6408475364084, 30.325352899730856], [-97.64085327499735, 30.325351012502033], [-97.64085252951948, 30.325348754583008], [-97.64084666354346, 30.325350685469118], [-97.64080659286417, 30.32527123444969], [-97.63983441324653, 30.32560431065749], [-97.63803183545377, 30.32620110160937], [-97.63740250828386, 30.326414654383136], [-97.63687367560757, 30.3259257527931], [-97.63658890147425, 30.326163431514495], [-97.63699386877873, 30.326551784461916], [-97.63655790656158, 30.326696354265685], [-97.63578514299971, 30.326952294285316], [-97.63521500019006, 30.327143537740447], [-97.63443118207404, 30.32644836187244], [-97.6341312947821, 30.326699728423225], [-97.63206539746275, 30.324792739635562], [-97.63011766856216, 30.323058339252608], [-97.63312654963897, 30.318343186428642], [-97.62821732281289, 30.31596825762518], [-97.62855204509205, 30.31471054694823], [-97.6294684772336, 30.31137400962932], [-97.62999478912504, 30.309459022061315], [-97.63020011403398, 30.30873507572763], [-97.63039707626717, 30.308279245024625], [-97.63065758802036, 30.3078576053875], [-97.63590525119476, 30.31117541596659], [-97.63700400300048, 30.311870043147913], [-97.63717298229922, 30.3117614965125], [-97.63736837028219, 30.311645821156564], [-97.6376580540241, 30.311501981307416], [-97.63790609573216, 30.311392785039818], [-97.63804692406418, 30.311340157074458], [-97.63771534189327, 30.311568124144074], [-97.63797207737856, 30.311461957721463], [-97.63830616265307, 30.31134348767146], [-97.63870050039722, 30.311232883390588], [-97.63925715192241, 30.311118469200977], [-97.64012630147009, 30.3109305652531], [-97.64038407889988, 30.31083993021523], [-97.64067175726461, 30.31070710971412], [-97.64080699622328, 30.310626050010463], [-97.64062155450725, 30.31039742127443], [-97.64071986565735, 30.3103347172939], [-97.640928636421, 30.31055452289829], [-97.64110911908558, 30.310422350399953], [-97.64126969262638, 30.310285487458366], [-97.64151948798958, 30.310026971887], [-97.64192160060517, 30.30958516589188], [-97.64247504337372, 30.308975326820864], [-97.64273419025433, 30.30861643125035], [-97.64331238634136, 30.30753761903795], [-97.64332030652403, 30.307520401072463], [-97.64205993242112, 30.306960072035036], [-97.64640357151048, 30.30038452891603], [-97.64824852884483, 30.30023177801007], [-97.64826652636332, 30.30023989878342], [-97.64827347145639, 30.300243032215004], [-97.65122748049974, 30.301575836779133], [-97.65247367739511, 30.302138070437906], [-97.65250309663466, 30.30217691135171], [-97.66051069682909, 30.30227334887273], [-97.66094655858022, 30.302634977199315], [-97.66086858067743, 30.30380647002139], [-97.66087442896371, 30.304994803093315], [-97.66101877418278, 30.306780129067903], [-97.66138637497664, 30.30849610831873], [-97.66156681618982, 30.309352301361404], [-97.66280230974351, 30.314470145787848], [-97.66321252427203, 30.315973141679667], [-97.66321671717228, 30.315982974755585], [-97.66367561858856, 30.317059140859307], [-97.66414754148005, 30.31784449965229], [-97.66507497733787, 30.31904446698089], [-97.66602344637946, 30.31996706298009], [-97.67012204994724, 30.323043791167155], [-97.6726122246371, 30.325026386070572], [-97.67331706935754, 30.32555779698969], [-97.6733118369536, 30.325559632369796], [-97.66864999503699, 30.327203303470377], [-97.66650979498377, 30.32781782081327], [-97.66421989737336, 30.328209513955017], [-97.66126207317438, 30.328452064710785], [-97.65589048792413, 30.32880891803846], [-97.65479483455358, 30.32884417724901], [-97.65476386054556, 30.32896082114167], [-97.6544890495095, 30.32971088042917], [-97.65341702038072, 30.3297650098166], [-97.6456150634678, 30.330315599437178], [-97.6313426232763, 30.33133359429906], [-97.62956696854879, 30.331442604291812], [-97.62899629628654, 30.33147465683132], [-97.62745967315983, 30.33382231744646], [-97.625475546378, 30.33295914922196], [-97.62634406713232, 30.331658464269474]], [[-97.64811957741098, 30.328269326511286], [-97.64809824531342, 30.32795606441545], [-97.64795895965464, 30.327562128351335], [-97.64817498746719, 30.32735810934329], [-97.64853682553179, 30.327313551524895], [-97.64883207475732, 30.327502209585045], [-97.648761136654, 30.3278917429331], [-97.64872385488088, 30.328151641540753], [-97.64884398557751, 30.328154156924064], [-97.64923658353997, 30.3280841727022], [-97.64960204785628, 30.32790934797596], [-97.64996243816157, 30.327916891299918], [-97.64996606111416, 30.327786627032125], [-97.64988031159878, 30.327628424959197], [-97.64923191866791, 30.327171698105804], [-97.64901847889804, 30.326202716525934], [-97.64950768786139, 30.325900142956268], [-97.64948925075664, 30.325482670647823], [-97.64975051955074, 30.324732170506806], [-97.64956493762645, 30.32384197681967], [-97.64991339591434, 30.32319757333515], [-97.65053463134002, 30.32354945771156], [-97.65256662022531, 30.32395691317449], [-97.6524622709503, 30.32242546206488], [-97.65246140855169, 30.322425307048096], [-97.65245119608196, 30.32246082137581], [-97.652427128681, 30.322196251815598], [-97.65214894749442, 30.322220688746643], [-97.65215391905434, 30.322212093628522], [-97.65180294409979, 30.32225028755591], [-97.6502246052574, 30.322384224118824], [-97.64897848858251, 30.322525097481055], [-97.64460113781855, 30.32398153908337], [-97.6441901470967, 30.324138865495694], [-97.64422822701476, 30.324245141334476], [-97.64422669521198, 30.32424563397143], [-97.6442683387582, 30.324327480658688], [-97.64392404498827, 30.32732966664578], [-97.64380642831071, 30.32732719936779], [-97.64376012615348, 30.328988173618136], [-97.64548660974643, 30.328866790558216], [-97.6459737055635, 30.32880378052753], [-97.64803132555414, 30.32867852315973], [-97.64820604967133, 30.328401477190777], [-97.64811957741098, 30.328269326511286]], [[-97.66021709717376, 30.320050073347513], [-97.65704951866903, 30.325103158241333], [-97.65831066584504, 30.325531063334562], [-97.658310675715, 30.32553123779072], [-97.66068584207956, 30.326365529507445], [-97.65998701008353, 30.327493199053777], [-97.65995043635472, 30.327880858231445], [-97.66093341686883, 30.327808301981563], [-97.66047568468579, 30.327651389878138], [-97.66115645158678, 30.327606632342597], [-97.66210952382792, 30.32754396611687], [-97.66291285966551, 30.32748996352884], [-97.66405011060573, 30.32740164471057], [-97.66444580111884, 30.3273450394542], [-97.66475950593207, 30.32730441056672], [-97.66511461046393, 30.327241063871547], [-97.66551062491465, 30.327172672694157], [-97.66596841265523, 30.327081986028176], [-97.66660440188052, 30.32693605677002], [-97.6668231895537, 30.326887553791035], [-97.66715905675079, 30.326782537737266], [-97.66764514541126, 30.326651170544977], [-97.66814562881046, 30.326490626361476], [-97.67010777505917, 30.325812236459928], [-97.67023505842721, 30.32563214193242], [-97.6703352958729, 30.325497863489975], [-97.67043317447366, 30.325225099070064], [-97.67042984686485, 30.32522438482712], [-97.67044401501002, 30.325194888437583], [-97.67044419902905, 30.325194376896683], [-97.67044425706138, 30.32519438464898], [-97.67045173735156, 30.3251788122125], [-97.67048886898617, 30.325023088180355], [-97.67051391484085, 30.3248377434748], [-97.67051334634296, 30.324677801271395], [-97.67047058340856, 30.324421888814857], [-97.67041559623195, 30.324247849304136], [-97.670325989447, 30.324064445666163], [-97.66982333835331, 30.32368227384105], [-97.66895172042055, 30.323309722162435], [-97.66822929074256, 30.322767368221207], [-97.66794364139993, 30.322285961391465], [-97.66697228191565, 30.321556881965694], [-97.66652123092393, 30.321206507192667], [-97.66609020978127, 30.32084261959403], [-97.66627044787053, 30.32057133690335], [-97.66574791574133, 30.320148497227343], [-97.66499546246862, 30.319463612603506], [-97.664733157005, 30.31910385724793], [-97.6642052877759, 30.31850237496941], [-97.6639009046903, 30.318023642899668], [-97.66340037742054, 30.31739465911361], [-97.6626874371694, 30.31703335056843], [-97.66265782614121, 30.317017642263945], [-97.66260485023993, 30.316989099611778], [-97.6625717781667, 30.316974672892883], [-97.66256190367895, 30.31697036524653], [-97.66226042777764, 30.31684346864231], [-97.66220960929603, 30.317002847700568], [-97.66203043415314, 30.31756478230943], [-97.66151276760921, 30.31837086406927], [-97.66100159624226, 30.319113820025546], [-97.6608677879349, 30.31904822880083], [-97.66086292729152, 30.319045846275106], [-97.66023554115046, 30.319991234209162], [-97.66021424967253, 30.32002553535849], [-97.66021453026988, 30.320027951165592], [-97.66021709717376, 30.320050073347513]]]]}, "properties": {"route_id": "PH20", "district": "District 1", "garb_day": "Thursday", "op_type": "Semi", "supervisor": "Clark", "super_num": null, "centroid_lat": 30.31656748572219, "centroid_lng": -97.647329722445}}, {"type": "Feature", "geometry": {"type": "MultiPolygon", "coordinates": [[[[-97.67913999972194, 30.32121000020583], [-97.67910999965211, 30.320890000245633], [-97.6791399997599, 30.32060000003705], [-97.67927999991063, 30.320160000297744], [-97.67948999963068, 30.31972999982414], [-97.67963814932209, 30.319463331226437], [-97.6796377505206, 30.319462297115898], [-97.68009907565941, 30.318700049084757], [-97.68114765185976, 30.317130227427125], [-97.68151762842166, 30.316504334290283], [-97.6815684229324, 30.31632480903827], [-97.68160990023965, 30.316099182069255], [-97.6815893396394, 30.31594878656563], [-97.68158000003632, 30.31576999979053], [-97.68140999975992, 30.315290000355063], [-97.68113999976114, 30.314900000389425], [-97.68098000005536, 30.31477000007065], [-97.68145999962366, 30.314060000246272], [-97.68164000025462, 30.313840000305987], [-97.68178000020596, 30.313740000329776], [-97.68195999970915, 30.313639999754553], [-97.68235638120336, 30.313550814159342], [-97.68235463577692, 30.313554229810208], [-97.68235999968879, 30.313549999948833], [-97.68305999958223, 30.313340000347747], [-97.68331999987426, 30.313220000304348], [-97.68346999965242, 30.313129999978493], [-97.68392999998916, 30.31284000000797], [-97.68418999978772, 30.312649999778397], [-97.68462999954208, 30.312359999880147], [-97.68508696089756, 30.31202880731639], [-97.68528108970492, 30.311723150326785], [-97.68536541327934, 30.311171915253954], [-97.68544947665303, 30.311028297263384], [-97.68557392520748, 30.310872874802467], [-97.68581999973438, 30.310610000368936], [-97.6859100001598, 30.310420000204488], [-97.6861099997453, 30.309600000109327], [-97.68619000025453, 30.309330000313], [-97.68633999999415, 30.308910000060965], [-97.68641999990524, 30.30881000003954], [-97.68705999999605, 30.309390000418308], [-97.687669999709, 30.309910000171378], [-97.68784999976067, 30.31017000009553], [-97.68799000017607, 30.310700000357357], [-97.68804999960132, 30.31119000036628], [-97.68813999958412, 30.3123200000565], [-97.68857000008751, 30.312480000313904], [-97.68989999952963, 30.31313000002913], [-97.69041000008092, 30.31332000005829], [-97.69076999963721, 30.313450000087542], [-97.69108999998619, 30.313539999863796], [-97.69140999991913, 30.31364000033742], [-97.69164999970687, 30.3137100004058], [-97.69257732691648, 30.31411839497107], [-97.69376788325053, 30.314710860732035], [-97.69473426263345, 30.315175234466626], [-97.69584135337605, 30.315705178716307], [-97.69806737535148, 30.31677338111139], [-97.69869678575688, 30.31705940768651], [-97.699084842937, 30.317141033068115], [-97.69938487625264, 30.317149058807804], [-97.69964940872323, 30.317279158319653], [-97.70018723806236, 30.316782268273982], [-97.70070619855905, 30.316341833927932], [-97.70148061989863, 30.315748759559117], [-97.70214160038655, 30.315759130991648], [-97.70401044851255, 30.315802168614386], [-97.70665525150444, 30.316156776858648], [-97.70732184356781, 30.31603380039489], [-97.70767241063022, 30.316040981117013], [-97.70733957946827, 30.31768035390028], [-97.70725755753006, 30.3185423821078], [-97.7070436617611, 30.320790298897695], [-97.7069800705209, 30.321909682824508], [-97.70696878289681, 30.32210836669014], [-97.7068881820908, 30.322131438602906], [-97.70622292856743, 30.32226727644775], [-97.70505352841336, 30.32229400121409], [-97.70326440564084, 30.32218971910773], [-97.70153506957742, 30.32203594605519], [-97.69922449833737, 30.3217688220115], [-97.69673827671703, 30.321514942043176], [-97.69532043132408, 30.32136749045748], [-97.69337652623973, 30.3212260890396], [-97.69133113197167, 30.321234646785786], [-97.68883476212294, 30.321352154841144], [-97.68578868299278, 30.321627240700632], [-97.68459657212227, 30.321771594511127], [-97.68365613615012, 30.321971832099393], [-97.68224060215081, 30.32244950213017], [-97.68042611110938, 30.323075625579147], [-97.68024975820903, 30.322813461797672], [-97.68024976227376, 30.322809739021928], [-97.67933999974676, 30.32181000015678], [-97.67924000003278, 30.32160999991839], [-97.67916999982954, 30.321440000340235], [-97.67913999972194, 30.32121000020583]]]]}, "properties": {"route_id": "PAH74", "district": "District 1", "garb_day": "Thursday", "op_type": "Auto", "supervisor": "Carnline", "super_num": 596, "centroid_lat": 30.317872566824096, "centroid_lng": -97.6921982317174}}, {"type": "Feature", "geometry": {"type": "MultiPolygon", "coordinates": [[[[-97.70016599365756, 30.339176712164075], [-97.70081057415766, 30.338087746760284], [-97.70199501166724, 30.33619595970211], [-97.70416027316364, 30.332852228612815], [-97.70454923193422, 30.333046747014695], [-97.70575225702356, 30.3336193768207], [-97.70712323159687, 30.33427704774198], [-97.70779123752132, 30.33458997435473], [-97.70801685709509, 30.33469563829226], [-97.70886165694739, 30.3350976778383], [-97.71084248766151, 30.336067035410036], [-97.71188053884015, 30.33661291414622], [-97.7122299658968, 30.33677939627497], [-97.71246455126746, 30.33688523547166], [-97.71437142182954, 30.337786229454675], [-97.71539155077747, 30.338271596651975], [-97.71749575245288, 30.339316364973627], [-97.71779198224739, 30.339460436348386], [-97.71642360118771, 30.341608627667206], [-97.71495886803616, 30.343882665293442], [-97.71382663075643, 30.345520838470982], [-97.71270149067837, 30.347186494067135], [-97.71235539515584, 30.347724066632523], [-97.71143992503586, 30.347004626028088], [-97.71079200584438, 30.34669537194145], [-97.70930972665721, 30.346175502125245], [-97.70768872862536, 30.345447847826524], [-97.70683619496785, 30.34494084157057], [-97.70478469782765, 30.343635090052118], [-97.7037200334903, 30.342725244884665], [-97.70265002797905, 30.341530660137103], [-97.70163159099329, 30.340371278877257], [-97.7006838140572, 30.339509345576133], [-97.70016599365756, 30.339176712164075]]]]}, "properties": {"route_id": "PAH71", "district": "District 9", "garb_day": "Thursday", "op_type": "Auto", "supervisor": "Carnline", "super_num": 596, "centroid_lat": 30.3401696385363, "centroid_lng": -97.70875928152488}}, {"type": "Feature", "geometry": {"type": "MultiPolygon", "coordinates": [[[[-97.68552999951686, 30.30788000018647], [-97.6855299998536, 30.306560000107574], [-97.68552246940499, 30.30521985544952], [-97.68600280251191, 30.30476456299401], [-97.68600677794814, 30.304760794499167], [-97.6859039535173, 30.301107702567087], [-97.68592031970414, 30.300457571761864], [-97.68592939174874, 30.30012685752688], [-97.68646711672667, 30.29913925228356], [-97.68692584307945, 30.298295090779863], [-97.68700700624743, 30.298144598099352], [-97.68700791765335, 30.298140462138537], [-97.68891617824421, 30.29911512639651], [-97.68936614420011, 30.2996836891401], [-97.6898776135241, 30.30021404712374], [-97.69032608549503, 30.30079121223098], [-97.69032625479717, 30.3007908863616], [-97.69054637626631, 30.30106098669613], [-97.69084494002782, 30.301174655663992], [-97.69111337682878, 30.301274971980828], [-97.69118903083664, 30.30130446703709], [-97.6916253297104, 30.30139028351903], [-97.69425492659991, 30.301473614656995], [-97.69484915717122, 30.30150956737472], [-97.69581779998474, 30.30174452963273], [-97.69629127669283, 30.301956012727548], [-97.69760605376506, 30.30254325565464], [-97.69803887671864, 30.30287002038963], [-97.69846864190532, 30.303308908260085], [-97.69862942885983, 30.303536588858666], [-97.69891150243473, 30.30386025160276], [-97.69956703079703, 30.304317798617646], [-97.70120817120785, 30.304982564771084], [-97.70166433887167, 30.305244353167488], [-97.70214319224951, 30.3054645353237], [-97.70647811208954, 30.307512051726462], [-97.70878148377136, 30.308592293039695], [-97.70943539059768, 30.30891419586958], [-97.7097405681561, 30.309118442981877], [-97.71000714007633, 30.309306043375237], [-97.71012046237435, 30.30938750385826], [-97.71022026562466, 30.309459245459724], [-97.70935158136541, 30.309887630001278], [-97.70761368028676, 30.310996111738795], [-97.70702685444755, 30.31143163319286], [-97.70581118824835, 30.31140440634165], [-97.70424504574015, 30.31179619926264], [-97.70266159029258, 30.310993764723083], [-97.70303896071938, 30.31031807065406], [-97.70002686934716, 30.30888935289242], [-97.69997519511774, 30.308459915130666], [-97.69952298392994, 30.308647694735676], [-97.69702962186315, 30.3074647244065], [-97.69646810591418, 30.30771924376982], [-97.69610996838689, 30.308005962758198], [-97.69440853205077, 30.307268288139014], [-97.69395738821837, 30.307258999573957], [-97.69318230803161, 30.307465574105183], [-97.69312782172756, 30.307920228360967], [-97.69261587458429, 30.30807140778191], [-97.69371210243918, 30.31032863438669], [-97.69412036640409, 30.311462162709052], [-97.69358999476891, 30.312286571406016], [-97.69332605774585, 30.312882362026542], [-97.69300837716905, 30.313409423454132], [-97.69260436933433, 30.314079507173954], [-97.6925833217004, 30.314121378293198], [-97.69257825766901, 30.31411885849589], [-97.69257732691648, 30.31411839497107], [-97.69164999970687, 30.3137100004058], [-97.69140999991913, 30.31364000033742], [-97.69108999998619, 30.313539999863796], [-97.69076999963721, 30.313450000087542], [-97.69041000008092, 30.31332000005829], [-97.68989999952963, 30.31313000002913], [-97.68857000008751, 30.312480000313904], [-97.68813999958412, 30.3123200000565], [-97.68804999960132, 30.31119000036628], [-97.68799000017607, 30.310700000357357], [-97.68784999976067, 30.31017000009553], [-97.687669999709, 30.309910000171378], [-97.68705999999605, 30.309390000418308], [-97.68641999990524, 30.30881000003954], [-97.68592999973558, 30.30836000038855], [-97.6856999998112, 30.308170000241482], [-97.68552999951686, 30.30788000018647]]]]}, "properties": {"route_id": "PAH70", "district": "District 1", "garb_day": "Thursday", "op_type": "Auto", "supervisor": "Carnline", "super_num": 596, "centroid_lat": 30.30652361879512, "centroid_lng": -97.69451552621244}}, {"type": "Feature", "geometry": {"type": "MultiPolygon", "coordinates": [[[[-97.81101742822072, 30.4035031356329], [-97.8072616218034, 30.401918374327934], [-97.80498447217462, 30.40083728613665], [-97.80136520176673, 30.398841475699435], [-97.80134857490913, 30.398833361935935], [-97.80129889555725, 30.398907437386097], [-97.80092950193608, 30.39944196254342], [-97.80069993534568, 30.399786723303247], [-97.79881047732637, 30.398883058985565], [-97.79763692443173, 30.39832462528609], [-97.79360648720726, 30.396406615526594], [-97.79345219534991, 30.396332052677177], [-97.79329307415067, 30.396260144360223], [-97.79326331124024, 30.396245803481815], [-97.78956375111393, 30.394538807391513], [-97.7873320699563, 30.393446661928625], [-97.78829936145588, 30.391837653210352], [-97.78720208655906, 30.391260654885052], [-97.78665895826302, 30.390975047388373], [-97.78609803782031, 30.390680079050508], [-97.7850434026868, 30.390131070086884], [-97.78543455496589, 30.389525513382004], [-97.78540475971975, 30.389510619373244], [-97.78278173400582, 30.38819939295152], [-97.78145088224446, 30.387540349227155], [-97.78015123289585, 30.38696989222521], [-97.78014985249563, 30.38696928611455], [-97.7865539902219, 30.379777803459678], [-97.78763180604466, 30.378890398825597], [-97.78771117254756, 30.378525805695123], [-97.78732511926214, 30.37783946059504], [-97.78723483391339, 30.37777113153527], [-97.78723000025703, 30.377660000344086], [-97.78732285228584, 30.377537779029048], [-97.78823584159093, 30.376856899194884], [-97.78777742382645, 30.37586417731839], [-97.78790225171211, 30.37322137039986], [-97.78705999983116, 30.372710000144114], [-97.78606846656307, 30.37198403188462], [-97.7857199997354, 30.371989999862677], [-97.78563392357746, 30.371880797942033], [-97.78690192897776, 30.37089070677248], [-97.78805465301889, 30.369987259506882], [-97.788761829825, 30.36927312117226], [-97.789509417481, 30.36807035572243], [-97.78991658229467, 30.366887653058864], [-97.79012304849385, 30.363926715733907], [-97.79037029466487, 30.36225738418013], [-97.79098407566401, 30.360560071309393], [-97.79139774286428, 30.359456575498704], [-97.7915398949405, 30.359486519900134], [-97.79193041176015, 30.359620151692237], [-97.79291020724405, 30.360215074408256], [-97.79341607036062, 30.360814309040308], [-97.79399403486568, 30.361585392497258], [-97.79462384248475, 30.36208344810761], [-97.79521645656493, 30.36241890166377], [-97.7958660590432, 30.362953312620107], [-97.7960817808958, 30.363425182943928], [-97.79631539699886, 30.364005315299853], [-97.79638932894348, 30.364348487303467], [-97.79648580792922, 30.36541149425506], [-97.79660309204792, 30.36568358452063], [-97.7966385994591, 30.3656836943697], [-97.79768149126637, 30.365686923863425], [-97.79844978051187, 30.366323009593327], [-97.79866123033457, 30.366453703256326], [-97.79877369158987, 30.36651918306757], [-97.79897448039753, 30.366633163584897], [-97.79920970667281, 30.366764326785834], [-97.7996370069855, 30.367009296663515], [-97.7998684168905, 30.36713488191612], [-97.80011920790331, 30.36727735196269], [-97.800169207576, 30.36730584267986], [-97.80021144888947, 30.36733900430106], [-97.80024596068147, 30.36728732078504], [-97.80050013137922, 30.36744360289144], [-97.80058241175712, 30.367513610721847], [-97.80069072541073, 30.367593249698956], [-97.80080393505575, 30.367686661998313], [-97.80091702605668, 30.36778463043147], [-97.80104564118426, 30.367892022912034], [-97.80115323842386, 30.367999000498312], [-97.80126071588508, 30.36811053454117], [-97.80133272685971, 30.36817122114374], [-97.801344669603, 30.368187178759463], [-97.8032274928514, 30.36515802159287], [-97.80357234657184, 30.364592470867365], [-97.80548745755242, 30.366442680113867], [-97.8093169010552, 30.370181149712536], [-97.80965961713015, 30.370501560336283], [-97.80967127137905, 30.37051245602248], [-97.80966955364987, 30.370513749584514], [-97.80969345866941, 30.370543074144088], [-97.80948859556479, 30.370837636516708], [-97.80791647406488, 30.37309479327222], [-97.80791409818106, 30.37309951103175], [-97.80791460047358, 30.37310081624473], [-97.80651323006927, 30.375205622419465], [-97.80572776756478, 30.376589478466926], [-97.80599203145914, 30.377467982688998], [-97.80599200558792, 30.377468328061678], [-97.80600913630673, 30.377470160043007], [-97.8062302337022, 30.377877341851736], [-97.80647646186746, 30.378250252610766], [-97.80697834301594, 30.3788226614415], [-97.80724297710555, 30.379131035658386], [-97.8076588492518, 30.37952454969714], [-97.80842818873084, 30.38011011685842], [-97.8091851490576, 30.380792309128154], [-97.81063951930307, 30.38145918129533], [-97.81114140651216, 30.381684242905358], [-97.8111455752674, 30.38169393871118], [-97.81120569870322, 30.38171535648538], [-97.81127863724356, 30.38174584925779], [-97.81127512050134, 30.38166685010236], [-97.81125409010764, 30.38150362108014], [-97.811658297648, 30.381664683889962], [-97.8117496637999, 30.381901103204232], [-97.81213002318151, 30.382024962995096], [-97.81248938046285, 30.37996586166265], [-97.81267480942843, 30.3799910172449], [-97.81330661656035, 30.380024942218014], [-97.8138764274542, 30.38005764647586], [-97.81496252228803, 30.380272581437072], [-97.8164383895876, 30.380764054977348], [-97.8172206233242, 30.380263111364286], [-97.81758073888602, 30.380012030115328], [-97.81847237505471, 30.380072536749452], [-97.81849676655855, 30.379137243067508], [-97.82355188737823, 30.381527271261316], [-97.82599062171143, 30.382682826604483], [-97.82942856406179, 30.384298836464563], [-97.83136489028166, 30.38521860511277], [-97.83265184780578, 30.385824520177778], [-97.83339934110575, 30.386183279568225], [-97.8343744915135, 30.38470509671925], [-97.83406170715891, 30.384561277534093], [-97.83524727790325, 30.382616027191524], [-97.83634802824245, 30.380830455322656], [-97.8373915498029, 30.379097541422524], [-97.83751943845874, 30.3789494460044], [-97.83831211761408, 30.37803985358537], [-97.83989715388037, 30.376231404713156], [-97.84056218661004, 30.375459145515645], [-97.84083643794646, 30.375647325802227], [-97.84094663875815, 30.375703246478587], [-97.84177328192987, 30.37614084996091], [-97.84248580538329, 30.376536675867282], [-97.84378489044373, 30.377242682263613], [-97.84517424424297, 30.377914572136383], [-97.84571425705204, 30.378189690115008], [-97.84894825516554, 30.379784383370822], [-97.85033333975774, 30.380435043991252], [-97.85109297971255, 30.38080469131635], [-97.85132580552121, 30.380916755399817], [-97.85181570358925, 30.38116286333112], [-97.85125141444368, 30.382119980524184], [-97.85193694891258, 30.3824774322869], [-97.85205011028735, 30.383383119249057], [-97.85212883969777, 30.384180580473235], [-97.85226491631335, 30.384677984903313], [-97.86543287146043, 30.390673777868763], [-97.86512825919571, 30.391149409069286], [-97.86473635814838, 30.39177120296357], [-97.86437999284495, 30.39232600928295], [-97.86389980493446, 30.393092720490753], [-97.8636261023347, 30.39351828676124], [-97.86314726088008, 30.394282765398504], [-97.86313106653067, 30.394275561037393], [-97.86303711957937, 30.394422432967495], [-97.86262239927767, 30.394185870422337], [-97.8616212593042, 30.395764116559146], [-97.861318652905, 30.39585178575892], [-97.86130173061848, 30.39588258738109], [-97.86103815385668, 30.39596322491091], [-97.8606473391933, 30.396084266981283], [-97.86060878982386, 30.39606547894359], [-97.86054590801582, 30.396082312143626], [-97.86058439973212, 30.396103355524442], [-97.85976470870781, 30.396358236406833], [-97.85949185225985, 30.396445458697517], [-97.8592821102365, 30.396506829117953], [-97.85916669112814, 30.396542950291494], [-97.85853315498062, 30.396742765852654], [-97.85810557522387, 30.39687662541176], [-97.85784843672442, 30.396959635963157], [-97.85758817640867, 30.39706288681703], [-97.85740611410756, 30.397160879221655], [-97.85736108990868, 30.397191590414092], [-97.8572618216389, 30.397257344677662], [-97.85706946592255, 30.397452132695076], [-97.85696438521579, 30.39759221230098], [-97.85685687196943, 30.397826983837835], [-97.85684311500123, 30.397856041917702], [-97.85676303072658, 30.39798532601916], [-97.85661638796319, 30.398223853118388], [-97.85651569681882, 30.398395596498087], [-97.85645598709202, 30.39849143859015], [-97.85627584714732, 30.398767665365288], [-97.85622174438059, 30.398847825579175], [-97.85612665875037, 30.39900388704541], [-97.8559120624029, 30.399405766469997], [-97.85562306722066, 30.39996861769917], [-97.85596788073008, 30.400119639430958], [-97.85620461572839, 30.400223459893812], [-97.85672750417932, 30.40043205402935], [-97.85643732094282, 30.4010918783856], [-97.8561896531621, 30.40100341896279], [-97.85586285165819, 30.400864940545613], [-97.85554263567009, 30.401459024091174], [-97.85597434054186, 30.40184183813129], [-97.85605434434387, 30.401942509411313], [-97.85596741003867, 30.402111548881265], [-97.85590884527626, 30.402165489010006], [-97.85581556037424, 30.402334405938213], [-97.85544199271294, 30.40302658535489], [-97.85535519781831, 30.403190120679543], [-97.85541700072932, 30.403257398189805], [-97.85532075916348, 30.40329408938925], [-97.8550373769715, 30.403690629944606], [-97.85477021202865, 30.404197623626924], [-97.85487800690801, 30.404266087574527], [-97.85488112544462, 30.40426576272878], [-97.85492775663683, 30.40429768466598], [-97.85541409072147, 30.404606566360275], [-97.85541315059875, 30.404608182368737], [-97.8554137207586, 30.404608535655502], [-97.85537193664373, 30.404679089564148], [-97.85530354759261, 30.404796751052416], [-97.85532781366224, 30.404811959986727], [-97.85513189550826, 30.404755536841897], [-97.85378727005391, 30.403594903354772], [-97.85339913817889, 30.403417203749594], [-97.85238455549114, 30.40214946756411], [-97.84949517012265, 30.397441469671417], [-97.8486012983156, 30.396573168566768], [-97.84654025499408, 30.395285113200966], [-97.84576701194153, 30.394816260179987], [-97.84448512141063, 30.39377020691194], [-97.84338191760871, 30.393408403780278], [-97.84207516475271, 30.393326303471202], [-97.84123801435538, 30.392799448663425], [-97.84020464284927, 30.39226877501056], [-97.83817986518073, 30.392115946891124], [-97.83706642772111, 30.392151020685475], [-97.83593083187374, 30.394763858189716], [-97.83575746235825, 30.39467874663837], [-97.83557420949174, 30.394705324291248], [-97.83529000014414, 30.3946997910114], [-97.8351740820961, 30.394783809451294], [-97.83500355622317, 30.39478048902457], [-97.83472326627876, 30.394535924621863], [-97.83454157691273, 30.39452449823293], [-97.83449988562408, 30.394728775147968], [-97.83439217982168, 30.394671461094198], [-97.83430082415697, 30.394685457919948], [-97.8342078336348, 30.394762527072583], [-97.8341603163809, 30.394840481939067], [-97.83415827279462, 30.394919322575394], [-97.83407580748109, 30.394941380355753], [-97.83405496112678, 30.395043518863336], [-97.83409798256542, 30.395139013300096], [-97.83418831690193, 30.395164437063087], [-97.83425177564916, 30.395173561072212], [-97.83435406558091, 30.395088785072925], [-97.83477314145458, 30.3954203565494], [-97.83429244825425, 30.395710740183087], [-97.8339796487252, 30.395491670066118], [-97.83382830777646, 30.3953625132572], [-97.83374338899719, 30.395479179443157], [-97.83378620592718, 30.395582558191357], [-97.83338317365, 30.395685138433965], [-97.83328456210228, 30.395628000656284], [-97.83318411071687, 30.395641819220653], [-97.8331337299852, 30.395830150480457], [-97.83328323074088, 30.39603026494768], [-97.83343130127336, 30.396285567423508], [-97.83354708136842, 30.3963824795958], [-97.83318154682729, 30.39679342368489], [-97.83280170418635, 30.397054215029883], [-97.83268280798833, 30.39690202479397], [-97.83260616328985, 30.3970504039719], [-97.83260370940405, 30.39714501274558], [-97.83219923806757, 30.39730277737013], [-97.83200333508327, 30.397488271739654], [-97.83113101757708, 30.39814174654142], [-97.83127453814033, 30.398396963088597], [-97.8312884314568, 30.398562882952493], [-97.83138438549517, 30.398722515066215], [-97.83154543714238, 30.398828200086673], [-97.83161799310417, 30.398837502822705], [-97.8317420511439, 30.39896613044045], [-97.83172600092324, 30.399234011080612], [-97.8314516036252, 30.39963883930955], [-97.8252718345022, 30.40037798890313], [-97.82522943506684, 30.40025883900299], [-97.82495575846927, 30.40028504150643], [-97.82465541172216, 30.400287057536943], [-97.82465171907133, 30.400428970314593], [-97.81961638092142, 30.40044527454213], [-97.81801164301713, 30.402893012040924], [-97.81591945480702, 30.40193436524189], [-97.81509097584575, 30.403256298602727], [-97.81334150722479, 30.402686675309813], [-97.81241350236343, 30.404092167407086], [-97.8123578009023, 30.40414074987775], [-97.81157347095329, 30.4037686212834], [-97.8110243201071, 30.40350702577514], [-97.81101742822072, 30.4035031356329]], [[-97.8071825896721, 30.372979885315925], [-97.8069164600246, 30.372895179175877], [-97.80689150521846, 30.37289867838658], [-97.80689027304633, 30.372901656355054], [-97.80688158189469, 30.3729000698527], [-97.80595302638437, 30.372730565550967], [-97.80617514757363, 30.373658337758435], [-97.80546740917838, 30.373797019903755], [-97.80577702290604, 30.374951686275946], [-97.80581339142542, 30.374901228851797], [-97.80615840816513, 30.37442255195702], [-97.80690068542029, 30.373388948498242], [-97.80716135117407, 30.373019929965892], [-97.8071825896721, 30.372979885315925]], [[-97.80694928096435, 30.372759043185482], [-97.80750480338189, 30.37292834633104], [-97.80751479125824, 30.372895023178383], [-97.80750664005903, 30.372890901076392], [-97.80760373448638, 30.372619707738625], [-97.80708599435648, 30.37246809876657], [-97.80707189571143, 30.3724627005443], [-97.80694928096435, 30.372759043185482]]]]}, "properties": {"route_id": "PAH01", "district": "District 3", "garb_day": "Thursday", "op_type": "Auto", "supervisor": "Herrera", "super_num": null, "centroid_lat": 30.38662546926772, "centroid_lng": -97.81712799883012}}, {"type": "Feature", "geometry": {"type": "MultiPolygon", "coordinates": [[[[-97.77308428993487, 30.387025301509418], [-97.77276207210144, 30.386743237471055], [-97.77175280531857, 30.38617182235696], [-97.77155978108799, 30.385902543624894], [-97.77140748636916, 30.38542990471123], [-97.77127563742492, 30.384630998165363], [-97.77124211735766, 30.384119896603195], [-97.77131234714501, 30.383692536319963], [-97.77142449941898, 30.383459977270952], [-97.77145454264512, 30.38321557023521], [-97.77144819045415, 30.383089150939387], [-97.77143143589498, 30.38275571985261], [-97.77135211792537, 30.382620761875803], [-97.77135177122207, 30.382620171834386], [-97.77127037812642, 30.38248168150097], [-97.77083535132813, 30.38270843006538], [-97.77051887359477, 30.382873386094765], [-97.76775045092083, 30.38429346942927], [-97.7670338610779, 30.38466103321395], [-97.76703034546377, 30.384663234284858], [-97.76932442378444, 30.37291168349393], [-97.77232375530119, 30.37221432930894], [-97.77422486877695, 30.3706883406497], [-97.77462446153638, 30.369939039689015], [-97.77554000002235, 30.369539999835713], [-97.77207974198355, 30.361785376413945], [-97.77158986394792, 30.360960051709547], [-97.77081317621007, 30.36075693375174], [-97.76951751053781, 30.36060487299192], [-97.76836248495674, 30.360270566277716], [-97.76713386513869, 30.35942169630583], [-97.76677328419433, 30.35966436558185], [-97.76671881310102, 30.35974193421522], [-97.76671857519324, 30.359740792319524], [-97.76672000007586, 30.35974000012993], [-97.767009999579, 30.35904999993933], [-97.76716999988273, 30.358830000245575], [-97.76779000006634, 30.35794000020698], [-97.76784999970423, 30.357800000035937], [-97.76792536074329, 30.357726350044096], [-97.77868304985273, 30.356632998536806], [-97.78087596063969, 30.357134535510983], [-97.78087624051085, 30.357127170711358], [-97.7832665071353, 30.356199266145065], [-97.78328187892691, 30.3562249546155], [-97.78439285964255, 30.356938687415788], [-97.7850658109233, 30.357371004405547], [-97.78524998539166, 30.3576708216716], [-97.78596064175659, 30.35824023444761], [-97.78786107337984, 30.359018360288086], [-97.78832600760549, 30.359194176258402], [-97.78895363771471, 30.35925539075497], [-97.79067310999662, 30.359325460746472], [-97.79122964536617, 30.359421165619327], [-97.79134281237818, 30.359445004185343], [-97.79139645982137, 30.359456305319718], [-97.79139774286428, 30.359456575498704], [-97.79098407566401, 30.360560071309393], [-97.79037029466487, 30.36225738418013], [-97.79012304849385, 30.363926715733907], [-97.78991658229467, 30.366887653058864], [-97.789509417481, 30.36807035572243], [-97.788761829825, 30.36927312117226], [-97.78805465301889, 30.369987259506882], [-97.78690192897776, 30.37089070677248], [-97.78563392357746, 30.371880797942033], [-97.7857199997354, 30.371989999862677], [-97.78606846656307, 30.37198403188462], [-97.78705999983116, 30.372710000144114], [-97.78790225171211, 30.37322137039986], [-97.78777742382645, 30.37586417731839], [-97.78823584159093, 30.376856899194884], [-97.78732285228584, 30.377537779029048], [-97.78723000025703, 30.377660000344086], [-97.78723483391339, 30.37777113153527], [-97.78732511926214, 30.37783946059504], [-97.78771117254756, 30.378525805695123], [-97.78763180604466, 30.378890398825597], [-97.7865539902219, 30.379777803459678], [-97.78014985249563, 30.38696928611455], [-97.78014474335063, 30.386967043455304], [-97.7787680351373, 30.387561214721515], [-97.7771664751432, 30.38813989014385], [-97.77662141994625, 30.388266546557873], [-97.7755043660114, 30.38857253249897], [-97.77514261575547, 30.388671621789236], [-97.77456769316079, 30.38881211599725], [-97.77402282121109, 30.388945264162885], [-97.77354379712561, 30.387902204415372], [-97.77337809522376, 30.387490552875263], [-97.77323241128364, 30.38721201256879], [-97.77308428993487, 30.387025301509418]]]]}, "properties": {"route_id": "PAH02", "district": "District 9", "garb_day": "Thursday", "op_type": "Auto", "supervisor": "Herrera", "super_num": null, "centroid_lat": 30.37144905997096, "centroid_lng": -97.77901691588092}}, {"type": "Feature", "geometry": {"type": "MultiPolygon", "coordinates": [[[[-97.72279000023632, 30.347210000308976], [-97.72265999987064, 30.347180000208304], [-97.72244000026917, 30.347179999946736], [-97.72182999984477, 30.34721000005027], [-97.7215599995483, 30.3472400002012], [-97.72155989059479, 30.34724006395468], [-97.72155839113762, 30.34723943546593], [-97.7210567237784, 30.345511837693532], [-97.71694654289603, 30.343614658173653], [-97.71486999965835, 30.344019999932407], [-97.7148639010846, 30.344020070129336], [-97.71495886778385, 30.34388266523193], [-97.71642360085043, 30.341608627643772], [-97.71779515710467, 30.33945545251939], [-97.71794866520779, 30.339214456166072], [-97.71855912921738, 30.33828345445194], [-97.71882775968726, 30.337750548859383], [-97.71882312131159, 30.337735366379032], [-97.71950999545007, 30.336761242754957], [-97.72150999967252, 30.33774000041027], [-97.72205999968516, 30.338000000376745], [-97.72222999998297, 30.33815000013722], [-97.72275999987815, 30.338650000035265], [-97.7232999998016, 30.339040000291202], [-97.72373999976838, 30.339250000229516], [-97.72640999989854, 30.34058000012526], [-97.72808761006593, 30.341335014925065], [-97.72829824184865, 30.341440840857253], [-97.731089999909, 30.34286000034754], [-97.73226999980129, 30.34344000011218], [-97.73270999982628, 30.34355000007244], [-97.73320000007384, 30.343629999810602], [-97.73372000010811, 30.343769999926863], [-97.73397999979814, 30.343860000380804], [-97.7342399997124, 30.34399000035903], [-97.7343158503385, 30.344024687232658], [-97.7349166107858, 30.344299521760732], [-97.73670999994452, 30.345120000101765], [-97.73749992637072, 30.345499964868218], [-97.73684624656141, 30.346525099639827], [-97.73665960013649, 30.34679920312242], [-97.73665647683202, 30.34680379017114], [-97.7356659552032, 30.348367377693172], [-97.73564527142125, 30.3484000278045], [-97.73486270761295, 30.349617453453252], [-97.73372211618256, 30.35145546897426], [-97.7332497133372, 30.35222382855253], [-97.73281617386922, 30.35196026720879], [-97.73206304810194, 30.35159811808345], [-97.73026236048571, 30.350722689719376], [-97.72940613097624, 30.350318537228326], [-97.72849999988702, 30.349929999907125], [-97.72763000006418, 30.34955000029785], [-97.72700999995304, 30.349240000333836], [-97.72370999995941, 30.347670000309755], [-97.72279000023632, 30.347210000308976]]]]}, "properties": {"route_id": "PAH64", "district": "District 9", "garb_day": "Thursday", "op_type": "Auto", "supervisor": "Litson", "super_num": 170, "centroid_lat": 30.34459151125614, "centroid_lng": -97.7264384484946}}, {"type": "Feature", "geometry": {"type": "MultiPolygon", "coordinates": [[[[-97.77868304985283, 30.356632998536757], [-97.77832411367407, 30.355234115133133], [-97.7784016622742, 30.353880076373], [-97.77713578123698, 30.352790448299217], [-97.77667310636413, 30.35237093203303], [-97.77604180336725, 30.351743381356844], [-97.77517019220993, 30.35106985166561], [-97.77440687074498, 30.350939354049125], [-97.77360126759379, 30.350861208726588], [-97.77271967871089, 30.350108251898888], [-97.77200073244336, 30.34934944847951], [-97.77157627858223, 30.3495458253542], [-97.77087165629877, 30.349422821644776], [-97.77029703218439, 30.34913407238765], [-97.7702990103243, 30.348971065737597], [-97.77031170154508, 30.348880782155245], [-97.7700776703271, 30.349001071034433], [-97.76929529844274, 30.348368604957205], [-97.76855977886548, 30.347309435532797], [-97.76704792371055, 30.3472791891877], [-97.76673815963737, 30.34743520264252], [-97.76655727368801, 30.347439833884184], [-97.76516707141818, 30.34740754528565], [-97.76389050808237, 30.349079814760714], [-97.76371449717824, 30.34908847639792], [-97.76298534329634, 30.350475191431038], [-97.76298782312473, 30.34972328695868], [-97.76247076545967, 30.34929273117074], [-97.76205892964639, 30.34904572911694], [-97.76171729341377, 30.348437241067952], [-97.76138520395244, 30.347470825607356], [-97.76090022262126, 30.347489747636708], [-97.76041761808916, 30.34803872932307], [-97.75992827675144, 30.34801458562933], [-97.75830000003674, 30.347929999828395], [-97.75724084424843, 30.3479314090994], [-97.75685338209918, 30.347247629479366], [-97.75702226428486, 30.346121277342906], [-97.7564424849605, 30.34544289237011], [-97.75651310614688, 30.344397908323646], [-97.75716999996791, 30.344070000172355], [-97.75706420837713, 30.343587031376774], [-97.75637008789467, 30.34355075522528], [-97.75533461770303, 30.34376439607616], [-97.75366132320583, 30.34472438272183], [-97.75222999993757, 30.34528999985691], [-97.75152071784566, 30.345054338693213], [-97.75373818142981, 30.340436345076267], [-97.75472968533023, 30.338606004306158], [-97.7552799579888, 30.337197084284337], [-97.75543762920157, 30.33655074490414], [-97.75544700306162, 30.336556114433893], [-97.75897063276875, 30.33857439116648], [-97.75915509757314, 30.33915633173107], [-97.75954099365843, 30.339684491964338], [-97.7601229300713, 30.340361143853624], [-97.76055110274758, 30.341179267638946], [-97.76284312642349, 30.342728650196015], [-97.76300446179572, 30.342676393217754], [-97.76435618518084, 30.34223855876916], [-97.76517729809736, 30.341445474935], [-97.76687304420561, 30.340351864712563], [-97.76796705746582, 30.340576139232226], [-97.76882018870806, 30.341084705083155], [-97.76948188447567, 30.341271407987264], [-97.76970420031694, 30.34127585283636], [-97.77116430551447, 30.34130503571364], [-97.77863152927843, 30.341280550973945], [-97.78230370472654, 30.341700599695088], [-97.78436593287778, 30.343129371747814], [-97.7851085377033, 30.344040393993886], [-97.78530295929173, 30.34488269686196], [-97.78475816793996, 30.34657766265719], [-97.78549088180083, 30.34786433790995], [-97.78531231009991, 30.350838697567497], [-97.78499717409946, 30.351410670260297], [-97.78337417604949, 30.352176643796923], [-97.78250579569811, 30.35300639845317], [-97.78234728188806, 30.354076142243127], [-97.7827714860767, 30.355270412742126], [-97.78285042310867, 30.355779480466953], [-97.78289783019056, 30.355722055065872], [-97.78294602346891, 30.35566367836946], [-97.7832665071353, 30.356199266145065], [-97.7808762405109, 30.357127170711358], [-97.78087596063978, 30.357134535510983], [-97.77868304985283, 30.356632998536757]]]]}, "properties": {"route_id": "PAH03", "district": "District 9", "garb_day": "Thursday", "op_type": "Auto", "supervisor": "Herrera", "super_num": null, "centroid_lat": 30.345948719305845, "centroid_lng": -97.77116157232895}}, {"type": "Feature", "geometry": {"type": "MultiPolygon", "coordinates": [[[[-97.76454088419247, 30.35878006982346], [-97.76453999999998, 30.358779999999356], [-97.76357999999999, 30.358349999999362], [-97.76299999999999, 30.358089999999365], [-97.76221999999999, 30.35770999999935], [-97.76110999999999, 30.357179999999353], [-97.75836, 30.35586999999939], [-97.75832819008231, 30.35588475273683], [-97.75832532765529, 30.355859030933445], [-97.75746317250304, 30.355537008791213], [-97.75666498696854, 30.35515210572628], [-97.75558546581492, 30.354631523346495], [-97.75111256303751, 30.352521186746866], [-97.75025117115686, 30.35217263399748], [-97.74894273479865, 30.351857682310463], [-97.74961888797945, 30.349208143280126], [-97.75091862179141, 30.346308155080568], [-97.75152071784566, 30.345054338693213], [-97.75222999993757, 30.34528999985691], [-97.75366132320583, 30.34472438272183], [-97.75533461770303, 30.34376439607616], [-97.75637008789467, 30.34355075522528], [-97.75706420837713, 30.343587031376774], [-97.75716999996791, 30.344070000172355], [-97.75651310614688, 30.344397908323646], [-97.7564424849605, 30.34544289237011], [-97.75702226428486, 30.346121277342906], [-97.75685338209918, 30.347247629479366], [-97.75724084424843, 30.3479314090994], [-97.75830000003674, 30.347929999828395], [-97.75992827675144, 30.34801458562933], [-97.76041761808916, 30.34803872932307], [-97.76090022262126, 30.347489747636708], [-97.76138520395244, 30.347470825607356], [-97.76171729341377, 30.348437241067952], [-97.76205892964639, 30.34904572911694], [-97.76247076545967, 30.34929273117074], [-97.76298782312473, 30.34972328695868], [-97.76298534329634, 30.350475191431038], [-97.76371449717824, 30.34908847639792], [-97.76389050808237, 30.349079814760714], [-97.76516707143158, 30.347407544782325], [-97.76655727368801, 30.347439833884184], [-97.76673815963737, 30.34743520264252], [-97.76704792371055, 30.3472791891877], [-97.76855977886548, 30.347309435532797], [-97.76929529844274, 30.348368604957205], [-97.7700776703271, 30.349001071034433], [-97.77031170154508, 30.348880782155245], [-97.7702990103243, 30.348971065737597], [-97.77029703218439, 30.34913407238765], [-97.77087165629877, 30.349422821644776], [-97.77157627858223, 30.3495458253542], [-97.77200073244336, 30.34934944847951], [-97.77271967871089, 30.350108251898888], [-97.77360126759379, 30.350861208726588], [-97.77440687074498, 30.350939354049125], [-97.77517019220993, 30.35106985166561], [-97.77604180336725, 30.351743381356844], [-97.77667310636413, 30.35237093203303], [-97.77713578123698, 30.352790448299217], [-97.7784016622742, 30.353880076373], [-97.77832411367407, 30.355234115133133], [-97.77868304985283, 30.356632998536757], [-97.76792536103018, 30.35772635002284], [-97.76784999999998, 30.357799999999376], [-97.76778999999999, 30.357939999999367], [-97.76716999999998, 30.358829999999376], [-97.76700999999998, 30.359049999999357], [-97.76671999999999, 30.359739999999373], [-97.76671857531487, 30.359740792360046], [-97.76661716037758, 30.359253792944397], [-97.76528150524699, 30.358721876464347], [-97.7645392642639, 30.358779093113068], [-97.76454088419247, 30.35878006982346]]]]}, "properties": {"route_id": "PAH04", "district": "District 9", "garb_day": "Thursday", "op_type": "Auto", "supervisor": "Herrera", "super_num": null, "centroid_lat": 30.352156041141008, "centroid_lng": -97.76329182071443}}, {"type": "Feature", "geometry": {"type": "MultiPolygon", "coordinates": [[[[-97.73968878015704, 30.375245832103328], [-97.7408812264173, 30.371999691841147], [-97.74146109475298, 30.370657680913563], [-97.7424508237619, 30.368289350748896], [-97.74245531893604, 30.368266775280706], [-97.74288699225227, 30.366098720834103], [-97.74328657796165, 30.36448902144654], [-97.74457406863819, 30.361292006606572], [-97.74458155751813, 30.361270351837923], [-97.74523675753852, 30.36125799400592], [-97.74578456767367, 30.3613293910087], [-97.74644802199742, 30.36149966731656], [-97.74760026252771, 30.362385814682984], [-97.74841836013954, 30.36301780907136], [-97.74925869463642, 30.36383675330697], [-97.74965999957388, 30.364610000126348], [-97.75014999954584, 30.365020000293], [-97.75028999960713, 30.36516000034353], [-97.75086999991426, 30.365600000064795], [-97.75115999950683, 30.365800000344862], [-97.75083999995796, 30.366420000259467], [-97.75060999980708, 30.36673000002055], [-97.75027000007175, 30.366999999755073], [-97.7499699996819, 30.367199999989268], [-97.7495699998871, 30.367430000163516], [-97.74921999964172, 30.367810000245612], [-97.74910999985772, 30.367980000212977], [-97.7487899998137, 30.36841000003274], [-97.74814999981979, 30.36896999979322], [-97.7479999998396, 30.36903000025292], [-97.74775999984503, 30.36937000023798], [-97.74772999975998, 30.36955000026122], [-97.74750999993046, 30.370159999945894], [-97.74720999970792, 30.370500000079957], [-97.74684000011545, 30.370679999851276], [-97.74668999957355, 30.370710000271533], [-97.74683999981299, 30.371230000368573], [-97.74698999960607, 30.371580000363252], [-97.7470699996451, 30.37174999992314], [-97.74732999998265, 30.37209000023474], [-97.74754000015189, 30.372220000390758], [-97.74785999971303, 30.372360000316505], [-97.74936969263679, 30.373019693016936], [-97.74987980257453, 30.37314042757669], [-97.75027594222313, 30.373077265414754], [-97.75059132625829, 30.372965961956396], [-97.75119465899918, 30.372707230389597], [-97.75145415516762, 30.372679620219525], [-97.75166869149871, 30.372681202225337], [-97.75196772389565, 30.372709109410742], [-97.75228341078464, 30.372822171758727], [-97.7525790352905, 30.372975023341073], [-97.75331463315068, 30.37333953870326], [-97.75539999973964, 30.37439000019746], [-97.75399999997697, 30.37645000019899], [-97.75336918050994, 30.37734905234037], [-97.75336991350419, 30.377349421955888], [-97.75337000026127, 30.377350000159904], [-97.75276000000879, 30.378330000178536], [-97.75240999992856, 30.37888000017557], [-97.7521499996889, 30.37934999989187], [-97.75194000000378, 30.37962000029469], [-97.7516500000846, 30.37984000018419], [-97.75082000003523, 30.38021999995804], [-97.75026999987341, 30.380519999925056], [-97.74973999970203, 30.380750000320734], [-97.74874999985092, 30.381159999935537], [-97.74731000010465, 30.381849999933227], [-97.74538999984763, 30.38280000034025], [-97.74447999982772, 30.38324000030314], [-97.74235252754309, 30.384282817887566], [-97.7422418279664, 30.384062471454854], [-97.74183573906848, 30.383254149238912], [-97.74142684155582, 30.382518276679747], [-97.74090806718013, 30.38182729359469], [-97.73962616914221, 30.3806892992376], [-97.73935131364333, 30.380445292664525], [-97.73786584893382, 30.379572288844205], [-97.73785885523176, 30.379568178589917], [-97.73786452996396, 30.379550933603465], [-97.73805649082315, 30.37896758628105], [-97.73968878015704, 30.375245832103328]]]]}, "properties": {"route_id": "PAH81", "district": "District 9", "garb_day": "Thursday", "op_type": "Auto", "supervisor": "Gilbert", "super_num": 697, "centroid_lat": 30.3739278558021, "centroid_lng": -97.74587312305033}}, {"type": "Feature", "geometry": {"type": "MultiPolygon", "coordinates": [[[[-97.75881148538731, 30.36022744944575], [-97.75863635412726, 30.358653838097837], [-97.75832818962999, 30.355884753033692], [-97.75836000018516, 30.355870000099245], [-97.76110999983301, 30.35718000008766], [-97.76222000022955, 30.357709999907826], [-97.76299999974471, 30.358090000224763], [-97.76357999997192, 30.35835000035819], [-97.76454000007524, 30.35878000006709], [-97.76454088438409, 30.35878007015379], [-97.7645392642639, 30.358779093113068], [-97.76528150524699, 30.358721876464347], [-97.76661716037758, 30.359253792944397], [-97.76671881310111, 30.35974193421522], [-97.76677328419439, 30.35966436558185], [-97.76713386513877, 30.359421696305777], [-97.76836248495684, 30.360270566277716], [-97.76951751053787, 30.36060487299192], [-97.77081317621001, 30.360756933751702], [-97.77158986394797, 30.360960051709494], [-97.7720797419836, 30.361785376413945], [-97.7755400000223, 30.369539999835713], [-97.77462446153648, 30.369939039689015], [-97.77422486877701, 30.37068834064966], [-97.77232375530116, 30.37221432930889], [-97.76932442378445, 30.37291168349389], [-97.76703034533753, 30.3846632341333], [-97.76671112050109, 30.38404294460807], [-97.76628131712917, 30.383042585445793], [-97.76604999967442, 30.38260000034072], [-97.7652699995972, 30.380430000213696], [-97.76520000008321, 30.379850000144458], [-97.76496999973303, 30.378510000132977], [-97.76475999963024, 30.377900000061267], [-97.76455999959522, 30.377550000175095], [-97.76410999985455, 30.376880000286093], [-97.76363999986852, 30.376389999984703], [-97.76337999980406, 30.376160000038446], [-97.76302999980894, 30.375929999778158], [-97.76270000009255, 30.375780000058153], [-97.76205000028075, 30.37555000023837], [-97.76101999979592, 30.3754099999201], [-97.76073000006883, 30.375319999952914], [-97.76056999960272, 30.37520999998566], [-97.76009999973947, 30.375120000405722], [-97.75929075391188, 30.374372348842098], [-97.75887288120776, 30.373728899670937], [-97.75837270709809, 30.37283244661715], [-97.75793278109568, 30.372085071285014], [-97.75756141486242, 30.371802415800726], [-97.7573251115307, 30.37167692012758], [-97.75722520611366, 30.371621893624944], [-97.757261020316, 30.371574675352655], [-97.75842256348508, 30.369441315943003], [-97.7587321230735, 30.368984363779795], [-97.75903375599239, 30.368617974690736], [-97.75938861269796, 30.36811418134897], [-97.76001000001627, 30.367580000016304], [-97.76050999962438, 30.36699000002033], [-97.76079999968898, 30.366730000152874], [-97.76146999989145, 30.366200000112585], [-97.7627400000845, 30.365309999999845], [-97.76323000015707, 30.364990000026683], [-97.76349018442096, 30.3647573733997], [-97.76314870929423, 30.36355451040015], [-97.76255658811245, 30.363168781954116], [-97.76215892736596, 30.362687876330824], [-97.75882427220073, 30.36114064400278], [-97.75883603230616, 30.360547217204527], [-97.75881148538731, 30.36022744944575]]]]}, "properties": {"route_id": "PAH05", "district": "District 9", "garb_day": "Thursday", "op_type": "Auto", "supervisor": "Herrera", "super_num": null, "centroid_lat": 30.36832116093493, "centroid_lng": -97.76594980693646}}, {"type": "Feature", "geometry": {"type": "MultiPolygon", "coordinates": [[[[-97.75196772389565, 30.372709109410742], [-97.75166869149871, 30.372681202225337], [-97.75145415516762, 30.372679620219525], [-97.75119465899918, 30.372707230389597], [-97.75059132625829, 30.372965961956396], [-97.75027594222313, 30.373077265414754], [-97.74987980257453, 30.37314042757669], [-97.74936969263679, 30.373019693016936], [-97.74785999971303, 30.372360000316505], [-97.74754000015189, 30.372220000390758], [-97.74732999998265, 30.37209000023474], [-97.7470699996451, 30.37174999992314], [-97.74698999960607, 30.371580000363252], [-97.74683999981299, 30.371230000368573], [-97.74668999957355, 30.370710000271533], [-97.74684000011545, 30.370679999851276], [-97.74720999970792, 30.370500000079957], [-97.74750999993046, 30.370159999945894], [-97.74772999975998, 30.36955000026122], [-97.74775999984503, 30.36937000023798], [-97.7479999998396, 30.36903000025292], [-97.74814999981979, 30.36896999979322], [-97.7487899998137, 30.36841000003274], [-97.74910999985772, 30.367980000212977], [-97.74921999964172, 30.367810000245612], [-97.7495699998871, 30.367430000163516], [-97.7499699996819, 30.367199999989268], [-97.75027000007175, 30.366999999755073], [-97.75060999980708, 30.36673000002055], [-97.75083999995796, 30.366420000259467], [-97.75115999950683, 30.365800000344862], [-97.75086999991426, 30.365600000064795], [-97.75028999960713, 30.36516000034353], [-97.75014999954584, 30.365020000293], [-97.74965999957388, 30.364610000126348], [-97.74925869463642, 30.36383675330697], [-97.74841836013954, 30.36301780907136], [-97.74760026252771, 30.362385814682984], [-97.74644802199742, 30.36149966731656], [-97.74578456767367, 30.3613293910087], [-97.74523675753852, 30.36125799400592], [-97.74458155751813, 30.361270351837923], [-97.74644112188908, 30.355892487604525], [-97.74699531073205, 30.35492497119386], [-97.74851607285159, 30.352831657289315], [-97.7489392559607, 30.351871314437652], [-97.74894273479865, 30.351857682310463], [-97.75025117115686, 30.35217263399748], [-97.75111256303751, 30.352521186746866], [-97.75558546581492, 30.354631523346495], [-97.75746317250304, 30.355537008791213], [-97.75832532765529, 30.355859030933445], [-97.75881148538731, 30.36022744944575], [-97.75883603230616, 30.360547217204527], [-97.75882427220073, 30.36114064400278], [-97.76215892736596, 30.362687876330824], [-97.76255658811245, 30.363168781954116], [-97.76314870929423, 30.36355451040015], [-97.76349018442096, 30.3647573733997], [-97.76323000015707, 30.364990000026683], [-97.7627400000845, 30.365309999999845], [-97.76146999989145, 30.366200000112585], [-97.76079999968898, 30.366730000152874], [-97.76050999962438, 30.36699000002033], [-97.76001000001627, 30.367580000016304], [-97.75938861269796, 30.36811418134897], [-97.75903375599239, 30.368617974690736], [-97.7587321230735, 30.368984363779795], [-97.75842256348508, 30.369441315943003], [-97.757261020316, 30.371574675352655], [-97.75725697788783, 30.3715800057261], [-97.75719346781769, 30.371663737536043], [-97.75718604678991, 30.3716735215753], [-97.75718599411636, 30.371676087721916], [-97.75539999973964, 30.37439000019746], [-97.75331463315068, 30.37333953870326], [-97.7525790352905, 30.372975023341073], [-97.75228341078464, 30.372822171758727], [-97.75196772389565, 30.372709109410742]]]]}, "properties": {"route_id": "PAH06", "district": "District 9", "garb_day": "Thursday", "op_type": "Auto", "supervisor": "Herrera", "super_num": null, "centroid_lat": 30.362997495691083, "centroid_lng": -97.75340345139857}}, {"type": "Feature", "geometry": {"type": "MultiPolygon", "coordinates": [[[[-97.72373999988419, 30.339250000114443], [-97.72417999999999, 30.338529999999373], [-97.72460999999998, 30.337879999999373], [-97.72515999999999, 30.337009999999356], [-97.72569, 30.336149999999353], [-97.72585999999998, 30.335779999999378], [-97.72588999999999, 30.335219999999378], [-97.72588999999999, 30.334629999999372], [-97.72594999999998, 30.334429999999383], [-97.72606999999999, 30.33426999999936], [-97.72649999999999, 30.333569999999355], [-97.72699, 30.332789999999335], [-97.72752, 30.331969999999377], [-97.72800999999998, 30.331219999999348], [-97.72815999999999, 30.33098999999938], [-97.72835999999998, 30.330839999999363], [-97.72882, 30.33057999999939], [-97.72909999999999, 30.33036999999936], [-97.72938999999998, 30.33002999999939], [-97.72947307318296, 30.329888775635837], [-97.73062396643887, 30.33045610361332], [-97.7346193300201, 30.332397885872982], [-97.7396878174734, 30.33486092477882], [-97.73978249859375, 30.33487293035228], [-97.73982304314737, 30.334878071885953], [-97.73980366689474, 30.334998922164708], [-97.7395774816061, 30.33634445897416], [-97.73946312493794, 30.337044645524056], [-97.7392372188889, 30.33851061309719], [-97.73911999956056, 30.33920000004131], [-97.73862999988107, 30.342089999987753], [-97.73847999989165, 30.34290999977637], [-97.73824999996725, 30.343860000088945], [-97.73802000025464, 30.344560000216557], [-97.73750015289411, 30.345499609711577], [-97.73749992637072, 30.345499964868218], [-97.73749938180701, 30.345499703049192], [-97.73670999994452, 30.345120000101765], [-97.7349166107858, 30.344299521760732], [-97.7343158503385, 30.344024687232658], [-97.7342399997124, 30.34399000035903], [-97.73397999979814, 30.343860000380804], [-97.73372000010811, 30.343769999926863], [-97.73320000007384, 30.343629999810602], [-97.73270999982628, 30.34355000007244], [-97.73226999980129, 30.34344000011218], [-97.731089999909, 30.34286000034754], [-97.72829824184865, 30.341440840857253], [-97.72808761006593, 30.341335014925065], [-97.72640999989854, 30.34058000012526], [-97.72373999988419, 30.339250000114443]]]]}, "properties": {"route_id": "PAH63", "district": "District 9", "garb_day": "Thursday", "op_type": "Auto", "supervisor": "Litson", "super_num": 170, "centroid_lat": 30.337609913966247, "centroid_lng": -97.73247656328815}}, {"type": "Feature", "geometry": {"type": "MultiPolygon", "coordinates": [[[[-97.75718604678991, 30.3716735215753], [-97.75722520611366, 30.371621893624944], [-97.7573251115307, 30.37167692012758], [-97.75756141486242, 30.371802415800726], [-97.75793278109568, 30.372085071285014], [-97.75837270709809, 30.37283244661715], [-97.75887288120776, 30.373728899670937], [-97.75929075391188, 30.374372348842098], [-97.76009999973947, 30.375120000405722], [-97.76056999960272, 30.37520999998566], [-97.76073000006883, 30.375319999952914], [-97.76101999979592, 30.3754099999201], [-97.76205000028075, 30.37555000023837], [-97.76270000009255, 30.375780000058153], [-97.76302999980894, 30.375929999778158], [-97.76337999980406, 30.376160000038446], [-97.76363999986852, 30.376389999984703], [-97.76410999985455, 30.376880000286093], [-97.76455999959522, 30.377550000175095], [-97.76475999963024, 30.377900000061267], [-97.76496999973303, 30.378510000132977], [-97.76520000008321, 30.379850000144458], [-97.7652699995972, 30.380430000213696], [-97.76604999967442, 30.38260000034072], [-97.76628131712917, 30.383042585445793], [-97.76671112050109, 30.38404294460807], [-97.76703034533753, 30.3846632341333], [-97.76693427324072, 30.384723386845742], [-97.76598170217429, 30.38531980472404], [-97.76503762531748, 30.386009057392602], [-97.76432614632556, 30.38655188996684], [-97.7633286260253, 30.387202292777843], [-97.76245175193334, 30.387697463002258], [-97.76231133478286, 30.387776755724808], [-97.76168709934626, 30.38790587429908], [-97.76088032983677, 30.387936909556146], [-97.7597512984761, 30.387970690029448], [-97.75974674875394, 30.38797082655646], [-97.75971533267496, 30.38797034640321], [-97.75580577380723, 30.387910591721496], [-97.75466181086456, 30.387925370750498], [-97.75338495194474, 30.388022445829552], [-97.7500209113711, 30.388379641656407], [-97.74968245505382, 30.388410593806547], [-97.74858337768802, 30.38868255416057], [-97.74784092373834, 30.388779585174223], [-97.74700320425013, 30.38892559668542], [-97.74567687605307, 30.389336637920582], [-97.74510625504548, 30.38953622420084], [-97.7450505608371, 30.38955570409836], [-97.7438624144748, 30.387262911699086], [-97.74321373647342, 30.385899285980475], [-97.7424919604456, 30.38456035347599], [-97.74235936617465, 30.384296429975212], [-97.74235252754309, 30.384282817887566], [-97.74447999982772, 30.38324000030314], [-97.74538999984763, 30.38280000034025], [-97.74731000010465, 30.381849999933227], [-97.74874999985092, 30.381159999935537], [-97.74973999970203, 30.380750000320734], [-97.75026999987341, 30.380519999925056], [-97.75082000003523, 30.38021999995804], [-97.7516500000846, 30.37984000018419], [-97.75194000000378, 30.37962000029469], [-97.7521499996889, 30.37934999989187], [-97.75240999992856, 30.37888000017557], [-97.75276000000879, 30.378330000178536], [-97.75337000026127, 30.377350000159904], [-97.75336991350419, 30.377349421955888], [-97.75336918050994, 30.37734905234037], [-97.75399999997697, 30.37645000019899], [-97.75539999973964, 30.37439000019746], [-97.75718599411636, 30.371676087721916], [-97.75718604678991, 30.3716735215753]]]]}, "properties": {"route_id": "PAH80", "district": "District 9", "garb_day": "Thursday", "op_type": "Auto", "supervisor": "Gilbert", "super_num": 697, "centroid_lat": 30.38238861448412, "centroid_lng": -97.75585943833634}}, {"type": "Feature", "geometry": {"type": "MultiPolygon", "coordinates": [[[[-97.74258571198138, 30.348496208180602], [-97.74111984865463, 30.34790893076941], [-97.74078502668667, 30.347241935105902], [-97.74081112134037, 30.34714961718799], [-97.74010343288019, 30.347341230058888], [-97.73917111535515, 30.346992535574962], [-97.73944144216365, 30.34662928832462], [-97.73926213952305, 30.346542040227515], [-97.73848640203789, 30.34607825133043], [-97.73794143870333, 30.345715354258548], [-97.73750015289411, 30.345499609711577], [-97.73802000025464, 30.344560000216557], [-97.73824999996725, 30.343860000088945], [-97.73847999989165, 30.34290999977637], [-97.73862999988107, 30.342089999987753], [-97.73911999956056, 30.33920000004131], [-97.7392372188889, 30.33851061309719], [-97.73946312493794, 30.337044645524056], [-97.7395774816061, 30.33634445897416], [-97.73980366689474, 30.334998922164708], [-97.73982304314737, 30.334878071885953], [-97.74294316633902, 30.33527367581419], [-97.74552763016254, 30.335846277953593], [-97.74927920683493, 30.334534166186398], [-97.75157933666517, 30.33452267691473], [-97.75260043854547, 30.33497691158294], [-97.75421037185434, 30.335847749587515], [-97.75543762920157, 30.33655074490414], [-97.7552799579888, 30.337197084284337], [-97.75472968533023, 30.338606004306158], [-97.75373818142981, 30.340436345076267], [-97.75091862179141, 30.346308155080568], [-97.75044795306682, 30.347358340851386], [-97.7497686027624, 30.347045839902613], [-97.74961827473214, 30.346380338757818], [-97.74798736992189, 30.345707278822516], [-97.74681659711834, 30.346053288593264], [-97.74683807406171, 30.346369683856622], [-97.74628550546424, 30.346652722685484], [-97.74633922862988, 30.347799450273513], [-97.74579275373577, 30.348183436455024], [-97.7456492379265, 30.348279592869993], [-97.74556033962634, 30.348241971211188], [-97.7453336251739, 30.348188005858944], [-97.74258571198138, 30.348496208180602]]]]}, "properties": {"route_id": "PAH62", "district": "District 9", "garb_day": "Thursday", "op_type": "Auto", "supervisor": "Litson", "super_num": 170, "centroid_lat": 30.341011659837534, "centroid_lng": -97.74602428271535}}, {"type": "Feature", "geometry": {"type": "MultiPolygon", "coordinates": [[[[-97.71188053872146, 30.336612914470255], [-97.71084248720767, 30.336067035778687], [-97.70886165702498, 30.335097678136137], [-97.70801685691971, 30.334695638275722], [-97.7077912375959, 30.334589974352], [-97.70712323114023, 30.33427704778631], [-97.70575225694394, 30.333619377236666], [-97.70454923190796, 30.3330467471237], [-97.70416027299328, 30.33285222869612], [-97.70457037618382, 30.332095049885204], [-97.70511588330015, 30.330881567505525], [-97.705678650063, 30.32910800437299], [-97.70626310102664, 30.325896576368926], [-97.706704800695, 30.322804186565946], [-97.7069020122025, 30.322127479708136], [-97.70696878289681, 30.32210836669014], [-97.70696860838073, 30.322111444021157], [-97.71142198560429, 30.32071976485034], [-97.71142670563538, 30.32072799581888], [-97.71239030471342, 30.320478795211255], [-97.71264915630391, 30.32042532198316], [-97.71265459663351, 30.32042419834909], [-97.71271356874824, 30.320532846968163], [-97.71277676949872, 30.32050405470927], [-97.71283791459349, 30.320476199078318], [-97.71388088011513, 30.320358735575457], [-97.71529186970427, 30.320433816757948], [-97.71572588743375, 30.320650846769045], [-97.71725444519045, 30.321306548989202], [-97.71941126925196, 30.322391377333282], [-97.72044297916366, 30.322689964802606], [-97.7211605652851, 30.32277397665442], [-97.72305893440391, 30.32306706821931], [-97.72424116818526, 30.323715633778413], [-97.72507700323717, 30.32435714122], [-97.72581603840756, 30.325621174757813], [-97.72619993251249, 30.326058070571808], [-97.72620413703761, 30.326062855387597], [-97.72622990785638, 30.326092183858773], [-97.72701747633673, 30.32654765960504], [-97.72739971282608, 30.327203059466303], [-97.72733455317221, 30.327641197599828], [-97.72760083736118, 30.328641183975996], [-97.7280395047443, 30.32918208036542], [-97.72947307315115, 30.329888775724715], [-97.72938999992334, 30.330030000006285], [-97.72909999985342, 30.330370000078926], [-97.72881999985457, 30.330580000067467], [-97.72836000000832, 30.33084000003202], [-97.72816000024953, 30.330989999916152], [-97.72800999977646, 30.331220000056955], [-97.72751999959239, 30.331970000076204], [-97.72698999951527, 30.332790000398813], [-97.72649999965152, 30.333570000090024], [-97.72606999963743, 30.334270000408036], [-97.72594999954866, 30.334429999954335], [-97.72589000008152, 30.334630000111215], [-97.72588999971829, 30.33522000012534], [-97.72585999992414, 30.335780000303046], [-97.72568999975255, 30.336149999823874], [-97.72515999952469, 30.33700999986016], [-97.72460999978848, 30.3378800000882], [-97.72418000005705, 30.33853000001319], [-97.72373999976838, 30.339250000229516], [-97.7232999998016, 30.339040000291202], [-97.72275999987815, 30.338650000035265], [-97.72222999998297, 30.33815000013722], [-97.72205999968516, 30.338000000376745], [-97.72150999967252, 30.33774000041027], [-97.71950999545007, 30.336761242754957], [-97.71882312131159, 30.337735366379032], [-97.71882775968726, 30.337750548859383], [-97.71855912921738, 30.33828345445194], [-97.71794866520779, 30.339214456166072], [-97.71779515710467, 30.33945545251939], [-97.71779198230708, 30.33946043642361], [-97.71749575203543, 30.339316365238897], [-97.71539155062018, 30.338271596565654], [-97.71437142175996, 30.33778622957486], [-97.71246455117813, 30.336885235586706], [-97.71222996560152, 30.33677939622659], [-97.71188053872146, 30.336612914470255]]]]}, "properties": {"route_id": "PAH75", "district": "District 9", "garb_day": "Thursday", "op_type": "Auto", "supervisor": "Carnline", "super_num": 596, "centroid_lat": 30.329608192145272, "centroid_lng": -97.71642541097168}}, {"type": "Feature", "geometry": {"type": "MultiPolygon", "coordinates": [[[[-97.73783753720399, 30.379585370953876], [-97.73708392902597, 30.37910193357757], [-97.73267916254233, 30.376299361128208], [-97.73130250286692, 30.375588225992534], [-97.72915578291565, 30.374553386388918], [-97.72637979948486, 30.37324524533051], [-97.72638496835684, 30.373223707697832], [-97.72489955308586, 30.37250747587866], [-97.7208802854933, 30.37065097395591], [-97.71977886371414, 30.36977750816856], [-97.71907351237762, 30.368854365938788], [-97.71844869458621, 30.367367732505713], [-97.71807218956357, 30.365581767259787], [-97.71768141568576, 30.36381153069687], [-97.71751681697037, 30.363270278983318], [-97.71842621985071, 30.36303696562237], [-97.71946206865087, 30.36279084275358], [-97.72011916631232, 30.36261132899926], [-97.72012078378874, 30.362609782138158], [-97.72065999991534, 30.36246000015744], [-97.72096000005604, 30.362289999981392], [-97.72140999988882, 30.361919999764197], [-97.7216499996378, 30.36169000026654], [-97.72182000014884, 30.361600000088316], [-97.7222899995604, 30.36139999996389], [-97.72275999984521, 30.36124999999944], [-97.7232499995656, 30.361080000359813], [-97.72376999959222, 30.360960000233426], [-97.72408999970398, 30.36095000037084], [-97.72457999969446, 30.36113000013386], [-97.7248799995577, 30.361280000056365], [-97.72567999952571, 30.361570000182876], [-97.7259399999874, 30.36163000038373], [-97.72652000025728, 30.3618900003285], [-97.72727999998895, 30.362270000406475], [-97.72800999976182, 30.362610000226695], [-97.72854999978647, 30.362849999878215], [-97.72904999992335, 30.362950000219705], [-97.72906070911453, 30.362948157080456], [-97.72930170294924, 30.361962288363227], [-97.7297634198563, 30.360155175376022], [-97.73012059268504, 30.358686454915286], [-97.73026337326965, 30.358226376660383], [-97.73048450385213, 30.357422003002842], [-97.73082069706348, 30.356203041469097], [-97.73106558093681, 30.356261444739523], [-97.7320866133444, 30.356730948423127], [-97.73544336929999, 30.35826949482265], [-97.7376975338682, 30.35946065964836], [-97.73988976116809, 30.36059545808596], [-97.74084145171996, 30.36100950975282], [-97.74133192984964, 30.361128831217076], [-97.7418892204142, 30.361211445670428], [-97.74398847819528, 30.36127287178411], [-97.74457507327018, 30.361289101611117], [-97.74457406863819, 30.361292006606572], [-97.74328657796165, 30.36448902144654], [-97.74288699225227, 30.366098720834103], [-97.7424508237619, 30.368289350748896], [-97.74146109475298, 30.370657680913563], [-97.7408812264173, 30.371999691841147], [-97.73968878015704, 30.375245832103328], [-97.73805649082315, 30.37896758628105], [-97.73785885523176, 30.379568178589917], [-97.73784928938632, 30.379562556339142], [-97.73783753720399, 30.379585370953876]]]]}, "properties": {"route_id": "PAH82", "district": "District 9", "garb_day": "Thursday", "op_type": "Auto", "supervisor": "Gilbert", "super_num": 697, "centroid_lat": 30.36730034410705, "centroid_lng": -97.73195666943067}}, {"type": "Feature", "geometry": {"type": "MultiPolygon", "coordinates": [[[[-97.71186447570923, 30.348486574817475], [-97.71235539475117, 30.347724066815175], [-97.71349999991205, 30.34814000041638], [-97.71396999957521, 30.34820999997582], [-97.7146300000387, 30.34848000041906], [-97.71623000009217, 30.34923000012641], [-97.7170399998495, 30.34967000013614], [-97.71784999972851, 30.350050000122543], [-97.71855000009091, 30.350340000303937], [-97.71923999986873, 30.35066000010928], [-97.72020999993528, 30.35114000027938], [-97.72104000002653, 30.35153000019455], [-97.7219700002247, 30.351970000003995], [-97.7225499996227, 30.35224999995636], [-97.72316961632013, 30.352545055477343], [-97.72317420310787, 30.352550386178436], [-97.7231761500592, 30.352552742733163], [-97.72219391817468, 30.35319862154311], [-97.72177377679834, 30.35611856373883], [-97.72153744495282, 30.35791817853964], [-97.72187586411273, 30.35990698194644], [-97.72069396367172, 30.3620616179823], [-97.72011916631232, 30.36261132899926], [-97.71946206865087, 30.36279084275358], [-97.71842621985071, 30.36303696562237], [-97.71751681697037, 30.363270278983318], [-97.71768141568576, 30.36381153069687], [-97.71806174658171, 30.36553445910029], [-97.71796999977377, 30.365550000396073], [-97.71778999986365, 30.365570000130347], [-97.7173799997691, 30.365630000168192], [-97.71706999991343, 30.365550000321598], [-97.71656999965525, 30.36526000007503], [-97.71566999975516, 30.36483999993533], [-97.71477999993257, 30.364410000265426], [-97.71430999955562, 30.3642000001332], [-97.71402000009519, 30.364090000026877], [-97.71343999973593, 30.363750000339977], [-97.7130099996829, 30.36353999990832], [-97.71264999982627, 30.363360000384592], [-97.71181000018458, 30.362960000010872], [-97.71149000006088, 30.362810000008], [-97.71104000005751, 30.362589999957716], [-97.71055999956202, 30.36236999987175], [-97.71009999953706, 30.362149999936715], [-97.70963999990866, 30.361950000313243], [-97.70917999974233, 30.36174000000839], [-97.70820999958895, 30.36151000017924], [-97.70763999968482, 30.361280000246015], [-97.7068599998659, 30.360899999959916], [-97.70609999980579, 30.360520000102774], [-97.70455999970255, 30.3597899997936], [-97.70429999981565, 30.359660000218415], [-97.70243999999762, 30.35875000030597], [-97.70170999966794, 30.358409999967055], [-97.7000924710737, 30.35777097621404], [-97.70028733558075, 30.35746091552511], [-97.7005684407324, 30.357127594925522], [-97.70099327908157, 30.35671859444101], [-97.70125256448628, 30.356561741753197], [-97.7014136722251, 30.356437237913024], [-97.70237000879828, 30.355726593076128], [-97.70266061096711, 30.355511734296485], [-97.70362883021835, 30.35479586358946], [-97.70540907883924, 30.353443819094387], [-97.70709485145667, 30.35221131357156], [-97.70897153079795, 30.350907481497057], [-97.70939555830591, 30.350640005352115], [-97.71063364338461, 30.34977403931479], [-97.71186447570923, 30.348486574817475]]]]}, "properties": {"route_id": "PAH60", "district": "District 9", "garb_day": "Thursday", "op_type": "Auto", "supervisor": "Litson", "super_num": 170, "centroid_lat": 30.356521933258815, "centroid_lng": -97.7131887267917}}, {"type": "Feature", "geometry": {"type": "MultiPolygon", "coordinates": [[[[-97.73082318791232, 30.35620363536795], [-97.7308237766551, 30.35619269774453], [-97.73158268961575, 30.354770593712527], [-97.73245426444176, 30.35347277274573], [-97.73321255374147, 30.352284267729672], [-97.73372211645422, 30.351455468985264], [-97.73486270803093, 30.34961745305048], [-97.73564527176798, 30.3484000275347], [-97.73566595568509, 30.348367377558343], [-97.73665647717019, 30.346803789887854], [-97.73665960047646, 30.346799203103856], [-97.73684624697589, 30.346525099319916], [-97.73750015290145, 30.345499609378408], [-97.73794143915646, 30.345715354132], [-97.73848640247037, 30.34607825133796], [-97.73926213968919, 30.346542039958287], [-97.73944144264998, 30.346629288191597], [-97.73917111557579, 30.346992535264906], [-97.74010343317708, 30.34734123000549], [-97.74081112164721, 30.347149617212736], [-97.7407850267019, 30.347241934755406], [-97.74111984897445, 30.347908930610902], [-97.74258571217548, 30.348496207789342], [-97.74533362532976, 30.348188005828717], [-97.74556033956384, 30.348241971242164], [-97.74564923819817, 30.34827959251502], [-97.74579275422352, 30.34818343624217], [-97.74633922907925, 30.347799449887113], [-97.74628550572747, 30.346652722739183], [-97.74683807436703, 30.346369683820797], [-97.74681659744834, 30.346053288466056], [-97.74798736983297, 30.345707278805953], [-97.74961827479838, 30.34638033852274], [-97.74976860263025, 30.347045839580247], [-97.75044795312188, 30.347358340731912], [-97.74961888792723, 30.34920814325822], [-97.74893925584449, 30.351871314043507], [-97.74851607331284, 30.352831657248856], [-97.74699531065518, 30.354924970890128], [-97.74644112200575, 30.355892487660782], [-97.74457507365314, 30.361289101661164], [-97.74398847847917, 30.361272871760494], [-97.74188922052652, 30.36121144525558], [-97.74133193007401, 30.36112883090307], [-97.7408414518432, 30.361009509766916], [-97.73988976151593, 30.360595458067447], [-97.73769753402154, 30.3594606595331], [-97.73544336911927, 30.358269494655623], [-97.73208661363192, 30.35673094820396], [-97.73106558086907, 30.356261444734805], [-97.73082318791232, 30.35620363536795]]]]}, "properties": {"route_id": "PAH61", "district": "District 9", "garb_day": "Thursday", "op_type": "Auto", "supervisor": "Litson", "super_num": 170, "centroid_lat": 30.353333340115185, "centroid_lng": -97.74091302358255}}, {"type": "Feature", "geometry": {"type": "MultiPolygon", "coordinates": [[[[-97.70447949494034, 30.366697785125087], [-97.70139121098524, 30.36523739869641], [-97.69716576010144, 30.363188434951113], [-97.69696575269892, 30.363093603065863], [-97.6970398884512, 30.36293379343677], [-97.69839364013592, 30.36058524053846], [-97.6997121583521, 30.358325501442497], [-97.70007999006728, 30.35779083563116], [-97.7000924710737, 30.35777097621404], [-97.70170999966794, 30.358409999967055], [-97.70243999999762, 30.35875000030597], [-97.70429999981565, 30.359660000218415], [-97.70455999970255, 30.3597899997936], [-97.70609999980579, 30.360520000102774], [-97.7068599998659, 30.360899999959916], [-97.70763999968482, 30.361280000246015], [-97.70820999958895, 30.36151000017924], [-97.70917999974233, 30.36174000000839], [-97.70963999990866, 30.361950000313243], [-97.71009999953706, 30.362149999936715], [-97.71055999956202, 30.36236999987175], [-97.71104000005751, 30.362589999957716], [-97.71149000006088, 30.362810000008], [-97.71181000018458, 30.362960000010872], [-97.71264999982627, 30.363360000384592], [-97.7130099996829, 30.36353999990832], [-97.71343999973593, 30.363750000339977], [-97.71402000009519, 30.364090000026877], [-97.71430999955562, 30.3642000001332], [-97.71477999993257, 30.364410000265426], [-97.71566999975516, 30.36483999993533], [-97.71656999965525, 30.36526000007503], [-97.71706999991343, 30.365550000321598], [-97.7173799997691, 30.365630000168192], [-97.71778999986365, 30.365570000130347], [-97.71796999977377, 30.365550000396073], [-97.71806174658171, 30.36553445910029], [-97.71807218956357, 30.365581767259787], [-97.71844869458621, 30.367367732505713], [-97.71882654727055, 30.368266766308693], [-97.71907351237762, 30.368854365938788], [-97.71977886371414, 30.36977750816856], [-97.7208802854933, 30.37065097395591], [-97.72186598334484, 30.371106286594326], [-97.72162999959224, 30.371440000011642], [-97.72151303974371, 30.3716457915973], [-97.72149167490564, 30.371798485170974], [-97.72152603033135, 30.372120380953284], [-97.72164111059276, 30.372324406073602], [-97.7216976401396, 30.372463745975296], [-97.72181575756038, 30.372821490826915], [-97.72202457392797, 30.373432763769127], [-97.72201760798352, 30.373931448129802], [-97.72193245125634, 30.3741791278531], [-97.72179394848747, 30.37446540120124], [-97.72157188389652, 30.374698956246824], [-97.72131883699168, 30.374869526363018], [-97.7208618549057, 30.375086959529295], [-97.72050156468757, 30.375113632171153], [-97.72005041355455, 30.37511577881351], [-97.72000527137133, 30.3746103637834], [-97.71991570664275, 30.374296772377345], [-97.71966525141609, 30.3738892071171], [-97.71926997842598, 30.37351836923801], [-97.71867838615151, 30.37315486536917], [-97.71800731666534, 30.372829418011964], [-97.71601216339833, 30.371902086425248], [-97.71378286619769, 30.37094971100798], [-97.71354406771506, 30.370837143460964], [-97.7132696118365, 30.370593485031712], [-97.71306363405341, 30.370475919196334], [-97.71232918765875, 30.37008116223504], [-97.71039240941182, 30.36919138309458], [-97.70839779520992, 30.36826638253621], [-97.70815762246485, 30.368204787976765], [-97.70742465636958, 30.36799707474721], [-97.7072308316331, 30.36791375531413], [-97.70618263474258, 30.367416007124167], [-97.7050853919498, 30.36690395356496], [-97.70447949494034, 30.366697785125087]]]]}, "properties": {"route_id": "PAH84", "district": "District 9", "garb_day": "Thursday", "op_type": "Auto", "supervisor": "Gilbert", "super_num": 697, "centroid_lat": 30.365753204705033, "centroid_lng": -97.7096027156116}}, {"type": "Feature", "geometry": {"type": "MultiPolygon", "coordinates": [[[[-97.70265327765735, 30.380761645153964], [-97.70193633665288, 30.380746319535525], [-97.70165557546309, 30.380920948209585], [-97.70094225177004, 30.38054400731901], [-97.70097986350756, 30.380491425013123], [-97.70144942778337, 30.379767687602705], [-97.70198000221073, 30.378739606515133], [-97.70188649620509, 30.377916570378066], [-97.7013423160995, 30.377318892546374], [-97.70055755236925, 30.37700728566049], [-97.70023328958914, 30.37729291292869], [-97.70017846526301, 30.377411087043853], [-97.69989408853428, 30.376910781772658], [-97.69939930783883, 30.37688760669807], [-97.69864302748941, 30.376545034517473], [-97.69893432500223, 30.376126237760502], [-97.69376999969096, 30.373640000133417], [-97.69168000019238, 30.37264999979506], [-97.6916780095455, 30.372649187602534], [-97.69172877734104, 30.372557172738855], [-97.69243743816787, 30.371331156667154], [-97.69320169019137, 30.369914075190664], [-97.69442496585012, 30.367554136873203], [-97.69449698815076, 30.367432184751276], [-97.69515393363768, 30.36631978849325], [-97.69623403815312, 30.364402460427957], [-97.69694353655466, 30.36314149263359], [-97.6969635518409, 30.363098347997468], [-97.69696575269892, 30.363093603065863], [-97.69716576010144, 30.363188434951113], [-97.70139121098524, 30.36523739869641], [-97.70154883622737, 30.365311939384245], [-97.70151999975883, 30.365360000399317], [-97.70055999976027, 30.36691000024581], [-97.70044999991867, 30.36706999997935], [-97.70020000023507, 30.367770000190202], [-97.69969000024426, 30.368790000387385], [-97.69970999985428, 30.369030000079857], [-97.69976999965851, 30.369140000174554], [-97.69995000002686, 30.369320000265223], [-97.7003300000196, 30.369550000258993], [-97.70103000022837, 30.36990000001172], [-97.70145000002132, 30.37016000014206], [-97.70167999962386, 30.370360000143016], [-97.70189999994204, 30.370619999937727], [-97.70313999958199, 30.372070000295725], [-97.7033700000563, 30.3723300003654], [-97.70365999959128, 30.372860000090295], [-97.70403999985055, 30.374020000307546], [-97.70429768929789, 30.374701380898962], [-97.70465540385356, 30.375288250009714], [-97.7050799996828, 30.376020000321446], [-97.70641896758899, 30.37847810548282], [-97.70641999963478, 30.378480000212043], [-97.70642206567557, 30.37847877846173], [-97.70641932816763, 30.378482317669114], [-97.70642327256908, 30.378481099131903], [-97.70673999982546, 30.379090000232075], [-97.7072599999844, 30.379559999823755], [-97.70780970338001, 30.380079784779845], [-97.70746697659142, 30.380424513203238], [-97.70720894958448, 30.380759355638574], [-97.70687524098874, 30.381251946777052], [-97.70648044224848, 30.381850157972917], [-97.70606549007778, 30.38241188983303], [-97.70265327765735, 30.380761645153964]]]]}, "properties": {"route_id": "PH11", "district": "District 6", "garb_day": "Thursday", "op_type": "Semi", "supervisor": "L Joyner", "super_num": 800, "centroid_lat": 30.37267285822211, "centroid_lng": -97.69955554803462}}, {"type": "Feature", "geometry": {"type": "MultiPolygon", "coordinates": [[[[-97.68776722813875, 30.382568851338632], [-97.68707979630094, 30.382252914155107], [-97.68630524512416, 30.38189693130324], [-97.6863044525664, 30.38189656678573], [-97.68625488449392, 30.381873785089958], [-97.68618076008956, 30.38174957422953], [-97.68613965791272, 30.381739542030203], [-97.68521259079087, 30.38115112524984], [-97.68479630721487, 30.380939216227137], [-97.68341089865982, 30.380157202620612], [-97.68340556815483, 30.380154193548258], [-97.68340040105801, 30.38015586304787], [-97.68267164263855, 30.379747730477305], [-97.68260517792096, 30.37970117587219], [-97.68260121150186, 30.379655912535302], [-97.68254330108412, 30.379677306557], [-97.6818704730896, 30.379320024670456], [-97.68130974370999, 30.379055418508973], [-97.68102181699471, 30.37891392240762], [-97.68061329927652, 30.378739738034618], [-97.68061025025914, 30.378740982023558], [-97.6801443951364, 30.37853820315358], [-97.67989991172256, 30.37843320570888], [-97.6799005697119, 30.378432351259963], [-97.67750041743874, 30.377400436989923], [-97.67686039891693, 30.377174856469168], [-97.67646058387383, 30.37711939187841], [-97.67616970739405, 30.377060284720326], [-97.67612218970467, 30.377048383592882], [-97.6773605513417, 30.375157300136966], [-97.67972443799208, 30.371376098680933], [-97.68034525012546, 30.371637208044575], [-97.68130099999986, 30.3720361745692], [-97.68276999954973, 30.37262999980671], [-97.68392999968144, 30.37314000029773], [-97.68500999971474, 30.373659999999376], [-97.68595999984785, 30.374100000352772], [-97.68871999975647, 30.375409999893336], [-97.68976999999819, 30.37589000008818], [-97.68977264991692, 30.375890749515115], [-97.69010137417732, 30.375319385433745], [-97.69075852838664, 30.374135999664233], [-97.69120925888078, 30.373498770898145], [-97.6916780095455, 30.372649187602534], [-97.69168000019238, 30.37264999979506], [-97.69376999969096, 30.373640000133417], [-97.69893432500223, 30.376126237760502], [-97.69864302748941, 30.376545034517473], [-97.69939930783883, 30.37688760669807], [-97.69989408853428, 30.376910781772658], [-97.70017846526301, 30.377411087043853], [-97.70023328958914, 30.37729291292869], [-97.70055755236925, 30.37700728566049], [-97.7013423160995, 30.377318892546374], [-97.70188649620509, 30.377916570378066], [-97.70198000221073, 30.378739606515133], [-97.70144942778337, 30.379767687602705], [-97.70097986350756, 30.380491425013123], [-97.70094225177004, 30.38054400731901], [-97.70094037421289, 30.380543015624514], [-97.70027457575574, 30.381336046086222], [-97.69907214957969, 30.382900876124584], [-97.69858999978415, 30.383060000271982], [-97.69823000005445, 30.382890000403467], [-97.69788999983211, 30.382769999872654], [-97.69788843391532, 30.38277053426412], [-97.69754633658616, 30.382720165223567], [-97.69702200048353, 30.382710563028365], [-97.69593999960517, 30.382690000384294], [-97.69533999975374, 30.38268999990758], [-97.69477999970567, 30.38268999998259], [-97.69411999964127, 30.38269000024851], [-97.69303999981663, 30.38429000018396], [-97.69286999995863, 30.384720000081273], [-97.69285547560636, 30.38477446579371], [-97.69285344538622, 30.384773696288313], [-97.69246497291537, 30.384626490022526], [-97.69247217929878, 30.384613935457633], [-97.69213458812229, 30.384499567378306], [-97.6901070091123, 30.383552532709327], [-97.68924894212581, 30.383112388432018], [-97.68866420459551, 30.382858928145048], [-97.68776722813875, 30.382568851338632]]]]}, "properties": {"route_id": "PH12", "district": "District 6", "garb_day": "Thursday", "op_type": "Semi", "supervisor": "L Joyner", "super_num": 800, "centroid_lat": 30.377997670049066, "centroid_lng": -97.68960924648928}}, {"type": "Feature", "geometry": {"type": "MultiPolygon", "coordinates": [[[[-97.7887885869193, 30.505661876924577], [-97.78803157783366, 30.505223365116397], [-97.78715863191142, 30.505206063942314], [-97.78621114112617, 30.504925103618625], [-97.78567512388157, 30.504750553105218], [-97.7845611677393, 30.50445089941869], [-97.78439457830908, 30.504401334617604], [-97.78437162862133, 30.50439420075728], [-97.78436320380553, 30.504420315222582], [-97.78411661608526, 30.504304411793164], [-97.7849319193051, 30.502060784184675], [-97.786420394819, 30.497487311711748], [-97.78769631121428, 30.49481934330576], [-97.78661963911513, 30.492185419837124], [-97.77933004847768, 30.49446485113001], [-97.77853321555499, 30.491428340756077], [-97.77326402528702, 30.492587229279852], [-97.77315965935932, 30.49261229911576], [-97.77219112241572, 30.490139254364074], [-97.77134148743099, 30.487950398136743], [-97.78954998018311, 30.481951138927155], [-97.793122798123, 30.480898202022434], [-97.79528932246225, 30.480161601324916], [-97.79544126309366, 30.480115210665666], [-97.79627300207379, 30.47994338894454], [-97.79672360801175, 30.479875699583996], [-97.79706078407041, 30.479898880245724], [-97.79804178614333, 30.48009716961499], [-97.79861147135634, 30.480155000218964], [-97.80130073932006, 30.480165335276634], [-97.80179741971111, 30.480083093615338], [-97.80236178015521, 30.479913689716742], [-97.80336489226197, 30.4793777127246], [-97.80343999989323, 30.479480000136284], [-97.80349804590365, 30.479548141230296], [-97.80331824789738, 30.479652452044423], [-97.80508372595492, 30.48194225928703], [-97.80538509962376, 30.48240749698458], [-97.80556139519321, 30.482738256245803], [-97.80557955287047, 30.482779964754542], [-97.80593577544073, 30.483598226344277], [-97.80644491445857, 30.484768883493537], [-97.80673733947201, 30.485639739371823], [-97.80673980663545, 30.48564189272454], [-97.80692123659051, 30.486022317893305], [-97.80695937108906, 30.48610776659487], [-97.8069979724399, 30.486263169542376], [-97.8071694209664, 30.48669371554458], [-97.80750619657992, 30.487543204720502], [-97.80734677016817, 30.487597828479], [-97.80713297422798, 30.487672315336976], [-97.80692273153493, 30.487763101363562], [-97.80668482643544, 30.48790369570045], [-97.80639557184459, 30.488151399359175], [-97.80622834929687, 30.488361378227804], [-97.8059253623223, 30.488953083197604], [-97.80522665604697, 30.49042539400195], [-97.80530271020952, 30.491450819920708], [-97.80571384549894, 30.492191712050875], [-97.80577800791612, 30.49302298546954], [-97.80562087603683, 30.494691502908324], [-97.80624742209804, 30.494770035392545], [-97.80614512875829, 30.494999513257387], [-97.80596916603913, 30.49524717735433], [-97.80545194625572, 30.495648382817734], [-97.80528878076466, 30.49568430212087], [-97.80515442883004, 30.495747612864847], [-97.80495939360604, 30.495808993562218], [-97.80482190065858, 30.49593244267555], [-97.80466016546124, 30.49598459866911], [-97.80442107226568, 30.495990140735277], [-97.80426474656517, 30.49594862283448], [-97.80406083606088, 30.495975773027187], [-97.80388159598351, 30.496036758154872], [-97.80369986916503, 30.496067993522875], [-97.80365074263868, 30.49595733784454], [-97.80363981804366, 30.495959702306763], [-97.80243553047357, 30.49641255203114], [-97.7997903873039, 30.497812443884634], [-97.79782759789734, 30.499387093067398], [-97.7972990463955, 30.500001843595847], [-97.79707840275185, 30.500421000028314], [-97.79671380493201, 30.501442331239694], [-97.79634605583112, 30.502140922756034], [-97.79542962692041, 30.503332855403993], [-97.79410745076667, 30.50401257904672], [-97.79329743792002, 30.504258737941882], [-97.79253870435214, 30.504768081843352], [-97.79199159756628, 30.505200938588594], [-97.79137731021561, 30.505531627689678], [-97.79065034992468, 30.505718912505845], [-97.79015883537087, 30.505810018476268], [-97.78929699098892, 30.50581311880908], [-97.7887885869193, 30.505661876924577]]]]}, "properties": {"route_id": "PAW02", "district": "District 3", "garb_day": "Wednesday", "op_type": "Auto", "supervisor": "Herrera", "super_num": null, "centroid_lat": 30.49101623232843, "centroid_lng": -97.79210067312887}}, {"type": "Feature", "geometry": {"type": "MultiPolygon", "coordinates": [[[[-97.74744298280052, 30.514008892119172], [-97.74568062890528, 30.509653188505865], [-97.7451490972223, 30.508409788401497], [-97.74496812678345, 30.50798651038656], [-97.74496793327577, 30.507781847071787], [-97.74411150183114, 30.50591540227068], [-97.74532798624728, 30.50553711288731], [-97.74641963302227, 30.50517218123063], [-97.74599598464941, 30.504145381389208], [-97.74477253067775, 30.50117543421907], [-97.74714416425022, 30.50057249667043], [-97.75029027202056, 30.49978521857993], [-97.750253234628, 30.499672972741454], [-97.75021761321082, 30.499546344346857], [-97.75019092682024, 30.49943006845668], [-97.75015690854467, 30.499229144517283], [-97.7501384540401, 30.498961735629205], [-97.75014191037594, 30.498773490125238], [-97.75016903895022, 30.498523621217707], [-97.75023660771656, 30.498216752089856], [-97.75028631342444, 30.49806305415482], [-97.75042482531802, 30.497743515098506], [-97.75055866060207, 30.497509801738545], [-97.75069912472463, 30.497309110806537], [-97.75083780640146, 30.497142370737574], [-97.75162522638857, 30.496316149119657], [-97.75174811859377, 30.496171151608962], [-97.75183387095132, 30.496054832539393], [-97.7519279071321, 30.495911510250053], [-97.75262702889417, 30.496182687658685], [-97.75273642871402, 30.496210201813778], [-97.75286334431107, 30.49622678553271], [-97.75298519934591, 30.49622557060372], [-97.75309289898044, 30.496213021346534], [-97.75315034712798, 30.49620031458309], [-97.75392045351094, 30.495998039417454], [-97.75599281022862, 30.501872071193812], [-97.75599677439533, 30.50187975267782], [-97.75599555784837, 30.501880142174194], [-97.75604926427664, 30.502037901533694], [-97.7568481358217, 30.501764649773012], [-97.75872131068449, 30.501187555932496], [-97.75882113924898, 30.501570821787887], [-97.75940555933956, 30.505147370342534], [-97.75932074595954, 30.508320637665474], [-97.75882981690542, 30.508329622450535], [-97.75770644208251, 30.509016800088453], [-97.75753466455666, 30.50919968417437], [-97.75746719449512, 30.509270911977428], [-97.75671262021955, 30.5100733278382], [-97.75666561529198, 30.510180394572895], [-97.75666002394995, 30.510180269058154], [-97.75666532320422, 30.510212367181193], [-97.75636881906242, 30.51091569304624], [-97.75584674229721, 30.51174672985148], [-97.75548405860619, 30.512328510047062], [-97.75516975710354, 30.512658806899978], [-97.75472637682884, 30.513142792732854], [-97.75393445269022, 30.513679886923324], [-97.75296147101251, 30.51423738280349], [-97.75279365556784, 30.514282098156812], [-97.75255645343596, 30.51432541931494], [-97.75226277570796, 30.514403670113627], [-97.75222053613368, 30.514405257049287], [-97.7522237226724, 30.51441802440525], [-97.7518404814674, 30.514542412306874], [-97.75169420516238, 30.514616899436177], [-97.7511183091976, 30.514906449749585], [-97.75001222601355, 30.51545359134811], [-97.7490413308066, 30.51620714452447], [-97.74854800550973, 30.516620708414568], [-97.74744298280052, 30.514008892119172]]]]}, "properties": {"route_id": "PAW03", "district": "District 3", "garb_day": "Wednesday", "op_type": "Auto", "supervisor": "Herrera", "super_num": null, "centroid_lat": 30.506216689794496, "centroid_lng": -97.75178745988411}}, {"type": "Feature", "geometry": {"type": "MultiPolygon", "coordinates": [[[[-97.75599281022862, 30.501872071193812], [-97.75392045351094, 30.495998039417454], [-97.75384247328235, 30.495776992203332], [-97.75337927838432, 30.495921846000282], [-97.74951966470545, 30.486172042003666], [-97.75259091037051, 30.486154340296064], [-97.75240862315793, 30.485187281765377], [-97.75535817235681, 30.48501544157042], [-97.7564098273572, 30.48800547457532], [-97.75641256933918, 30.4880130208075], [-97.75461585210267, 30.48857526488177], [-97.75627741190407, 30.492618043527795], [-97.75667789537974, 30.492466682737785], [-97.75668249122783, 30.492466509730697], [-97.75671785946709, 30.492446987086826], [-97.75931297680806, 30.49159162589617], [-97.7595118533565, 30.49151043605008], [-97.75995080085008, 30.491452189911037], [-97.76002906133091, 30.491430541473626], [-97.7661046831032, 30.48974972300598], [-97.7669229476093, 30.491792440067563], [-97.76712365586543, 30.4928041554224], [-97.76763038920919, 30.493723404541875], [-97.76926794507258, 30.497635752745005], [-97.77159346639424, 30.497065486409426], [-97.77407579451302, 30.496379173678445], [-97.77434398971204, 30.4958110525026], [-97.77431428432692, 30.49570943706562], [-97.7744042453725, 30.495677554901558], [-97.77390570261804, 30.494461092850585], [-97.77315965935932, 30.49261229911576], [-97.77326402528702, 30.492587229279852], [-97.77853321555499, 30.491428340756077], [-97.77972693158029, 30.495977189851757], [-97.77903056745257, 30.49685361548762], [-97.779047446392, 30.496922328472614], [-97.77845714726735, 30.497103735321108], [-97.77670545460542, 30.497747909777065], [-97.77496092656439, 30.49841963914439], [-97.77289807426816, 30.499146730065913], [-97.77237528402769, 30.499312905884338], [-97.77156997306119, 30.499443973466082], [-97.7707532143782, 30.499413229325874], [-97.76993785402502, 30.499282361133634], [-97.76837876790395, 30.49866034022693], [-97.76780505762237, 30.498462660252553], [-97.76697231764071, 30.49836365649309], [-97.76656245025099, 30.498380534431128], [-97.7660719504682, 30.498474585437545], [-97.76555772938724, 30.498682758259697], [-97.7649946985464, 30.499015294526014], [-97.76409096861784, 30.499717038165496], [-97.76364172494566, 30.499969477525124], [-97.7632617653751, 30.500105122591943], [-97.76310879362215, 30.500138693317357], [-97.76243636497237, 30.500248598924756], [-97.76112892572304, 30.500471303819804], [-97.76020825398946, 30.500729429203876], [-97.75872131068449, 30.501187555932496], [-97.7568481358217, 30.501764649773012], [-97.75604926427664, 30.502037901533694], [-97.75599555784837, 30.501880142174194], [-97.75599677439533, 30.50187975267782], [-97.75599281022862, 30.501872071193812]]]]}, "properties": {"route_id": "PAW04", "district": "District 3", "garb_day": "Wednesday", "op_type": "Auto", "supervisor": "Herrera", "super_num": null, "centroid_lat": 30.494559407638903, "centroid_lng": -97.76257178875312}}, {"type": "Feature", "geometry": {"type": "MultiPolygon", "coordinates": [[[[-97.81574997171715, 30.42514024530343], [-97.80887498213369, 30.421171942672252], [-97.80956162646484, 30.420135030926776], [-97.80954733247974, 30.41985290120875], [-97.80953402201096, 30.41953321101549], [-97.8095271039366, 30.418969377736246], [-97.80898930174207, 30.41880848087793], [-97.80849131335836, 30.418803267239035], [-97.80767402803544, 30.418915506587645], [-97.80708376274926, 30.418839727807935], [-97.80641950527527, 30.418762489386104], [-97.80643575609645, 30.41862669702734], [-97.80598395352098, 30.418433108959114], [-97.8074093544834, 30.416221964680055], [-97.81251479867929, 30.415815027021594], [-97.81419141639884, 30.41304825730398], [-97.81430554727508, 30.413102036011608], [-97.81509138201687, 30.413367098225603], [-97.81569324328247, 30.412435575789683], [-97.81603157447871, 30.411917837436196], [-97.81699735909382, 30.41046442418229], [-97.81702596747814, 30.410401727865484], [-97.81742423928507, 30.409793465946642], [-97.81745150837338, 30.409722492333845], [-97.81618437781414, 30.409128326604357], [-97.81474832671582, 30.408434571526396], [-97.81360263333362, 30.407875519441536], [-97.8122125167471, 30.40719693894087], [-97.81081383902445, 30.406520072432958], [-97.81153325332508, 30.40539833064268], [-97.81234139923218, 30.404167353118495], [-97.8123578009023, 30.40414074987775], [-97.81241350236343, 30.404092167407086], [-97.81334150722479, 30.402686675309813], [-97.81509097584575, 30.403256298602727], [-97.81591945480702, 30.40193436524189], [-97.81801164301713, 30.402893012040924], [-97.81961638092142, 30.40044527454213], [-97.82465171907133, 30.400428970314593], [-97.82465541172216, 30.400287057536943], [-97.82495575846927, 30.40028504150643], [-97.82522943506684, 30.40025883900299], [-97.8252718345022, 30.40037798890313], [-97.8314516036252, 30.39963883930955], [-97.83172600092324, 30.399234011080612], [-97.8317420511439, 30.39896613044045], [-97.83161799310417, 30.398837502822705], [-97.83154543714238, 30.398828200086673], [-97.83138438549517, 30.398722515066215], [-97.8312884314568, 30.398562882952493], [-97.83127453814033, 30.398396963088597], [-97.83113101757708, 30.39814174654142], [-97.83200333508327, 30.397488271739654], [-97.83219923806757, 30.39730277737013], [-97.83260370940405, 30.39714501274558], [-97.83260616328985, 30.3970504039719], [-97.83268280798833, 30.39690202479397], [-97.83280170418635, 30.397054215029883], [-97.83318154682729, 30.39679342368489], [-97.83354708136842, 30.3963824795958], [-97.83343130127336, 30.396285567423508], [-97.83328323074088, 30.39603026494768], [-97.8331337299852, 30.395830150480457], [-97.83318411071687, 30.395641819220653], [-97.83328456210228, 30.395628000656284], [-97.83338317365, 30.395685138433965], [-97.83378620592718, 30.395582558191357], [-97.83374338899719, 30.395479179443157], [-97.83382830777646, 30.3953625132572], [-97.8339796487252, 30.395491670066118], [-97.83429244825425, 30.395710740183087], [-97.83477314145458, 30.3954203565494], [-97.83435406558091, 30.395088785072925], [-97.83425177564916, 30.395173561072212], [-97.83418831690193, 30.395164437063087], [-97.83409798256542, 30.395139013300096], [-97.83405496112678, 30.395043518863336], [-97.83407580748109, 30.394941380355753], [-97.83415827279462, 30.394919322575394], [-97.8341603163809, 30.394840481939067], [-97.8342078336348, 30.394762527072583], [-97.83430082415697, 30.394685457919948], [-97.83439217982168, 30.394671461094198], [-97.83449988562408, 30.394728775147968], [-97.83454157691273, 30.39452449823293], [-97.83472326627876, 30.394535924621863], [-97.83500355622317, 30.39478048902457], [-97.8351740820961, 30.394783809451294], [-97.83529000014414, 30.3946997910114], [-97.83557420949174, 30.394705324291248], [-97.83575746235825, 30.39467874663837], [-97.83593083187374, 30.394763858189716], [-97.83706642772111, 30.392151020685475], [-97.83817986518073, 30.392115946891124], [-97.84020464284927, 30.39226877501056], [-97.84123801435538, 30.392799448663425], [-97.84207516475271, 30.393326303471202], [-97.84338191760871, 30.393408403780278], [-97.84448512141063, 30.39377020691194], [-97.84576701194153, 30.394816260179987], [-97.84654025499408, 30.395285113200966], [-97.8486012983156, 30.396573168566768], [-97.84949517012265, 30.397441469671417], [-97.85238455549114, 30.40214946756411], [-97.85339913817889, 30.403417203749594], [-97.85378727005391, 30.403594903354772], [-97.85513189550826, 30.404755536841897], [-97.85532781366224, 30.404811959986727], [-97.85583284839703, 30.40512849661905], [-97.85646906215008, 30.405527690644753], [-97.85663657951424, 30.405597633002746], [-97.8573223785174, 30.40586436194319], [-97.85773296941767, 30.40605906899593], [-97.8579288611262, 30.406222949496794], [-97.85810799926328, 30.406439873622578], [-97.85830423473777, 30.40659041837906], [-97.85853192501207, 30.40671488592917], [-97.85883722437009, 30.406814166159762], [-97.85904953105805, 30.406938336109132], [-97.85948884653175, 30.40721364191419], [-97.85979861408576, 30.407382531134804], [-97.86014286882241, 30.407519768113143], [-97.86059894317863, 30.407742025931743], [-97.86123929736175, 30.407981174175163], [-97.8614526354872, 30.40806533460743], [-97.86178529335172, 30.40829855238756], [-97.86205675440314, 30.408517248952453], [-97.86247933340701, 30.40884558897193], [-97.8627641322452, 30.409144591401628], [-97.86301166985525, 30.40969636939818], [-97.86309988095526, 30.40985816870414], [-97.86317168196253, 30.410059677351644], [-97.86340418051577, 30.41059782325271], [-97.86363941472938, 30.41102928722574], [-97.86383122729326, 30.411353181010124], [-97.86402406589121, 30.41163706893893], [-97.86414236852183, 30.411826130034637], [-97.86433623360246, 30.41207001192499], [-97.86453009966402, 30.412313893524004], [-97.86477198259074, 30.41250729348555], [-97.86502826660191, 30.412697045927345], [-97.8652321169113, 30.412807262358875], [-97.86553053404054, 30.41292017406158], [-97.8659110825965, 30.4130875928317], [-97.8662094767571, 30.41332464626766], [-97.86640994153643, 30.41344406948724], [-97.8667077635339, 30.413836705356466], [-97.86682641532859, 30.414012428789828], [-97.8668681376376, 30.414186673540076], [-97.86707262400333, 30.414617539815957], [-97.86734036236163, 30.414982912435566], [-97.86757937702598, 30.41526768202783], [-97.86769643994127, 30.415480698771024], [-97.86799611329943, 30.415835880569016], [-97.86833951937479, 30.41624289161314], [-97.86853135810085, 30.416566778413763], [-97.86871910670476, 30.417050687386357], [-97.86509422818163, 30.422562193599084], [-97.8650535850015, 30.422557820080975], [-97.86487849513878, 30.422872894735512], [-97.8645880582916, 30.423320616360265], [-97.86426044315287, 30.423858283776777], [-97.86347967994065, 30.425082189928805], [-97.86273539539293, 30.426216359142526], [-97.86183674261441, 30.427663574040757], [-97.86141708755552, 30.428134288228815], [-97.86039320453516, 30.427756289604666], [-97.85965767230847, 30.4282249488308], [-97.86326140717163, 30.434141039554692], [-97.85628794506661, 30.437350552553344], [-97.85417268942959, 30.436533451977095], [-97.8539814621405, 30.43594884441158], [-97.85136658585346, 30.435197968979068], [-97.84937121082986, 30.435963463238547], [-97.84921626820962, 30.436167972748247], [-97.84896421513648, 30.436655926138716], [-97.84809454247166, 30.43671690611702], [-97.84768636696157, 30.43629398615883], [-97.84615602194225, 30.4344916626646], [-97.84608548937695, 30.43436227184468], [-97.84601029680213, 30.434252287348812], [-97.84574311510394, 30.43336752572983], [-97.84510225520613, 30.432915311784537], [-97.84459638613589, 30.432405772038464], [-97.84448515604089, 30.432658956885717], [-97.84394624493903, 30.434021195887002], [-97.8437181080101, 30.43459785947484], [-97.8433540868055, 30.43540741522211], [-97.84287271923733, 30.43647002114443], [-97.84253541563363, 30.437214594727635], [-97.84235199104386, 30.43762274578487], [-97.84212759006003, 30.438122521729365], [-97.84186262281021, 30.438712637894717], [-97.84172012632766, 30.439029992688525], [-97.84157866868206, 30.4393450316608], [-97.84143903083654, 30.43965601560219], [-97.84128974161382, 30.439988491497687], [-97.84092320965725, 30.439508594350347], [-97.84123043974695, 30.43901244367954], [-97.84172271027867, 30.4382387129277], [-97.84088628683104, 30.43787246787735], [-97.83921784030612, 30.43714188026564], [-97.83901011147327, 30.437046655890974], [-97.83888669939326, 30.437175531756775], [-97.83823281036868, 30.437800414605586], [-97.83675625084481, 30.439252334521196], [-97.83354003464403, 30.438090944664363], [-97.8330268642075, 30.438981382578447], [-97.835387341273, 30.440019150470057], [-97.83530250203239, 30.44013793355147], [-97.8329418392609, 30.439107244881523], [-97.83065677242955, 30.43809837143365], [-97.82970849309972, 30.437674041892375], [-97.82965563323731, 30.4377620632473], [-97.82964078590503, 30.43778377618716], [-97.82943349391174, 30.4380657657679], [-97.82910150399678, 30.43850484075612], [-97.8288204778686, 30.43890640488708], [-97.82844308133602, 30.439443603800253], [-97.82812089459777, 30.43995854205634], [-97.82810572813729, 30.439982781851505], [-97.82810241292489, 30.439988080387977], [-97.8280999387665, 30.439992034709732], [-97.82326948280384, 30.43718161705916], [-97.82340728440693, 30.437006979806313], [-97.82396894332312, 30.435895771273497], [-97.82433197460756, 30.435357690631804], [-97.82452104345549, 30.43516852517155], [-97.8245289115506, 30.435163648057213], [-97.82456199554423, 30.434992380595297], [-97.82494908350063, 30.4347732289816], [-97.82533059761657, 30.434639233348086], [-97.82587220886077, 30.434234561760753], [-97.82489915440334, 30.432671990435203], [-97.82019472305772, 30.427705423943042], [-97.81574997171715, 30.42514024530343]]]]}, "properties": {"route_id": "PAW82", "district": "District 3", "garb_day": "Wednesday", "op_type": "Auto", "supervisor": "Gilbert", "super_num": 697, "centroid_lat": 30.417143837270025, "centroid_lng": -97.83879512450206}}, {"type": "Feature", "geometry": {"type": "MultiPolygon", "coordinates": [[[[-97.80800106148233, 30.43418474050719], [-97.80876665020699, 30.43089278025621], [-97.8103113697123, 30.429600468624425], [-97.81080999999999, 30.42983999999936], [-97.81078982487647, 30.429698800312774], [-97.81100455340791, 30.429336195694336], [-97.81387270388774, 30.428440763172738], [-97.81457809812949, 30.428052941683514], [-97.81589014291835, 30.430848553681578], [-97.8139651084588, 30.434796709171863], [-97.8147253964971, 30.43833886870744], [-97.81472167372023, 30.438339004417827], [-97.81432704513004, 30.438925331081162], [-97.81407284599571, 30.43931026045468], [-97.81354707546906, 30.44010641436792], [-97.81340086946157, 30.440326320693924], [-97.8131359252201, 30.440747419888627], [-97.81287004173647, 30.44117400079725], [-97.81276658567076, 30.44133698899599], [-97.81253306957754, 30.441709198289193], [-97.81233019244159, 30.4420325030328], [-97.81222406744779, 30.44220643972752], [-97.8121503131454, 30.44232600557652], [-97.81206702992547, 30.44247261690291], [-97.81264430589059, 30.44276818790061], [-97.81369168096391, 30.44327668533654], [-97.8138918904371, 30.443356410669686], [-97.81437242308861, 30.44358849091166], [-97.81226772500999, 30.446847100405623], [-97.81225108494682, 30.447088802478106], [-97.81204262083199, 30.447079207601703], [-97.81172376198268, 30.44710319819312], [-97.8114526380369, 30.4471226251155], [-97.81064395270117, 30.44718374488683], [-97.81013112370655, 30.447220421538734], [-97.80953234213237, 30.44726640764651], [-97.80924059441524, 30.447285424445102], [-97.80893889520382, 30.447290493238903], [-97.808353090863, 30.447295474108103], [-97.8080800183509, 30.447298353622966], [-97.8078870577335, 30.447302808630017], [-97.80755862046846, 30.447306383666504], [-97.80737293711348, 30.44730840445616], [-97.80716706050687, 30.447310644694696], [-97.80684163756322, 30.4473124913788], [-97.80637163830077, 30.447319742345634], [-97.80613505226874, 30.447323335953342], [-97.80587546379252, 30.447326476238153], [-97.80562467246355, 30.447327038888965], [-97.80537460220555, 30.447330365581774], [-97.80517226739207, 30.447329131245308], [-97.80491981755198, 30.44733241018863], [-97.80461905542295, 30.447331986631188], [-97.80409757089707, 30.44733546475121], [-97.80406404012639, 30.44737330876065], [-97.80387439623428, 30.447372322427032], [-97.80382622883323, 30.44733286865237], [-97.80382810437935, 30.447291650617615], [-97.80342407354307, 30.447293844343477], [-97.80229624409893, 30.447299961277714], [-97.80212873737953, 30.447302159165115], [-97.80219032344105, 30.447132852811336], [-97.80155166521304, 30.447125759142292], [-97.80107957585163, 30.447121948167375], [-97.80019872233156, 30.447104569282164], [-97.79774952372084, 30.44406030026239], [-97.79773525258356, 30.44281093380231], [-97.79759510721024, 30.44273113488614], [-97.79759504763761, 30.442731171592882], [-97.79866630187053, 30.44055078507364], [-97.79937900221417, 30.4407472570454], [-97.79955301888916, 30.440620074622466], [-97.80462010808048, 30.44072288111864], [-97.80610877722543, 30.439513981891754], [-97.80824405649696, 30.439896324536825], [-97.80912424492739, 30.43779429161822], [-97.80852705491787, 30.43471843307035], [-97.80800106148233, 30.43418474050719]]]]}, "properties": {"route_id": "PAW84", "district": "District 3", "garb_day": "Wednesday", "op_type": "Auto", "supervisor": "Gilbert", "super_num": 697, "centroid_lat": 30.440002614186415, "centroid_lng": -97.8082411853619}}, {"type": "Feature", "geometry": {"type": "MultiPolygon", "coordinates": [[[[-97.80800106155745, 30.434184740652505], [-97.80740457598193, 30.433579514418724], [-97.80721009429693, 30.433580026386796], [-97.80638995154865, 30.432517486648855], [-97.80633832997846, 30.432428440051034], [-97.80624236026516, 30.43218961878842], [-97.80593719704093, 30.431575653887855], [-97.80582125202693, 30.43120030660359], [-97.80562425206128, 30.431230085644074], [-97.80530469074034, 30.43121073975552], [-97.80503131926773, 30.431153146540552], [-97.80392044780568, 30.43076926569475], [-97.80431043564343, 30.429990021333115], [-97.80469855128159, 30.42923115875538], [-97.80477725629905, 30.429027459363834], [-97.80481464305913, 30.42883041120414], [-97.80483809982395, 30.428605653737655], [-97.80478624593354, 30.428306368622785], [-97.80469139144995, 30.428039714899327], [-97.80457555588265, 30.42776960391171], [-97.80436238530565, 30.427513227159164], [-97.80420827293909, 30.42737027796274], [-97.8039065071164, 30.426552461114255], [-97.80312257464078, 30.426821068699997], [-97.80300705232156, 30.426786688781245], [-97.80195841114976, 30.426953897800896], [-97.7988447861549, 30.425500998679915], [-97.79700470687064, 30.428196013649305], [-97.79645993331388, 30.428309027181715], [-97.7966167490357, 30.42877926202861], [-97.79514198134548, 30.430807487302083], [-97.79464923597921, 30.431573648939246], [-97.79411121797646, 30.431723313253933], [-97.79403672773724, 30.431264135726735], [-97.79006972533998, 30.429450926772812], [-97.7895696098274, 30.429004365310455], [-97.7894382985304, 30.4289353373055], [-97.78770137941254, 30.42754425209762], [-97.7876923007569, 30.427512034117974], [-97.7876776945389, 30.42751501630861], [-97.78771367185865, 30.4271276520974], [-97.78991242972337, 30.42523741566071], [-97.7935252605903, 30.42255905911405], [-97.7935342579862, 30.42229262889177], [-97.79363495769832, 30.42099564608903], [-97.79371804141589, 30.420868940375303], [-97.7951166511813, 30.420548237430474], [-97.79622067421688, 30.42007522926174], [-97.79672281485412, 30.42077647458231], [-97.79746574414628, 30.420623784881137], [-97.79783617905291, 30.421140105839847], [-97.79790166443692, 30.421128364746213], [-97.79804987964162, 30.421103789544077], [-97.7981727920828, 30.42107596401122], [-97.79822318287056, 30.421060457453287], [-97.79827595254636, 30.421044997866893], [-97.7983312456975, 30.421024087447005], [-97.79845170899213, 30.420968709982844], [-97.79852891819823, 30.420928980060683], [-97.79859199851076, 30.420883470377763], [-97.79867858293849, 30.420788918959662], [-97.79881606576599, 30.420629364808995], [-97.79889702672034, 30.420537452522236], [-97.79898944831902, 30.420462268483863], [-97.79908655527817, 30.420389927233252], [-97.79917212700231, 30.420333860103405], [-97.79930707906381, 30.420270516980235], [-97.79952118446164, 30.420183983576422], [-97.80001895957314, 30.419990286312466], [-97.80022823371638, 30.41990640671367], [-97.80028345355332, 30.419888244355395], [-97.80034256592721, 30.419872909130596], [-97.80056048827495, 30.41982220362742], [-97.80065283258466, 30.41981027444331], [-97.80083694484274, 30.419778153520685], [-97.80099510458967, 30.41976752285338], [-97.80127768649243, 30.41976209725479], [-97.80138884502797, 30.419758789733166], [-97.8014522816684, 30.419760041280707], [-97.80174733426456, 30.419763111662068], [-97.80220975771815, 30.41965432298839], [-97.8022505911323, 30.41959595820789], [-97.80236926314159, 30.419566962227105], [-97.80248246629961, 30.41954869205979], [-97.80268756602494, 30.419534126266946], [-97.8028414515819, 30.419541971464838], [-97.80301147733786, 30.419567587305803], [-97.80322390239488, 30.419620666847614], [-97.80350731799882, 30.41969415663283], [-97.80384380144703, 30.41978129869779], [-97.80404599680602, 30.41983765485539], [-97.80416273688908, 30.4198765288158], [-97.80438288047112, 30.419961470703036], [-97.80454810273098, 30.42002866810668], [-97.80472827953031, 30.420085912010755], [-97.80495309750198, 30.420165175283937], [-97.80496024386893, 30.420165099146804], [-97.8054081793077, 30.420254925685022], [-97.80568505738006, 30.420309701448616], [-97.80586394358912, 30.420352809198917], [-97.80595208237, 30.42038262058142], [-97.80602094372878, 30.42041182539545], [-97.80612823042874, 30.42046776552892], [-97.80626276027542, 30.42055790738872], [-97.8063822295621, 30.42066139887846], [-97.80647580593016, 30.42076810540918], [-97.8065474650037, 30.420872549137552], [-97.80661579648154, 30.420970124182514], [-97.80668973676916, 30.42104932853512], [-97.80673416227145, 30.421087137641088], [-97.80673886614979, 30.421100888185315], [-97.8067928948112, 30.421133162940418], [-97.80679557611903, 30.42113196033748], [-97.80713683838272, 30.42130897705904], [-97.80729474003319, 30.42140684073952], [-97.80740350648449, 30.421514007824072], [-97.80749245553898, 30.421648238962533], [-97.80760748640914, 30.421844323222615], [-97.80761512905796, 30.421850710933324], [-97.80769673626499, 30.421976081542418], [-97.80771635528146, 30.422007981877126], [-97.80773097970436, 30.422031761916156], [-97.80776926009989, 30.422084771400204], [-97.80781150543069, 30.42213785889722], [-97.8078585814273, 30.42221854467735], [-97.80809770508131, 30.42238826944773], [-97.80817404891575, 30.422442027754336], [-97.80828852882148, 30.422524039582637], [-97.80842507164252, 30.422619937682676], [-97.80842953828443, 30.422623075188216], [-97.80852051063471, 30.422481848116067], [-97.80838517820318, 30.422387973890068], [-97.80837478302084, 30.42240405510112], [-97.8082584676474, 30.42231400866932], [-97.80810416642548, 30.422213340183912], [-97.80803601229952, 30.422157023685013], [-97.80796420086061, 30.42208556578189], [-97.80788285854963, 30.421985829110216], [-97.80781964120007, 30.42189194034697], [-97.80772692251507, 30.42173846961365], [-97.80778573099565, 30.42171602739069], [-97.80871872489362, 30.4213806366219], [-97.80887498213369, 30.421171942672252], [-97.81574997171715, 30.42514024530343], [-97.81457288330037, 30.428041831105674], [-97.81457809817519, 30.428052941946646], [-97.81387270373564, 30.42844076343436], [-97.81100455327618, 30.429336195958054], [-97.81078982456607, 30.429698800106255], [-97.8108099997542, 30.429840000083832], [-97.81031136961325, 30.429600468926886], [-97.80876664997226, 30.430892780665612], [-97.80800106155745, 30.434184740652505]]]]}, "properties": {"route_id": "PAW83", "district": "District 3", "garb_day": "Wednesday", "op_type": "Auto", "supervisor": "Gilbert", "super_num": 697, "centroid_lat": 30.425587244904968, "centroid_lng": -97.8021180009014}}, {"type": "Feature", "geometry": {"type": "MultiPolygon", "coordinates": [[[[-97.78770137941254, 30.42754425209762], [-97.7894382985304, 30.4289353373055], [-97.7895696098274, 30.429004365310455], [-97.79006972533998, 30.429450926772812], [-97.79403672773724, 30.431264135726735], [-97.79411121797646, 30.431723313253933], [-97.79464923597921, 30.431573648939246], [-97.79514198134548, 30.430807487302083], [-97.7966167490357, 30.42877926202861], [-97.79645993331388, 30.428309027181715], [-97.79700470687064, 30.428196013649305], [-97.7988447861549, 30.425500998679915], [-97.80195841114976, 30.426953897800896], [-97.80300705232156, 30.426786688781245], [-97.80312257464078, 30.426821068699997], [-97.8039065071164, 30.426552461114255], [-97.80420827293909, 30.42737027796274], [-97.80436238530565, 30.427513227159164], [-97.80457555588265, 30.42776960391171], [-97.80469139144995, 30.428039714899327], [-97.80478624593354, 30.428306368622785], [-97.80483809982395, 30.428605653737655], [-97.80481464305913, 30.42883041120414], [-97.80477725629905, 30.429027459363834], [-97.80469855128159, 30.42923115875538], [-97.80431043564343, 30.429990021333115], [-97.80392044780568, 30.43076926569475], [-97.80503131926773, 30.431153146540552], [-97.80530469074034, 30.43121073975552], [-97.80562425206128, 30.431230085644074], [-97.80582125202693, 30.43120030660359], [-97.80593719704093, 30.431575653887855], [-97.80624236026516, 30.43218961878842], [-97.80633832997846, 30.432428440051034], [-97.80638995154865, 30.432517486648855], [-97.80721009429693, 30.433580026386796], [-97.80740457598193, 30.433579514418724], [-97.80800106155745, 30.434184740652505], [-97.80852705491782, 30.43471843307035], [-97.80912424492742, 30.43779429161826], [-97.80824405649702, 30.439896324536825], [-97.80610877722536, 30.439513981891754], [-97.80462010808041, 30.44072288111865], [-97.79955301888906, 30.44062007462249], [-97.79937900221414, 30.440747257045437], [-97.79866630187051, 30.440550785073693], [-97.79759504763769, 30.442731171592897], [-97.79731044661861, 30.442906533087037], [-97.79706375941751, 30.442990244322303], [-97.79675699956515, 30.44299188595592], [-97.79655372694256, 30.443114969394163], [-97.79661987895678, 30.44296606711979], [-97.79529248989896, 30.442190349788675], [-97.79275979315558, 30.441329732506833], [-97.7932740762979, 30.440538566112288], [-97.79348822867398, 30.439498425480473], [-97.79313626161243, 30.4386824352753], [-97.79119454053476, 30.43699652380823], [-97.79140789838178, 30.43636374442059], [-97.79133009143534, 30.436272848846365], [-97.79138303963836, 30.43456392179555], [-97.79017290338214, 30.433765951354708], [-97.79017094218536, 30.43376682588052], [-97.78920099523052, 30.43286549813501], [-97.78770137941254, 30.42754425209762]]]]}, "properties": {"route_id": "PAW81", "district": "District 3", "garb_day": "Wednesday", "op_type": "Auto", "supervisor": "Gilbert", "super_num": 697, "centroid_lat": 30.43454238254962, "centroid_lng": -97.79915571995906}}, {"type": "Feature", "geometry": {"type": "MultiPolygon", "coordinates": [[[[-97.74582908121123, 30.400433040474045], [-97.74635787713953, 30.394576045457246], [-97.74624845739072, 30.392706107503276], [-97.74593749566304, 30.391408566118365], [-97.74507518308593, 30.38954709163011], [-97.74510625504544, 30.38953622420084], [-97.74567687605307, 30.38933663792062], [-97.74700320425003, 30.38892559668542], [-97.74784092373834, 30.388779585174262], [-97.74858337768802, 30.38868255416057], [-97.74968245505377, 30.388410593806586], [-97.750020911371, 30.388379641656456], [-97.75338495194474, 30.38802244582959], [-97.75466181086456, 30.387925370750498], [-97.75580577380723, 30.387910591721496], [-97.75971533267482, 30.387970346403236], [-97.75974674875394, 30.38797082655649], [-97.76088032983672, 30.3879369095562], [-97.76168709934612, 30.387905874299104], [-97.76231133478277, 30.387776755724833], [-97.76245175193326, 30.38769746300231], [-97.76332862602516, 30.387202292777918], [-97.76432614632552, 30.386551889966864], [-97.76503762531739, 30.386009057392588], [-97.76598170217419, 30.38531980472407], [-97.76693427324068, 30.384723386845806], [-97.76703034546377, 30.384663234284858], [-97.7670338610779, 30.38466103321395], [-97.76775045092083, 30.38429346942927], [-97.77051887359477, 30.382873386094765], [-97.77083535132813, 30.382708430065406], [-97.77127037812642, 30.38248168150097], [-97.77135177122207, 30.382620171834386], [-97.77135211792537, 30.382620761875803], [-97.77143143589498, 30.38275571985261], [-97.77144819045415, 30.383089150939387], [-97.77145454264512, 30.38321557023521], [-97.77142449941898, 30.383459977270952], [-97.77131234714501, 30.383692536319963], [-97.77124211735766, 30.384119896603195], [-97.77127563742492, 30.384630998165363], [-97.77140748636916, 30.38542990471123], [-97.77155978108799, 30.385902543624894], [-97.77175280531857, 30.38617182235696], [-97.77276207210144, 30.386743237471055], [-97.77308428993487, 30.387025301509418], [-97.77323241128364, 30.38721201256879], [-97.77337809522376, 30.387490552875263], [-97.77354379712561, 30.387902204415372], [-97.77396854707689, 30.388757995941337], [-97.77402282121109, 30.388945264162885], [-97.77397101106286, 30.388957924366927], [-97.77402052853063, 30.389329237301986], [-97.77405452553077, 30.38956097834326], [-97.77411220523018, 30.389730066393348], [-97.77420074750046, 30.38988925000531], [-97.77428599435007, 30.39000323608376], [-97.77440413383626, 30.39012312674258], [-97.77474306818885, 30.39038050744033], [-97.77487098532856, 30.390474844738183], [-97.77531995025095, 30.39077466216539], [-97.7753923525018, 30.390820754756902], [-97.7755412978421, 30.390884852525815], [-97.7756177628087, 30.390914194304735], [-97.77576775218503, 30.39095479219508], [-97.7759218910635, 30.390983273148453], [-97.77618340289857, 30.391020050816632], [-97.77688540521119, 30.391048469280182], [-97.77747121380106, 30.39107925483754], [-97.77762239151268, 30.39108482602798], [-97.7777861248084, 30.391085176054446], [-97.77792662436325, 30.391084435511917], [-97.77801442830874, 30.39109614949439], [-97.7781128092095, 30.391130472490907], [-97.77821092305254, 30.391195577074992], [-97.77827800322333, 30.391267888246855], [-97.77834477191206, 30.39139067468589], [-97.77842661345163, 30.391550057376342], [-97.77782731578677, 30.392300551764933], [-97.77767672696747, 30.392508524626376], [-97.77751474682287, 30.39275991236544], [-97.77737597369287, 30.39300204970084], [-97.77728492684956, 30.393182120959235], [-97.77728270520454, 30.393216862548503], [-97.77725532293638, 30.39326774391306], [-97.77726203941198, 30.39327118658458], [-97.77684899217785, 30.394040960471497], [-97.77684908176875, 30.39404139205637], [-97.77682880904094, 30.394103933419757], [-97.77678764715995, 30.394230876293207], [-97.77676211148217, 30.394309612313513], [-97.77669044647843, 30.394530647861718], [-97.77665791968758, 30.394631936979206], [-97.77665102323218, 30.39495679878698], [-97.7766432073556, 30.395324992339205], [-97.77661537587873, 30.395576438400614], [-97.77657501393291, 30.39576605630547], [-97.77648621308137, 30.395897931770186], [-97.776458736672, 30.39593642694488], [-97.77573944182583, 30.397347535803327], [-97.77632681258122, 30.398662812174454], [-97.77625353679063, 30.39947046346802], [-97.77690802189117, 30.399653184198474], [-97.77758909536557, 30.3999335357296], [-97.7785547440797, 30.40037081947165], [-97.7794835204797, 30.40073310207081], [-97.78117453874297, 30.39801090547963], [-97.78126704658423, 30.39804792579566], [-97.78132099027746, 30.398047694809694], [-97.78152255395646, 30.398094972529044], [-97.78185145448576, 30.398301835042755], [-97.78204461347408, 30.39845211781649], [-97.78222703786172, 30.3986234005003], [-97.78253811992755, 30.398946241483028], [-97.78275513794078, 30.39919550832522], [-97.78263596621258, 30.399346379604864], [-97.78250599235173, 30.399462060165487], [-97.78237588055408, 30.399552985332864], [-97.78225766767692, 30.399613892748444], [-97.78212936583019, 30.399666348443322], [-97.78200033718045, 30.399746292928963], [-97.78190280170016, 30.39983511505958], [-97.78185265486479, 30.399931095420722], [-97.78182511394928, 30.40011440853203], [-97.78181710655339, 30.400220045593006], [-97.78181284893455, 30.400364503048454], [-97.78177994838997, 30.400672436295213], [-97.78175926474282, 30.40080944404739], [-97.7817249459758, 30.400997245094896], [-97.78167869143546, 30.401348138222367], [-97.78163086047736, 30.40154603652386], [-97.7815652990581, 30.401739259090768], [-97.78233088595645, 30.402409274683286], [-97.78299454333077, 30.40299432476897], [-97.78296628715447, 30.40303908830306], [-97.78297513515271, 30.40304683056023], [-97.78212814683017, 30.40438866211967], [-97.7796879101681, 30.408289614554924], [-97.77839361644696, 30.410307774122007], [-97.77805175693067, 30.410836763315313], [-97.77804645110264, 30.4108235775741], [-97.77788405025639, 30.41041765538647], [-97.77726694981574, 30.410342235055694], [-97.77690780100747, 30.410078892705947], [-97.77669367478092, 30.410330814529786], [-97.77570516061722, 30.410871391523955], [-97.77538759495177, 30.410853600865014], [-97.77528897921242, 30.411115614485784], [-97.77223128784273, 30.411732918562546], [-97.77110967053513, 30.412220496824602], [-97.77142137938719, 30.410102179866513], [-97.77327056649749, 30.40705143388604], [-97.77460703398802, 30.403469006610575], [-97.77444118548927, 30.403444049535292], [-97.77241407937473, 30.404486795194934], [-97.77029229614061, 30.405563724616123], [-97.76904664468717, 30.40520981938824], [-97.76892322622015, 30.405228144469767], [-97.76879291634454, 30.405280117260467], [-97.76736603297505, 30.4048293636339], [-97.7667705903874, 30.403571384640575], [-97.76531493891542, 30.403126902420865], [-97.764637269293, 30.40495648440958], [-97.76229693972184, 30.405117291098293], [-97.76007133419809, 30.40434580151307], [-97.7596844312335, 30.40537643514983], [-97.76038067345412, 30.406221112601912], [-97.76060015342773, 30.406600466399308], [-97.75939393434692, 30.40684687965321], [-97.75789150017435, 30.4060809893768], [-97.75571081653754, 30.403916528825043], [-97.7538521406226, 30.39998406266351], [-97.75005969511092, 30.399907763235092], [-97.74889604191678, 30.40062266197767], [-97.7488482167084, 30.400708512965945], [-97.74711905157027, 30.40068156346848], [-97.74630213571274, 30.400534227236122], [-97.74582908121123, 30.400433040474045]]]]}, "properties": {"route_id": "PAW62", "district": "District 3", "garb_day": "Wednesday", "op_type": "Auto", "supervisor": "Litson", "super_num": 170, "centroid_lat": 30.39676417386375, "centroid_lng": -97.7644919928127}}, {"type": "Feature", "geometry": {"type": "MultiPolygon", "coordinates": [[[[-97.70327600767698, 30.424283082143518], [-97.70505445062487, 30.423119158685004], [-97.70590247001745, 30.42128317681079], [-97.70757105054992, 30.422150060638057], [-97.71131973529631, 30.42397973624276], [-97.71359923740268, 30.42486358208693], [-97.71613974895554, 30.425987151767636], [-97.71825631686386, 30.427144338312377], [-97.72133921910635, 30.42867370334141], [-97.72114547893565, 30.42891135252806], [-97.72113223431037, 30.42890616085943], [-97.72113055041713, 30.428905500601786], [-97.7208284912614, 30.429369066228208], [-97.72040269217332, 30.430031490730006], [-97.72007501260073, 30.43052813877778], [-97.71984727468107, 30.43088263953431], [-97.71980991125446, 30.430940798402943], [-97.71952978800195, 30.431380655693307], [-97.71933955977154, 30.431665571590848], [-97.71881424968713, 30.432485486660433], [-97.71820807907623, 30.4334192682212], [-97.71753706086582, 30.43437372911662], [-97.71672166261996, 30.435589279689445], [-97.71555395104173, 30.437358719301386], [-97.71337613855118, 30.436321396095806], [-97.712602067501, 30.435956294857053], [-97.71148980654995, 30.43542200808515], [-97.71096495431975, 30.435172002404254], [-97.71147562218303, 30.434368320765284], [-97.7115529419173, 30.434202821822915], [-97.71159526629143, 30.434112228516344], [-97.71083938094465, 30.433710079675546], [-97.71054038326182, 30.43422529307443], [-97.71024287534017, 30.434685659792496], [-97.70984594498911, 30.43530862193356], [-97.70958082384827, 30.43574221189775], [-97.70931420703072, 30.436230646462644], [-97.70912114505354, 30.436528147180702], [-97.7089725881846, 30.436758703559747], [-97.70887017193213, 30.43694478281806], [-97.70877765015153, 30.43708006962679], [-97.70874194500426, 30.437167352243907], [-97.70838893533188, 30.437745965916776], [-97.70809141071716, 30.438210196835367], [-97.70658708513005, 30.43744506734148], [-97.70572362536792, 30.437012085074223], [-97.70240167140372, 30.435335058433513], [-97.70198430980821, 30.435125877636178], [-97.7013381565784, 30.436923419915924], [-97.70140908546375, 30.437336246845167], [-97.70135737727415, 30.437747744913043], [-97.70091383634367, 30.438884761435176], [-97.70236781272348, 30.441301685806895], [-97.70491023711566, 30.442327206346786], [-97.70695990232066, 30.443108839172663], [-97.70800844838158, 30.44350012822597], [-97.70780731619085, 30.443793436303835], [-97.71068438833208, 30.44489922607922], [-97.71008871850466, 30.44606304431059], [-97.71079118167066, 30.446392445375537], [-97.70819006729003, 30.450465191067558], [-97.70458390406205, 30.44874391322836], [-97.70428508398024, 30.449224612923764], [-97.70412117641271, 30.449501795715523], [-97.70408854890633, 30.449534132074433], [-97.70405954415284, 30.44955004031824], [-97.7040290272462, 30.44956316719927], [-97.70398019279344, 30.44957866927332], [-97.7039292037873, 30.449585876044058], [-97.70387764661496, 30.449584820002833], [-97.70384361457364, 30.44958137253131], [-97.70378638701659, 30.449555446841902], [-97.70348393527046, 30.44944198610209], [-97.70321680243573, 30.449342999687147], [-97.70318307062024, 30.449328556649146], [-97.70313151359373, 30.44932750030831], [-97.70309869288198, 30.44933782938154], [-97.70306968744325, 30.44935373738977], [-97.70304687799245, 30.449375273115717], [-97.7030318503063, 30.44940246955837], [-97.70294183416623, 30.449560147462325], [-97.70277964777827, 30.449855122050174], [-97.70274892681249, 30.449910995283446], [-97.7026106960025, 30.45017770037855], [-97.70258902235747, 30.450215761618153], [-97.7025550755498, 30.450267323936608], [-97.70248283030723, 30.450326351856056], [-97.70245374941858, 30.45034500857283], [-97.70242402600945, 30.45035815134413], [-97.7023919230118, 30.45037124534022], [-97.70234316294025, 30.45038399794439], [-97.70231041683914, 30.45039157796885], [-97.70224190196022, 30.450401175269935], [-97.70215544326746, 30.450399403210177], [-97.70211117454345, 30.45039299508312], [-97.70201787795214, 30.45038008123269], [-97.70187562859945, 30.450357912704884], [-97.70180253724955, 30.450331660943704], [-97.70170096529552, 30.450302074907], [-97.70159961940371, 30.450264242264964], [-97.70149887365223, 30.450204418084823], [-97.70096705417062, 30.449945979096253], [-97.70070493987224, 30.449808584927254], [-97.70026676257581, 30.449579566681148], [-97.69949696755539, 30.449142965155684], [-97.6991655584647, 30.449595480800955], [-97.69867323544383, 30.450272975580567], [-97.69848815281031, 30.450511211534824], [-97.6984162807247, 30.450556492940542], [-97.69831890966701, 30.450576497420727], [-97.69826266725539, 30.450572592576048], [-97.69819309166314, 30.450562913238272], [-97.69812744060528, 30.450525810543436], [-97.6978612124365, 30.45039382734885], [-97.69727715971956, 30.450101294706375], [-97.69713547231937, 30.45002962543995], [-97.69668763322197, 30.449805897695267], [-97.69616145638422, 30.449544803495506], [-97.69566973023144, 30.449300917286468], [-97.69553265381992, 30.449234841221436], [-97.69530635826902, 30.44912292585251], [-97.69534814946877, 30.448205152834014], [-97.69540809329001, 30.44679818234518], [-97.69542220752683, 30.446688456303047], [-97.6954332650018, 30.446603421454377], [-97.69544856477731, 30.44627643900253], [-97.69548408800682, 30.44610939472099], [-97.69549758779233, 30.445906142639593], [-97.69552537044049, 30.445760942907857], [-97.69553438994375, 30.44569236851385], [-97.6955800263827, 30.4454457707383], [-97.69562295389095, 30.445298131304895], [-97.6956919335222, 30.445068515330828], [-97.69575876480486, 30.44488836286239], [-97.69584175970671, 30.444697540415667], [-97.69609299984636, 30.44404260729634], [-97.69637697425973, 30.443322337562098], [-97.69691829915205, 30.44201326747537], [-97.69725935131572, 30.441178651566144], [-97.69756722948011, 30.44041186510399], [-97.69765504777546, 30.440203433059022], [-97.69765562956053, 30.440202052184784], [-97.69778451694364, 30.440154202736025], [-97.69784369285892, 30.43999606128761], [-97.69943325571734, 30.435937190113375], [-97.70043728148737, 30.433091245748344], [-97.70121119297605, 30.430740917419858], [-97.70121485542612, 30.430729440876682], [-97.70121465998172, 30.430729390536364], [-97.70120194507494, 30.430726124735514], [-97.7012029457167, 30.430720518079546], [-97.70121065082684, 30.43067732277622], [-97.70111206426351, 30.430304146287472], [-97.69936688760536, 30.428291338923025], [-97.69601959170211, 30.42665424770042], [-97.69601524729453, 30.426503882712982], [-97.69589311208028, 30.426021224298335], [-97.69556102547601, 30.425902002087838], [-97.69439503999664, 30.42654384926368], [-97.69384019883712, 30.426760572723783], [-97.69359389789525, 30.426856777891377], [-97.69269647660575, 30.426550964016], [-97.69202905045644, 30.42641107501899], [-97.69113514129651, 30.426681588009775], [-97.6904960584125, 30.42637792822533], [-97.69046017626191, 30.426359596654446], [-97.6912699996253, 30.424509999966872], [-97.69173999995223, 30.423839999867024], [-97.69204999994793, 30.423430000319854], [-97.69307999969182, 30.421920000266187], [-97.69366000010548, 30.42105000035978], [-97.69387999998972, 30.420730000373602], [-97.6939999995809, 30.420350000282053], [-97.69413999972983, 30.419770000160984], [-97.69422961550325, 30.41951110997198], [-97.69421413736889, 30.4196167531519], [-97.69432318573071, 30.419997448090594], [-97.69504254525951, 30.42038768503978], [-97.6960209900329, 30.42098487067005], [-97.69793101372676, 30.421914053612003], [-97.69863989617522, 30.42162812203034], [-97.69872701844128, 30.42235529362311], [-97.69972411801317, 30.42337506403009], [-97.7023902339906, 30.42464316790655], [-97.70320275082331, 30.42433192510312], [-97.70327600767698, 30.424283082143518]]]]}, "properties": {"route_id": "PAW53", "district": "District 6", "garb_day": "Wednesday", "op_type": "Auto", "supervisor": "Castillo", "super_num": 500, "centroid_lat": 30.43405240510242, "centroid_lng": -97.70541628167238}}, {"type": "Feature", "geometry": {"type": "MultiPolygon", "coordinates": [[[[-97.74721252608637, 30.461881062856612], [-97.74639837957642, 30.461786050822656], [-97.74562694471027, 30.461790157083517], [-97.74528525559805, 30.461842227650397], [-97.74495153000748, 30.459064492288395], [-97.74666809786636, 30.457232099026083], [-97.74707093380121, 30.457436740094455], [-97.74775638697446, 30.457254021331007], [-97.74832793311533, 30.456243599758295], [-97.74829576254263, 30.455751638699127], [-97.74798914849674, 30.45492005851619], [-97.74779299634902, 30.45377626250966], [-97.74841356766638, 30.453474318960982], [-97.74969690738399, 30.45383424556201], [-97.75038285647298, 30.453631871013826], [-97.75061431339245, 30.453459654874226], [-97.75008440725391, 30.45291837541228], [-97.74936232620232, 30.452353573138033], [-97.74746898024122, 30.4510576883692], [-97.74578288818513, 30.44964803720807], [-97.74448883061521, 30.44842314252815], [-97.74341492538775, 30.447025803140495], [-97.74172616936836, 30.443939512299277], [-97.74126507895187, 30.444070130919126], [-97.74090394178147, 30.443375187157173], [-97.74164326682273, 30.44305151103153], [-97.74156191922096, 30.442917370906958], [-97.74146477710266, 30.442738745526203], [-97.74138422094285, 30.442575177069997], [-97.74121954803661, 30.4423804661087], [-97.74110621661306, 30.442172069656184], [-97.74097590404085, 30.441963330318647], [-97.74074686884532, 30.441634820661275], [-97.74049966585035, 30.441350109711244], [-97.74007121116354, 30.440855629049175], [-97.73969172432984, 30.440435746150982], [-97.73931065734581, 30.440074718033312], [-97.73892880021451, 30.439743116626516], [-97.73877665040852, 30.43963934982123], [-97.73872811281304, 30.439606246156686], [-97.73852838041677, 30.43947002669402], [-97.73841307726732, 30.43933519800923], [-97.7379289438554, 30.439016247936113], [-97.73747837845, 30.43871269644555], [-97.73722762527267, 30.438560405186568], [-97.73699895555492, 30.43845162924507], [-97.73576392499146, 30.437587003142685], [-97.73580821351982, 30.43754445743049], [-97.73591268865798, 30.437442747513987], [-97.73615999970188, 30.437210000369316], [-97.73633999978564, 30.43709000017471], [-97.73746999998522, 30.43581000006201], [-97.73808136038413, 30.435080045736733], [-97.73877999954132, 30.43437000030501], [-97.7390299997323, 30.43402000040301], [-97.73915231639292, 30.43360455489227], [-97.73927019312185, 30.432816905826634], [-97.73929725912772, 30.432383850945723], [-97.73915639570303, 30.431961936595567], [-97.73906082258667, 30.43181273500258], [-97.73954999977396, 30.43148999993241], [-97.74012999969221, 30.43085000030418], [-97.74035999989913, 30.43054000021665], [-97.74069677778897, 30.430138708195614], [-97.74140193223705, 30.429261843678407], [-97.74175510924712, 30.42885980202725], [-97.74241388414917, 30.428309461568084], [-97.74294076877904, 30.428113614630345], [-97.74363993206528, 30.427977047823795], [-97.74398778928632, 30.42797290525245], [-97.7443926743339, 30.42800339569943], [-97.74498560991694, 30.42813102586454], [-97.74508784626637, 30.42815226143864], [-97.7476778686338, 30.428689068438917], [-97.7484720140232, 30.42885662337403], [-97.74863472179982, 30.42889861923575], [-97.74986218571267, 30.42912369695091], [-97.75045432940348, 30.429135614867242], [-97.75140031061609, 30.42892026376085], [-97.75213304230202, 30.428447698444753], [-97.75309010273389, 30.42712514412388], [-97.7535653096821, 30.426418831310773], [-97.75358803171125, 30.426430375741973], [-97.75360221445882, 30.42641111842996], [-97.76275714562944, 30.430948450638212], [-97.7692085191005, 30.43415967084693], [-97.77059079331691, 30.434768952291137], [-97.77038142618191, 30.43512858763847], [-97.77021952330408, 30.435403901893423], [-97.77024678422606, 30.435495271634167], [-97.77046532656377, 30.435876783181214], [-97.77155095667389, 30.43759836224735], [-97.77195999971221, 30.438260000210175], [-97.77344999953003, 30.441390000309738], [-97.77328229007101, 30.441465140658256], [-97.77154999995797, 30.442209999987035], [-97.77106000025752, 30.44247000028462], [-97.77080999953608, 30.442630000292592], [-97.77056932862152, 30.44284420729788], [-97.77038999980101, 30.443070000126855], [-97.7700799999861, 30.443540000366024], [-97.76996999997161, 30.44380000022236], [-97.76993999997805, 30.444030000155564], [-97.76984999983348, 30.445939999998096], [-97.76986999978507, 30.44669000024558], [-97.76984999981208, 30.44688000023964], [-97.76978999995124, 30.44705000021482], [-97.76968000025958, 30.447270000054484], [-97.76952000000342, 30.44749000018955], [-97.76905999958917, 30.448119999985188], [-97.76873999955015, 30.448550000107318], [-97.7684299995866, 30.448900000246446], [-97.76814000015669, 30.449249999986478], [-97.76790000025588, 30.44949000037558], [-97.7675600000062, 30.44976999989173], [-97.76710999995076, 30.450100000384786], [-97.76668999961609, 30.45025999983952], [-97.76606999971132, 30.4504500001101], [-97.76520999978104, 30.450730000258897], [-97.76380999988014, 30.451159999913575], [-97.76298999964934, 30.451420000140484], [-97.76256204719671, 30.45155435834966], [-97.76130211819049, 30.448591690102763], [-97.76416463532011, 30.446428956231244], [-97.76361008129003, 30.445053682590974], [-97.76343455144382, 30.44461286294865], [-97.76281606059969, 30.443076785124656], [-97.76274763758144, 30.44290489319827], [-97.76254294313622, 30.442397479733152], [-97.76245046072164, 30.44217559946965], [-97.7624161764936, 30.44209240229651], [-97.76205763524129, 30.441224360970548], [-97.76197651613224, 30.441230987061832], [-97.76027028707831, 30.441799123386417], [-97.75987065449013, 30.440806486008253], [-97.75823286482573, 30.441337462497494], [-97.75872498592281, 30.442491480826874], [-97.75733734042728, 30.442925700445265], [-97.75595292852758, 30.44335721989119], [-97.75593045755033, 30.443307262325597], [-97.75500931145255, 30.4435968032601], [-97.75452915709054, 30.443746678621764], [-97.75409067025784, 30.443911141227705], [-97.75220593455889, 30.444651608264653], [-97.7498135721338, 30.44558810956251], [-97.74933318278768, 30.444503050308253], [-97.74901066583158, 30.44374570982931], [-97.74867511291701, 30.442971603812474], [-97.74832095463105, 30.442210873932854], [-97.74816887745942, 30.441872157378477], [-97.74783768442897, 30.44196599884985], [-97.74341715591135, 30.44356700170639], [-97.74217927431324, 30.444052986155082], [-97.74228681219928, 30.44427133474569], [-97.74349349424392, 30.446634337540956], [-97.7440947581899, 30.447471873157486], [-97.74503898520847, 30.448630761652396], [-97.7467029042459, 30.450020323486577], [-97.74713550007255, 30.45038278496387], [-97.74811247583179, 30.451168911316028], [-97.74973903962376, 30.452262892415785], [-97.75058213129877, 30.452967694556392], [-97.75135195674997, 30.45386754304232], [-97.75185341428582, 30.454624422645736], [-97.75284956788872, 30.457238579924756], [-97.75382362765318, 30.45983263153591], [-97.75402377630492, 30.46040657486269], [-97.75401956976347, 30.46056371070062], [-97.75423789233899, 30.460882536477747], [-97.75366789745549, 30.460988999946345], [-97.75208552837918, 30.46162538091734], [-97.75123923046053, 30.461883498835718], [-97.75044143551617, 30.462024671314616], [-97.74948597432888, 30.46212336102018], [-97.74822863013745, 30.462058745936222], [-97.74721252608637, 30.461881062856612]]]]}, "properties": {"route_id": "PAW65", "district": "District 3", "garb_day": "Wednesday", "op_type": "Auto", "supervisor": "Litson", "super_num": 170, "centroid_lat": 30.439550686536943, "centroid_lng": -97.75454719445044}}, {"type": "Feature", "geometry": {"type": "MultiPolygon", "coordinates": [[[[-97.74644260927693, 30.41909862850666], [-97.7460785702633, 30.418884048126746], [-97.74565600541143, 30.418918867210294], [-97.74529784760016, 30.418844759939127], [-97.7423618899193, 30.417373506616393], [-97.74205392666951, 30.417480845452758], [-97.74204957116719, 30.41721482342247], [-97.7393714454851, 30.415944840704654], [-97.73817486848039, 30.41541250906198], [-97.73789116391438, 30.41542519063104], [-97.73779763305461, 30.415478556976392], [-97.7377226836065, 30.415414894975555], [-97.73771509957749, 30.415238052726476], [-97.73735133671151, 30.415055465440368], [-97.73713460682526, 30.415154156940517], [-97.73712232625226, 30.414947756616947], [-97.73516739916656, 30.414011429068886], [-97.73496905941792, 30.4141392888424], [-97.73501475257629, 30.4139412827971], [-97.7347370281575, 30.413809243586396], [-97.73445581353042, 30.41367554453088], [-97.73422206630049, 30.413770991228567], [-97.73423932307904, 30.4135744333025], [-97.73370360911751, 30.413339038225267], [-97.73350941822034, 30.413445648352127], [-97.7335304735859, 30.413256076941042], [-97.732955951999, 30.412981892768173], [-97.7327457339359, 30.413091631539043], [-97.73275891704019, 30.412898445608853], [-97.73223192256009, 30.412635585174776], [-97.7320375451154, 30.412749098281974], [-97.7317481768189, 30.41261050974445], [-97.73085000001228, 30.41214000001588], [-97.73015999961333, 30.411790000289592], [-97.72981000002234, 30.411640000377762], [-97.72963999973793, 30.41159000001385], [-97.72913999952542, 30.411590000043745], [-97.72868227844107, 30.406755385054065], [-97.7284909464293, 30.403853418075553], [-97.72837175667954, 30.402356772067634], [-97.72891848259428, 30.401772285638987], [-97.73021854274975, 30.400135436887037], [-97.73181034788537, 30.397762995965824], [-97.73253890641337, 30.395764613077358], [-97.73256228301149, 30.395776021255312], [-97.73369973302579, 30.391849180455235], [-97.73489484844684, 30.38698435376577], [-97.73571715457771, 30.38409315715934], [-97.73724582134686, 30.380734046870035], [-97.73784928938632, 30.379562556339142], [-97.73786584893382, 30.379572288844205], [-97.73935131364333, 30.380445292664525], [-97.73962616914221, 30.3806892992376], [-97.74090806718013, 30.38182729359469], [-97.74142684155582, 30.382518276679747], [-97.74183573906848, 30.383254149238912], [-97.7422418279664, 30.384062471454854], [-97.74235936617465, 30.384296429975212], [-97.7424919604456, 30.38456035347599], [-97.74321373647342, 30.385899285980475], [-97.7438624144748, 30.387262911699086], [-97.7450505608371, 30.38955570409836], [-97.74507518308603, 30.389547091630046], [-97.745937495663, 30.3914085661183], [-97.74624845739076, 30.392706107503237], [-97.74635787713963, 30.394576045457246], [-97.74582797857013, 30.400445255012137], [-97.74510239014673, 30.407825547754637], [-97.74518080286329, 30.410021225709805], [-97.74545671911443, 30.41216986102118], [-97.74596253614408, 30.414527233172027], [-97.74685605472207, 30.419043046538754], [-97.74669568301945, 30.419059155694065], [-97.74644260927693, 30.41909862850666]]]]}, "properties": {"route_id": "PAW52", "district": "District 9", "garb_day": "Wednesday", "op_type": "Auto", "supervisor": "Castillo", "super_num": 500, "centroid_lat": 30.400802051676532, "centroid_lng": -97.73856741236204}}, {"type": "Feature", "geometry": {"type": "MultiPolygon", "coordinates": [[[[-97.7822018599997, 30.45123037877819], [-97.78142132689685, 30.44949993646708], [-97.78087514940506, 30.448113315355986], [-97.78048074008973, 30.447826837237987], [-97.7809504124798, 30.447396629227782], [-97.78057120467514, 30.447112574593138], [-97.78045793564883, 30.447154599302703], [-97.7795289966838, 30.447513636785533], [-97.77706602867491, 30.448468984836314], [-97.77534333495002, 30.44718220625895], [-97.77470249939756, 30.446697239974768], [-97.77555245850026, 30.445900021881513], [-97.7763965719478, 30.44510387336818], [-97.77652588645152, 30.444984297569643], [-97.7765138149245, 30.444968730482092], [-97.77650431988224, 30.44497318390529], [-97.77585779816165, 30.44411464531957], [-97.77616381697375, 30.44382873197719], [-97.77556810230551, 30.443397795102438], [-97.7755364852201, 30.443361229179242], [-97.77499204857536, 30.442980780699592], [-97.7747906020874, 30.44282140313557], [-97.77396097214731, 30.44304584460017], [-97.7733186666304, 30.44151412642889], [-97.77328229007097, 30.44146514065827], [-97.77344999953002, 30.441390000309777], [-97.77195999971217, 30.43826000021024], [-97.77155095667385, 30.43759836224735], [-97.77046532656371, 30.43587678318124], [-97.77024678422598, 30.435495271634167], [-97.77021952330402, 30.435403901893423], [-97.77038142618191, 30.43512858763847], [-97.77059079331691, 30.434768952291137], [-97.76950220801625, 30.434289125491983], [-97.76998361143188, 30.434120276683966], [-97.77128357988829, 30.433723652924893], [-97.77417456363757, 30.43288295739884], [-97.77555266655983, 30.43248860653859], [-97.77553999999992, 30.43242999999937], [-97.77482720733468, 30.432253537845213], [-97.77464307009824, 30.431747400627568], [-97.77430374849013, 30.43105768703108], [-97.77364731643313, 30.430338692322575], [-97.77326446581097, 30.430290882949528], [-97.77289999999994, 30.43023999999941], [-97.77307000000005, 30.430069999999375], [-97.77331775437634, 30.429921347507122], [-97.77355731460244, 30.42975862638265], [-97.77420217528069, 30.429487116396327], [-97.7745713146463, 30.429399479944525], [-97.77505598046992, 30.42920641167986], [-97.77522758697583, 30.429103448234443], [-97.77543533038644, 30.428943686958256], [-97.77560471507182, 30.428626684012574], [-97.77567105868653, 30.428463999503908], [-97.77569929526425, 30.42830399501984], [-97.77589109193276, 30.428299836543367], [-97.77608184145222, 30.42827122396096], [-97.77664095564496, 30.428129820769765], [-97.77694904691784, 30.428072054096415], [-97.77718712447458, 30.42805025020597], [-97.77739143704885, 30.42807017981667], [-97.77741553574775, 30.42757631408434], [-97.77741999979678, 30.42749000040149], [-97.77735768424758, 30.427224183748436], [-97.77738103833057, 30.427078415428813], [-97.77772435155983, 30.42661318832822], [-97.77772573173587, 30.42661610313173], [-97.77820619452594, 30.426844282537964], [-97.77918472235173, 30.427316600650386], [-97.7812842325724, 30.428326507897292], [-97.78138449514056, 30.4284327108893], [-97.78139640053416, 30.428445321785215], [-97.78138906025052, 30.42843338029842], [-97.78136392148633, 30.42839248350205], [-97.78117819046821, 30.428177669255923], [-97.78118040243973, 30.428094133246905], [-97.78118178235157, 30.428042020238603], [-97.78140046857526, 30.427669367580847], [-97.78278468541102, 30.42796832400964], [-97.78295821176084, 30.427986852517254], [-97.78295946700291, 30.427986428079688], [-97.7831689158848, 30.427915638687214], [-97.78338161364377, 30.42776906434505], [-97.78366347642616, 30.4275574006811], [-97.78397185512323, 30.427351812651047], [-97.78421096696306, 30.427178721935917], [-97.78441033825007, 30.427030247415413], [-97.78454156278754, 30.426871951044014], [-97.78466324461688, 30.426704996310903], [-97.7847263223969, 30.42653687756746], [-97.78476121906002, 30.42632585618834], [-97.78471608392778, 30.42600104560374], [-97.78460310644634, 30.425667040951264], [-97.78450752272445, 30.425333381623545], [-97.78446252063345, 30.42506104719852], [-97.7844874855861, 30.42477502230334], [-97.7845306772964, 30.42443344448515], [-97.78402775528282, 30.424189676898205], [-97.78353341326061, 30.42395157843144], [-97.7832435707381, 30.423811053059627], [-97.7829270584386, 30.423658995674224], [-97.78321256626413, 30.423213613702107], [-97.78341528287046, 30.42289860241956], [-97.78353528260942, 30.422711213323463], [-97.78387119214766, 30.42218982193302], [-97.78413765322162, 30.421774313424756], [-97.78435521876877, 30.42143759304233], [-97.7844314430081, 30.421315341805332], [-97.78475746386513, 30.420807503585532], [-97.78467752643047, 30.420770161723517], [-97.784598382021, 30.42073283556008], [-97.78419167800291, 30.42066150001198], [-97.78394607093257, 30.42067862393001], [-97.78377638375157, 30.42064499925161], [-97.78377683967786, 30.420644496825673], [-97.78377513835382, 30.420644777643947], [-97.7837172401038, 30.42063659445105], [-97.78347731105849, 30.42058746034478], [-97.78354342346447, 30.42045755893262], [-97.78365728330537, 30.42033959928872], [-97.7838317472667, 30.420159619404014], [-97.78399417873969, 30.420239527058502], [-97.78486937692037, 30.420655707138675], [-97.78782025266261, 30.416167967944414], [-97.78744343470916, 30.415956968104133], [-97.78732356935468, 30.415899583360606], [-97.78756185472248, 30.415648529527594], [-97.78766756481063, 30.41546085345918], [-97.78786886028479, 30.415258571338807], [-97.78820298576902, 30.41516343612693], [-97.78834947949147, 30.415053577755337], [-97.7884708844795, 30.41496247403041], [-97.78846962646712, 30.41473967200809], [-97.78878072987924, 30.414374546048247], [-97.78891684134696, 30.41426723153444], [-97.7890075337872, 30.414197521042066], [-97.78925240308598, 30.414177622826745], [-97.78943397951018, 30.414181222467164], [-97.78961175148446, 30.414088484762967], [-97.7897823918886, 30.413965351796886], [-97.78987129478074, 30.413813095240137], [-97.79004444839816, 30.413745018421306], [-97.79013152793185, 30.413721991222204], [-97.7902777176035, 30.413683633376777], [-97.7905367992751, 30.413576003734832], [-97.79075830782857, 30.411704665801338], [-97.78970532859097, 30.410061101256257], [-97.79024187311492, 30.409268638528943], [-97.79165273668468, 30.409885162870463], [-97.79223706626816, 30.408994626689708], [-97.79223792323549, 30.40905240062639], [-97.79224353323949, 30.40914052233574], [-97.79222492240004, 30.409244666393942], [-97.79219187814672, 30.409475039885862], [-97.79209372026973, 30.409888396124277], [-97.79202139395187, 30.410104239987948], [-97.79197416235151, 30.41024082118638], [-97.79193730196826, 30.410435364744274], [-97.79193518755469, 30.410605843452622], [-97.79195664220644, 30.410785039938432], [-97.79207847431425, 30.411700562944205], [-97.79217424497254, 30.412401043830364], [-97.79221768421058, 30.412588926610837], [-97.79233794577802, 30.412902095518003], [-97.79244928528301, 30.41310232403199], [-97.7925655316541, 30.413266895280742], [-97.79327625037034, 30.41393279370562], [-97.7939930398251, 30.41454930217954], [-97.79449497820087, 30.41498003420268], [-97.7946229861841, 30.415089829557107], [-97.79477701263426, 30.4152358937727], [-97.79484670709758, 30.415330783679384], [-97.7949122165883, 30.415464095393148], [-97.79495718598221, 30.41556399681444], [-97.79499408146611, 30.41566923917779], [-97.79501180208005, 30.415779602915354], [-97.79500796567483, 30.415925294554985], [-97.7949913667303, 30.416103737720995], [-97.794976643126, 30.416271216658487], [-97.79497115836983, 30.4163288651139], [-97.7949655288337, 30.41639201136687], [-97.79490743003153, 30.417031689215683], [-97.79497798792318, 30.417154099413118], [-97.79497408898959, 30.417211779238116], [-97.79495923038947, 30.41729399525842], [-97.79494350976964, 30.417348690919287], [-97.79492389683288, 30.417400559257057], [-97.794899526247, 30.417452333484228], [-97.79482173245819, 30.417574559556172], [-97.79415223986025, 30.41847442456301], [-97.79406730416784, 30.41862676255053], [-97.79402086785993, 30.418733106646535], [-97.79396736004846, 30.41889706776129], [-97.79372856340267, 30.419860459095087], [-97.7936882374681, 30.42002024576344], [-97.79371229820731, 30.420028817121022], [-97.79369385519621, 30.42011694134961], [-97.793729980566, 30.420173543500805], [-97.79366793007955, 30.420489012972443], [-97.79371432380363, 30.420869793265314], [-97.79371804141589, 30.420868940375303], [-97.79363495769832, 30.42099564608903], [-97.7935342579862, 30.42229262889177], [-97.7935252605903, 30.42255905911405], [-97.78991242972337, 30.42523741566071], [-97.78771367185865, 30.4271276520974], [-97.7876776945256, 30.42751501681194], [-97.7876923007569, 30.427512034117974], [-97.78920099516142, 30.432865498519437], [-97.79017094219839, 30.433766826263167], [-97.7887804824305, 30.434386840103908], [-97.78724603457468, 30.434900302795207], [-97.78454676213961, 30.435641648925166], [-97.78267032187048, 30.436030657750774], [-97.7815628733734, 30.43633237796015], [-97.78102306857552, 30.43656213260947], [-97.78107851490765, 30.437144277456635], [-97.78098251683264, 30.437413358973306], [-97.78084887973709, 30.43770183722089], [-97.78096049854926, 30.4382447372766], [-97.78046884646025, 30.438458510353826], [-97.7800070385682, 30.4386780744509], [-97.77933394772987, 30.439528383488796], [-97.77933153777971, 30.43953142799225], [-97.77933838774673, 30.439533770569547], [-97.77955258510462, 30.43967171373783], [-97.78078139599378, 30.440457081210173], [-97.7847968382232, 30.443013220135217], [-97.78700535494235, 30.444425899581628], [-97.78809291640171, 30.445178864110176], [-97.78872120280624, 30.445728123879697], [-97.78938359602935, 30.446452517996832], [-97.78979463149174, 30.44701759715535], [-97.79011804685213, 30.4476748800153], [-97.79042020355728, 30.448534600561246], [-97.79049263689572, 30.448772266537855], [-97.79049145714562, 30.448772559934252], [-97.7904924564594, 30.448777033747223], [-97.79036344089573, 30.448816994309766], [-97.79007291656646, 30.448906759150045], [-97.79002172407085, 30.448980373124712], [-97.79002164346605, 30.4489814744149], [-97.78987770262222, 30.449224586722544], [-97.78568072447376, 30.45051149182309], [-97.78530581240494, 30.45038504866615], [-97.78530462237052, 30.450389019616097], [-97.78525001457301, 30.45038050004377], [-97.78518428232894, 30.450604768016387], [-97.78313782877954, 30.451241210123786], [-97.78302558778041, 30.45115878208687], [-97.78285610415922, 30.451212481863728], [-97.78227401683904, 30.451401206683354], [-97.7822018599997, 30.45123037877819]]]]}, "properties": {"route_id": "PAW85", "district": "District 3", "garb_day": "Wednesday", "op_type": "Auto", "supervisor": "Gilbert", "super_num": 697, "centroid_lat": 30.4329735291321, "centroid_lng": -97.78301405022228}}, {"type": "Feature", "geometry": {"type": "MultiPolygon", "coordinates": [[[[-97.7634324145402, 30.418729421305702], [-97.76343290762887, 30.41873320641303], [-97.76357410530782, 30.418868283933694], [-97.76367701465297, 30.41896505803817], [-97.76412002040713, 30.41925472501868], [-97.76428072296449, 30.419330260173776], [-97.7638501538852, 30.419970985206593], [-97.7638318759037, 30.420086527937766], [-97.76388585909689, 30.42024059264181], [-97.76335344651625, 30.421022950281774], [-97.76308933345665, 30.421099856495612], [-97.76316326311785, 30.42129586818335], [-97.7632918714742, 30.421561295101625], [-97.76314524785572, 30.422270824258874], [-97.76329562836601, 30.422917129926255], [-97.76453180742853, 30.423253150482452], [-97.76480259378587, 30.423746652392545], [-97.76373493081601, 30.42527939328939], [-97.76343569035369, 30.4253481931434], [-97.76332085699984, 30.425397861728413], [-97.76346510575881, 30.425610478462644], [-97.7635156135849, 30.426012061244656], [-97.76210927225452, 30.42820858529527], [-97.76154394382185, 30.428335955858735], [-97.75946027375963, 30.428849221945054], [-97.7592234917995, 30.429197242491718], [-97.75360221439227, 30.426411118314327], [-97.75358803166962, 30.426430375980477], [-97.74944930299966, 30.424327405049645], [-97.7488006077115, 30.423816844706053], [-97.74793431857128, 30.422775697381343], [-97.74737852541617, 30.421683397036812], [-97.74596253643384, 30.414527233181925], [-97.74545671951552, 30.41216986087293], [-97.74518080277778, 30.410021225376163], [-97.74510478467094, 30.407892592942922], [-97.74554929892017, 30.40790155826976], [-97.74701236562734, 30.407787675087622], [-97.747767469137, 30.40779042462669], [-97.74914494565527, 30.408630124229216], [-97.75112411209648, 30.408571455624713], [-97.75399733552375, 30.409929594576408], [-97.75618733132951, 30.411622021727684], [-97.75719494935728, 30.413612483121955], [-97.75736420357745, 30.415218333725083], [-97.75823245233362, 30.41589852160774], [-97.75982005150429, 30.416656682501426], [-97.76053991388088, 30.417068055105602], [-97.76076956070672, 30.41680994839374], [-97.76151735120581, 30.416730390488073], [-97.76310231525741, 30.417571038944853], [-97.76340815217287, 30.418633729065895], [-97.76343061514845, 30.418729698329077], [-97.7634324145402, 30.418729421305702]]]]}, "properties": {"route_id": "PAW60", "district": "District 3", "garb_day": "Wednesday", "op_type": "Auto", "supervisor": "Litson", "super_num": 170, "centroid_lat": 30.418722896193586, "centroid_lng": -97.75429498665477}}, {"type": "Feature", "geometry": {"type": "MultiPolygon", "coordinates": [[[[-97.74582908121123, 30.400433040474045], [-97.74630213571274, 30.400534227236122], [-97.74711905157027, 30.40068156346848], [-97.7488482167084, 30.400708512965945], [-97.74889604191678, 30.40062266197767], [-97.75005969511092, 30.399907763235092], [-97.7538521406226, 30.39998406266351], [-97.75571081653754, 30.403916528825043], [-97.75789150017435, 30.4060809893768], [-97.75939393434692, 30.40684687965321], [-97.76060015342773, 30.406600466399308], [-97.76038067345412, 30.406221112601912], [-97.7596844312335, 30.40537643514983], [-97.76007133419809, 30.40434580151307], [-97.76229693972184, 30.405117291098293], [-97.764637269293, 30.40495648440958], [-97.76531493891542, 30.403126902420865], [-97.7667705903874, 30.403571384640575], [-97.76736603297505, 30.4048293636339], [-97.76879291634454, 30.405280117260467], [-97.76892322622015, 30.405228144469767], [-97.76904664468717, 30.40520981938824], [-97.77029229614061, 30.405563724616123], [-97.77241407937473, 30.404486795194934], [-97.77444118548927, 30.403444049535292], [-97.77460703398802, 30.403469006610575], [-97.77327056649749, 30.40705143388604], [-97.77142137938719, 30.410102179866513], [-97.77110967053513, 30.412220496824602], [-97.77054000002492, 30.4122000001179], [-97.77066515341211, 30.41258632598333], [-97.77021487450402, 30.413084895991233], [-97.7692963523644, 30.413771074296363], [-97.76840121442379, 30.414955589740515], [-97.76748771411512, 30.41512354916833], [-97.76703483902399, 30.4153723383113], [-97.76600174963751, 30.416927394196676], [-97.7652576160296, 30.416941154470287], [-97.76488465345064, 30.417291808622178], [-97.7640885082402, 30.418636721150946], [-97.76343241436753, 30.41872942153636], [-97.7634306152633, 30.41872969866025], [-97.76340815226413, 30.418633729100705], [-97.76310231486636, 30.417571038923136], [-97.7615173510088, 30.41673039085469], [-97.76076956073035, 30.41680994835527], [-97.76053991378478, 30.417068055172383], [-97.75982005119515, 30.416656682262488], [-97.75823245218002, 30.415898521984804], [-97.75736420354883, 30.41521833397968], [-97.75719494939284, 30.413612483293132], [-97.75618733108813, 30.411622022083577], [-97.75399733536251, 30.409929594820557], [-97.75112411214486, 30.40857145592818], [-97.749144945287, 30.408630124153888], [-97.74776746889567, 30.407790424811033], [-97.7470123655401, 30.407787675323647], [-97.74554929856869, 30.40790155838776], [-97.74510478427032, 30.40789259305994], [-97.74510239014676, 30.407825547754673], [-97.74582797857013, 30.400445255012137], [-97.74582908121123, 30.400433040474045]]]]}, "properties": {"route_id": "PAW61", "district": "District 3", "garb_day": "Wednesday", "op_type": "Auto", "supervisor": "Litson", "super_num": 170, "centroid_lat": 30.40843044437968, "centroid_lng": -97.759695789629}}, {"type": "Feature", "geometry": {"type": "MultiPolygon", "coordinates": [[[[-97.77237758904226, 30.421297891011154], [-97.77237825643118, 30.42129526998175], [-97.77237897194807, 30.421297821747604], [-97.77237758904226, 30.421297891011154]]], [[[-97.77237758904226, 30.421297891011154], [-97.77238000013308, 30.421300000204017], [-97.77293000021905, 30.420730000055674], [-97.77296032171633, 30.421094830271247], [-97.77369934795821, 30.42148201421368], [-97.77508854925496, 30.422283247832787], [-97.77614090949767, 30.422905858339043], [-97.77671741801265, 30.424435762228054], [-97.77704947895607, 30.42479571899503], [-97.7778003820107, 30.424858595275225], [-97.77775717955758, 30.424893520333644], [-97.77747400876312, 30.425129911906698], [-97.7774492727796, 30.42515013213109], [-97.77714555375202, 30.425398405054732], [-97.7773470104456, 30.425901179567862], [-97.77735074505195, 30.42589838424928], [-97.77735209789128, 30.425902920784377], [-97.77736487894641, 30.425945774221905], [-97.77736865086544, 30.425955187810278], [-97.77736789596237, 30.42595589007403], [-97.77741935771763, 30.425938548220884], [-97.77748684259655, 30.426111659223196], [-97.77772435155978, 30.426613188328208], [-97.77738103833063, 30.42707841542876], [-97.77735768424763, 30.42722418374846], [-97.77741999979688, 30.427490000401452], [-97.77741553574775, 30.42757631408434], [-97.77739143704885, 30.428070179816647], [-97.77718712447466, 30.42805025020597], [-97.77694904691779, 30.428072054096415], [-97.77664095564506, 30.428129820769726], [-97.77608184145228, 30.42827122396092], [-97.7758910919328, 30.428299836543342], [-97.77569929526425, 30.42830399501984], [-97.77567105868653, 30.428463999503908], [-97.77560471507196, 30.42862668401252], [-97.77543533038654, 30.42894368695823], [-97.77522758697583, 30.429103448234443], [-97.77505598047001, 30.429206411679846], [-97.77457131464638, 30.429399479944486], [-97.77420217528065, 30.429487116396327], [-97.7735573146025, 30.42975862638265], [-97.7733177543763, 30.429921347507122], [-97.77306999978101, 30.430070000261466], [-97.77289999987713, 30.430240000024018], [-97.77326446565115, 30.430290883014056], [-97.77364731626872, 30.430338692682625], [-97.77430374862408, 30.431057687194713], [-97.77464306987044, 30.43174740094042], [-97.77482720722395, 30.432253537863378], [-97.7755399996337, 30.432430000328328], [-97.77555266663076, 30.432488606890384], [-97.7741745635287, 30.43288295766098], [-97.77128357966363, 30.43372365299676], [-97.7699836112088, 30.434120276699893], [-97.76950220773784, 30.434289125561826], [-97.7692085191005, 30.43415967084693], [-97.76815560692788, 30.433635611895095], [-97.7654389664703, 30.432283412420983], [-97.76275714562944, 30.430948450638212], [-97.7592234918228, 30.429197242665275], [-97.75946027382531, 30.428849221835705], [-97.7615439439032, 30.428335955974024], [-97.7621092724201, 30.428208585419426], [-97.76351561309691, 30.42601206163925], [-97.76346510540245, 30.425610478499614], [-97.76332085690365, 30.42539786213145], [-97.76343568988813, 30.42534819319617], [-97.76373493068068, 30.425279393457043], [-97.7641121623742, 30.424737844074322], [-97.76480259341697, 30.423746652630896], [-97.7657199998963, 30.424179999990706], [-97.76725999970141, 30.42490000029284], [-97.76758999989865, 30.42494000033801], [-97.76795999976169, 30.424959999922557], [-97.76836999994906, 30.42493999978555], [-97.76875000005492, 30.424849999963914], [-97.76913000007478, 30.424700000228594], [-97.76931999994983, 30.424620000339264], [-97.76949999959838, 30.42446999997376], [-97.76986999984804, 30.424089999794184], [-97.7702499999893, 30.423720000117864], [-97.77112999989173, 30.422789999846472], [-97.77188000019166, 30.42188000017826], [-97.77237758904226, 30.421297891011154]]]]}, "properties": {"route_id": "PAW64", "district": "District 3", "garb_day": "Wednesday", "op_type": "Auto", "supervisor": "Litson", "super_num": 170, "centroid_lat": 30.42802737484712, "centroid_lng": -97.76972758287876}}, {"type": "Feature", "geometry": {"type": "MultiPolygon", "coordinates": [[[[-97.69459577254531, 30.41099750931123], [-97.69542320361009, 30.410747804564327], [-97.69577100440596, 30.410532690093394], [-97.69627987046027, 30.41005416777739], [-97.69667520506214, 30.409351046500568], [-97.69699118047882, 30.40842403059717], [-97.69787437250802, 30.4055082893915], [-97.69843356264096, 30.404438089287886], [-97.699012745769, 30.40388691327928], [-97.70029806451339, 30.403142781389768], [-97.70195103369001, 30.402080189855514], [-97.70233861623801, 30.401658428509002], [-97.7028408236011, 30.400794488204152], [-97.70426936508726, 30.398556679253833], [-97.70532334124479, 30.396889069314927], [-97.70637808756881, 30.3951918319056], [-97.70726775489287, 30.39390609998597], [-97.70824917168872, 30.392357586656836], [-97.70833043730886, 30.392391088947512], [-97.70929579605026, 30.392834505237833], [-97.70965431427526, 30.392933939378604], [-97.71024543558559, 30.393074969247856], [-97.71043706716766, 30.393060466754445], [-97.71075712004954, 30.393011748306556], [-97.71124906896286, 30.39289286096954], [-97.71157062327542, 30.392788910012047], [-97.71187194075848, 30.39264770476382], [-97.7121100484922, 30.39248678639329], [-97.7123941318284, 30.39219786481913], [-97.71309571491264, 30.391401699967044], [-97.71340152787836, 30.391094799091356], [-97.71361839295635, 30.39093344492738], [-97.71389696498848, 30.39084703114026], [-97.71409009174293, 30.390777292668304], [-97.71411796525493, 30.390740583101234], [-97.71414745694241, 30.390759547773808], [-97.71539995682208, 30.3903613531582], [-97.71606892827354, 30.390295852028196], [-97.7173356861194, 30.390199918438345], [-97.71845463179736, 30.39037494195649], [-97.72152330606579, 30.391168068742225], [-97.72431937677388, 30.39178510070607], [-97.72714839118586, 30.39313335652236], [-97.73011524589657, 30.39458176188077], [-97.73248360526276, 30.395737624286873], [-97.73249533654945, 30.395743349732996], [-97.73253890641337, 30.395764613077358], [-97.73181034788537, 30.397762995965824], [-97.73021854274975, 30.400135436887037], [-97.72891848259428, 30.401772285638987], [-97.72837175667954, 30.402356772067634], [-97.72837761129558, 30.40243029321519], [-97.7284909464293, 30.403853418075553], [-97.72868227844107, 30.406755385054065], [-97.72913999952542, 30.411590000043745], [-97.72946667225021, 30.415004696473318], [-97.72812192168337, 30.414431304171845], [-97.72801043523165, 30.414609455668742], [-97.72747826974256, 30.414703302843357], [-97.72736986424925, 30.415044908187706], [-97.72744244034497, 30.41602868616947], [-97.72731544804721, 30.416271683387023], [-97.72769082151837, 30.416639384176143], [-97.7271951374442, 30.416582831259696], [-97.72652888615185, 30.417682456879962], [-97.7267884809782, 30.41808690915557], [-97.72615722067434, 30.418234977563053], [-97.72472891530667, 30.417590161523417], [-97.724321211348, 30.417799616475694], [-97.72426930540398, 30.416414749804236], [-97.72419952651812, 30.416320226064176], [-97.7237735643201, 30.41620293184093], [-97.72344625829749, 30.416399699713086], [-97.72347897731716, 30.416747229902224], [-97.72300980174816, 30.41658220482318], [-97.72266716856623, 30.41697449979414], [-97.72146694708343, 30.41872277847787], [-97.72088999991675, 30.41846999980409], [-97.72072000014506, 30.41846000030505], [-97.7203399997385, 30.41829000038852], [-97.7187493066639, 30.41753953275917], [-97.71825999962655, 30.41731000040027], [-97.71826086653756, 30.417307853388206], [-97.71825921579385, 30.41730845681454], [-97.71822764243743, 30.417135923724167], [-97.7178293183811, 30.416961461703156], [-97.71769671730722, 30.41698830023785], [-97.71756323644209, 30.41654128013396], [-97.71692357422013, 30.41641502641682], [-97.71612583013297, 30.416189749737228], [-97.7151900940238, 30.415865856281133], [-97.71471973970277, 30.415887250468593], [-97.71460046896622, 30.41588104625183], [-97.71432979362751, 30.415799483291117], [-97.71426141348884, 30.41530107762281], [-97.7142432266156, 30.41446288883397], [-97.71451943354452, 30.414317564185453], [-97.714456857959, 30.412380945618487], [-97.71018508884697, 30.41143796409191], [-97.71015825983464, 30.41139494542621], [-97.70999447919557, 30.411239919844878], [-97.70982154587469, 30.411104055426566], [-97.70957630303687, 30.411277725055328], [-97.70701296767356, 30.414015437697582], [-97.70586100423132, 30.415586227836865], [-97.70409337703818, 30.420205948363915], [-97.70407239312026, 30.42029691983971], [-97.70406298249603, 30.42029150778807], [-97.70406221055704, 30.420288697607543], [-97.7035819029377, 30.41997762158088], [-97.70170826156684, 30.418703642177746], [-97.69907381262284, 30.417324535914666], [-97.69413649810369, 30.414945057470245], [-97.6932247516048, 30.414518352554555], [-97.69157210840838, 30.413719768900876], [-97.69058371396902, 30.41325211409899], [-97.69058478674556, 30.4132506956953], [-97.6905690190481, 30.413243171504238], [-97.69168710623242, 30.41170817920936], [-97.69227737218938, 30.41137952395716], [-97.69276146663671, 30.411182040117147], [-97.69459577254531, 30.41099750931123]]]]}, "properties": {"route_id": "PAW55", "district": "District 6", "garb_day": "Wednesday", "op_type": "Auto", "supervisor": "Castillo", "super_num": 500, "centroid_lat": 30.405108566079658, "centroid_lng": -97.71425029345136}}, {"type": "Feature", "geometry": {"type": "MultiPolygon", "coordinates": [[[[-97.70034454589948, 30.39082546600006], [-97.70092348655307, 30.390383958419715], [-97.70114001609025, 30.390183509219558], [-97.70154464416952, 30.38963496402429], [-97.70168456041371, 30.389447642003365], [-97.70227644090723, 30.389791488935252], [-97.70274871518585, 30.39003366159565], [-97.703240589152, 30.390259627575535], [-97.70456532983785, 30.390851391286276], [-97.70458240672588, 30.39084587195834], [-97.70824917168872, 30.392357586656836], [-97.70726775489287, 30.39390609998597], [-97.70637808756881, 30.3951918319056], [-97.70532334124479, 30.396889069314927], [-97.70426936508726, 30.398556679253833], [-97.7028408236011, 30.400794488204152], [-97.70233861623801, 30.401658428509002], [-97.70195103369001, 30.402080189855514], [-97.70037734526609, 30.403091817083734], [-97.70032540282693, 30.403028727217613], [-97.70032337652503, 30.403026266460103], [-97.6996299998624, 30.40215999981986], [-97.69934000023747, 30.401869999825777], [-97.69842999992751, 30.401090000247272], [-97.6977399997621, 30.400570000274094], [-97.69756999999765, 30.40045000016286], [-97.69736999953611, 30.400250000169752], [-97.69724999956641, 30.400070000116717], [-97.6970999997601, 30.399609999991682], [-97.69691000021344, 30.39934000004153], [-97.69678999990548, 30.399230000059948], [-97.69626000000281, 30.398939999832447], [-97.6954999998354, 30.398610000222426], [-97.69526999978588, 30.398409999971555], [-97.69509999978057, 30.39812000008201], [-97.69506999989095, 30.397870000139694], [-97.69512999986294, 30.397520000065146], [-97.69521999987957, 30.397229999936254], [-97.69536999977333, 30.39697000032804], [-97.69578222482627, 30.39637286551335], [-97.69614999996047, 30.39565999981327], [-97.69672999988445, 30.394610000324583], [-97.69719000013501, 30.394090000211413], [-97.69777000000599, 30.393750000026373], [-97.69797999957309, 30.393620000365313], [-97.69813999989913, 30.393360000279326], [-97.69852000001241, 30.392550000091802], [-97.69866999968447, 30.39230000003606], [-97.69867085040485, 30.392299523464544], [-97.6988668489422, 30.392001948986774], [-97.69909793690873, 30.391831133114298], [-97.69934772179357, 30.391593646503342], [-97.69955230172334, 30.391435783885758], [-97.70034454589948, 30.39082546600006]]]]}, "properties": {"route_id": "PW20", "district": "District 6", "garb_day": "Wednesday", "op_type": "Semi", "supervisor": "Clark", "super_num": null, "centroid_lat": 30.39591041221775, "centroid_lng": -97.70134820626853}}, {"type": "Feature", "geometry": {"type": "MultiPolygon", "coordinates": [[[[-97.68666557399483, 30.411354835054304], [-97.6866566338873, 30.41134612887481], [-97.68666049733329, 30.411347988156965], [-97.68666268285243, 30.411123129200103], [-97.68649587185661, 30.410067290778894], [-97.68751932815186, 30.407984812411765], [-97.69158780051814, 30.402854300758573], [-97.68694982097084, 30.399660273969197], [-97.68454375274756, 30.39462158886794], [-97.68407806969375, 30.389584720533875], [-97.6883387317813, 30.391793490065776], [-97.68844999963774, 30.391630000277726], [-97.68871999976814, 30.391200000244194], [-97.68911999951922, 30.390699999959416], [-97.68923999985411, 30.390580000106596], [-97.68946999977673, 30.390469999851348], [-97.68970999988267, 30.390400000292303], [-97.68970999957315, 30.390169999984636], [-97.68979999991967, 30.389829999799314], [-97.69019999989668, 30.389180000157356], [-97.69063999969237, 30.388440000108695], [-97.69116000000106, 30.387630000306412], [-97.69158999968202, 30.38690000024368], [-97.69203000001484, 30.38620000026876], [-97.69241717479414, 30.385551707863407], [-97.69282999980388, 30.384870000339415], [-97.69285547560636, 30.38477446579371], [-97.69307895656551, 30.384859150170737], [-97.6930387016793, 30.384937806750198], [-97.6943310727837, 30.385443512417766], [-97.69569171022317, 30.386119140352434], [-97.6977511654042, 30.387157843280967], [-97.69857257627548, 30.38760173104745], [-97.69858171025028, 30.38760666633977], [-97.69862215339217, 30.387632987005638], [-97.69950390340904, 30.388206822550966], [-97.69956489795368, 30.388201480328696], [-97.69956133606357, 30.388208001644188], [-97.70014619573568, 30.388535526351], [-97.70165418335452, 30.389429994506713], [-97.70168456041371, 30.389447642003365], [-97.70154464416952, 30.38963496402429], [-97.70114001609025, 30.390183509219558], [-97.70092348655307, 30.390383958419715], [-97.70034454589948, 30.39082546600006], [-97.69955230172334, 30.391435783885758], [-97.69934772179357, 30.391593646503342], [-97.69909793690873, 30.391831133114298], [-97.6988668489422, 30.392001948986774], [-97.69867085040485, 30.392299523464544], [-97.69866999968447, 30.39230000003606], [-97.69852000001241, 30.392550000091802], [-97.69813999989913, 30.393360000279326], [-97.69797999957309, 30.393620000365313], [-97.69777000000599, 30.393750000026373], [-97.69719000013501, 30.394090000211413], [-97.69672999988445, 30.394610000324583], [-97.69614999996047, 30.39565999981327], [-97.69578222482627, 30.39637286551335], [-97.69536999977333, 30.39697000032804], [-97.69521999987957, 30.397229999936254], [-97.69512999986294, 30.397520000065146], [-97.69506999989095, 30.397870000139694], [-97.69509999978057, 30.39812000008201], [-97.69526999978588, 30.398409999971555], [-97.6954999998354, 30.398610000222426], [-97.69626000000281, 30.398939999832447], [-97.69678999990548, 30.399230000059948], [-97.69691000021344, 30.39934000004153], [-97.6970999997601, 30.399609999991682], [-97.69724999956641, 30.400070000116717], [-97.69736999953611, 30.400250000169752], [-97.69756999999765, 30.40045000016286], [-97.6977399997621, 30.400570000274094], [-97.69842999992751, 30.401090000247272], [-97.69934000023747, 30.401869999825777], [-97.6996299998624, 30.40215999981986], [-97.70032337652503, 30.403026266460103], [-97.70037734526609, 30.403091817083734], [-97.70029806451339, 30.403142781389768], [-97.699012745769, 30.40388691327928], [-97.69843356264096, 30.404438089287886], [-97.69787437250802, 30.4055082893915], [-97.69699118047882, 30.40842403059717], [-97.69667520506214, 30.409351046500568], [-97.69627987046027, 30.41005416777739], [-97.69577100440596, 30.410532690093394], [-97.69542320361009, 30.410747804564327], [-97.69459577254531, 30.41099750931123], [-97.69276146663671, 30.411182040117147], [-97.69227737218938, 30.41137952395716], [-97.69168710623242, 30.41170817920936], [-97.6905737218693, 30.41323671586678], [-97.68666557399483, 30.411354835054304]]]]}, "properties": {"route_id": "PW21", "district": "District 6", "garb_day": "Wednesday", "op_type": "Semi", "supervisor": "Clark", "super_num": null, "centroid_lat": 30.398427830860378, "centroid_lng": -97.69259717816514}}, {"type": "Feature", "geometry": {"type": "MultiPolygon", "coordinates": [[[[-97.67217156802867, 30.38962603068475], [-97.67250862240108, 30.388202186403387], [-97.67364823784696, 30.38322878304934], [-97.67434263815481, 30.3804163808066], [-97.67509086959457, 30.37874014308777], [-97.67582838306407, 30.37742040372032], [-97.67612218969731, 30.377048383414735], [-97.6761697075428, 30.377060284674283], [-97.67646058373879, 30.377119391782546], [-97.6768603990427, 30.37717485632098], [-97.67750041761902, 30.377400436918908], [-97.67990056979716, 30.378432351079805], [-97.67989991170406, 30.378433205562295], [-97.68014439527151, 30.37853820318895], [-97.68061025026175, 30.378740981947136], [-97.68061329937333, 30.378739737961286], [-97.6810218170252, 30.37891392230279], [-97.68130974393006, 30.379055418579338], [-97.68187047314139, 30.37932002457018], [-97.68254330124005, 30.37967730657372], [-97.68260121145774, 30.379655912603287], [-97.68260517809932, 30.379701175833983], [-97.68267164267098, 30.379747730409242], [-97.68340040129105, 30.380155862926603], [-97.68340556814593, 30.380154193588293], [-97.6834108987476, 30.380157202645062], [-97.68479630733955, 30.380939216167178], [-97.68521259098169, 30.38115112528027], [-97.68613965786768, 30.38173954186848], [-97.68618076006388, 30.381749574254236], [-97.68625488464998, 30.381873785052846], [-97.68630445279025, 30.381896566779815], [-97.68630524512416, 30.38189693130324], [-97.68707979630094, 30.382252914155107], [-97.68776722813875, 30.382568851338632], [-97.68866420459551, 30.382858928145048], [-97.68924894212581, 30.383112388432018], [-97.6901070091123, 30.383552532709327], [-97.69213458812229, 30.384499567378306], [-97.69247217929878, 30.384613935457633], [-97.69246497291537, 30.384626490022526], [-97.69285344538622, 30.384773696288313], [-97.69285547560636, 30.38477446579371], [-97.69282999980388, 30.384870000339415], [-97.69241717479414, 30.385551707863407], [-97.69203000001484, 30.38620000026876], [-97.69158999968202, 30.38690000024368], [-97.69116000000106, 30.387630000306412], [-97.69063999969237, 30.388440000108695], [-97.69019999989668, 30.389180000157356], [-97.68979999991967, 30.389829999799314], [-97.68970999957315, 30.390169999984636], [-97.68970999988267, 30.390400000292303], [-97.68946999977673, 30.390469999851348], [-97.68923999985411, 30.390580000106596], [-97.68911999951922, 30.390699999959416], [-97.68871999976814, 30.391200000244194], [-97.68844999963774, 30.391630000277726], [-97.6883387317813, 30.391793490065776], [-97.68407806969375, 30.389584720533875], [-97.68407674554432, 30.389570394975856], [-97.68291944320289, 30.389340552793307], [-97.68249940775615, 30.388768648299198], [-97.68120232820507, 30.388302249364198], [-97.68117949268706, 30.387849482149125], [-97.68106771957574, 30.387791539700153], [-97.6803452991634, 30.3874195037282], [-97.68021705776403, 30.387438420868897], [-97.68019779937862, 30.38731268657919], [-97.67994075808473, 30.386813333979333], [-97.67905579412357, 30.386568438146035], [-97.67905015264931, 30.3865668768953], [-97.67829339819778, 30.387567505041005], [-97.67663132282757, 30.3887373509845], [-97.67253044590552, 30.389675329548663], [-97.67217156802867, 30.38962603068475]]]]}, "properties": {"route_id": "PW31", "district": "District 6", "garb_day": "Wednesday", "op_type": "Semi", "supervisor": "Williams", "super_num": null, "centroid_lat": 30.384656654078125, "centroid_lng": -97.68177873787529}}, {"type": "Feature", "geometry": {"type": "MultiPolygon", "coordinates": [[[[-97.66087442896381, 30.304994803093262], [-97.66086858067749, 30.303806470021335], [-97.66094655858022, 30.302634977199276], [-97.6609485324242, 30.30263661463619], [-97.66095950306156, 30.302645716177963], [-97.66111861049454, 30.301719589567732], [-97.6628594314998, 30.295190727461655], [-97.66365560896718, 30.292229084589646], [-97.66365801628952, 30.292219827987942], [-97.66367998365324, 30.29222845315158], [-97.66539408833127, 30.292901454817674], [-97.66588913960827, 30.293093521522067], [-97.666166855875, 30.293149790849014], [-97.66641107773714, 30.293154873018054], [-97.66678545560632, 30.29308187929365], [-97.66717341436953, 30.292938482113186], [-97.66780754405859, 30.292729517789265], [-97.66826221241035, 30.292698581472052], [-97.66869194843855, 30.292727712815182], [-97.66888797947111, 30.292792375635372], [-97.67096676502707, 30.293784778537674], [-97.671311480558, 30.29394340760054], [-97.67162464844614, 30.29398020568165], [-97.67205494852583, 30.29398914135125], [-97.67237062028121, 30.293935107957363], [-97.67386127883876, 30.293347711476713], [-97.67482931030479, 30.29296624399659], [-97.67521475458581, 30.292913651649833], [-97.67565751316087, 30.292892539851458], [-97.6759881238078, 30.292929689008144], [-97.67656488173837, 30.293113310391952], [-97.67738058744679, 30.29349374120395], [-97.67747179400389, 30.293540278824295], [-97.67773734087822, 30.293675773696556], [-97.6777522584951, 30.29368285148252], [-97.68116714167276, 30.295302964590707], [-97.68116844542385, 30.29530357340676], [-97.68253038675074, 30.29593975981165], [-97.68457007269129, 30.296951873853228], [-97.6848875114965, 30.297097902694937], [-97.68547128172462, 30.2973889021466], [-97.68577610434254, 30.297543075522654], [-97.68624228836819, 30.297778859397788], [-97.68699974031338, 30.29813049423589], [-97.68701591443106, 30.298134064375354], [-97.68701508866681, 30.298134145697674], [-97.68701076908104, 30.298141918695805], [-97.68700791765335, 30.298140462138537], [-97.68700700624743, 30.298144598099352], [-97.68692584307945, 30.298295090779863], [-97.68646711672667, 30.29913925228356], [-97.68592939174874, 30.30012685752688], [-97.68592031970414, 30.300457571761864], [-97.6859039535173, 30.301107702567087], [-97.68600677794814, 30.304760794499167], [-97.68552246940499, 30.30521985544952], [-97.6855299998536, 30.306560000107574], [-97.68471999966879, 30.30618000021916], [-97.68444999993453, 30.306060000060537], [-97.68313999975271, 30.30543999997236], [-97.68288999982917, 30.305310000332817], [-97.68288944234503, 30.305310102621362], [-97.68235999990495, 30.305050000055868], [-97.68139999988765, 30.304600000266436], [-97.67911000006141, 30.303470000413082], [-97.67910994145639, 30.303469781807667], [-97.67910870414401, 30.303470425652428], [-97.6782454674452, 30.303047900281978], [-97.67759893828102, 30.302729667251658], [-97.67682367811545, 30.30391519802157], [-97.67630113307135, 30.304710377344605], [-97.6762694840599, 30.30476027441774], [-97.67626947403565, 30.304760245000498], [-97.67626630355296, 30.304756750192304], [-97.67624058073494, 30.304761265001623], [-97.67163318938027, 30.304660431516567], [-97.67018190990788, 30.305814883371912], [-97.67003123242233, 30.306190451173254], [-97.6698586829403, 30.306750770380646], [-97.66977289883707, 30.307056526691394], [-97.66930667411918, 30.30846893650702], [-97.66916762417331, 30.308674355341207], [-97.66912888865619, 30.308759819459063], [-97.6688348808553, 30.309044078392258], [-97.66857090057691, 30.30920692099972], [-97.6675632756542, 30.309782185907874], [-97.66719081317714, 30.310068330594166], [-97.66681000008911, 30.310440000035616], [-97.66648999976509, 30.310850000284976], [-97.66610999980372, 30.311460000182496], [-97.66553000023751, 30.31236000003639], [-97.66503999974972, 30.313129999851373], [-97.6647879305849, 30.31339311871381], [-97.66403974895825, 30.314560454244376], [-97.6635901463353, 30.31540729966801], [-97.66333962975898, 30.315786234494663], [-97.66321671717228, 30.31598297475552], [-97.66321252427211, 30.315973141679667], [-97.66280230974351, 30.314470145787812], [-97.66156681618988, 30.309352301361365], [-97.66138637497664, 30.30849610831873], [-97.66101877418288, 30.30678012906785], [-97.66087442896381, 30.304994803093262]]]]}, "properties": {"route_id": "PAH52", "district": "District 1", "garb_day": "Thursday", "op_type": "Auto", "supervisor": "Castillo", "super_num": 500, "centroid_lat": 30.301095225666877, "centroid_lng": -97.67171529192933}}, {"type": "Feature", "geometry": {"type": "MultiPolygon", "coordinates": [[[[-97.62769959285579, 30.354803207787132], [-97.63059175358327, 30.35040256800243], [-97.63589093723556, 30.351907620666662], [-97.6386156335297, 30.35270351684227], [-97.63869112637646, 30.352790391208476], [-97.6386592456114, 30.35286358753106], [-97.63643316830137, 30.354848394977097], [-97.63476228609481, 30.353473462594362], [-97.6338562202698, 30.354298253273807], [-97.6354448287823, 30.35574469244834], [-97.63089051606049, 30.359869759113277], [-97.63068312008895, 30.36009861286883], [-97.6252884292483, 30.358573549861458], [-97.62711750120731, 30.35570325028875], [-97.62746306431363, 30.355160946849047], [-97.62769959285579, 30.354803207787132]]], [[[-97.65071742623616, 30.365737715263943], [-97.65071713241562, 30.36573684028882], [-97.650716913325, 30.36573760536699], [-97.65071742623616, 30.365737715263943], [-97.650182126618, 30.367605077606413], [-97.65174876779056, 30.36831716521739], [-97.65220716387809, 30.368658899103604], [-97.65437258524985, 30.370236690846717], [-97.65462233254995, 30.37047178801531], [-97.655153169104, 30.371346466947625], [-97.65643937447608, 30.37399626245588], [-97.65715311337202, 30.375451116922935], [-97.65760127400794, 30.376316485237542], [-97.6578575693869, 30.37661957717108], [-97.65831217769042, 30.37699503735898], [-97.65866776308724, 30.377237324719477], [-97.65930506907421, 30.377728608506754], [-97.65967635252875, 30.37808887610987], [-97.66001999959839, 30.37872000033557], [-97.6600211559679, 30.378720583782194], [-97.66002112610303, 30.378720655344523], [-97.66002069609635, 30.37872167442792], [-97.65991112818732, 30.37861755611539], [-97.6591987509154, 30.378953893076755], [-97.65740025523189, 30.379880806931684], [-97.65546789492808, 30.381854251051138], [-97.65335177677228, 30.384015233903515], [-97.64957023159818, 30.384930700008415], [-97.64949979724321, 30.384898968750782], [-97.64852660560797, 30.38702293495407], [-97.64852650434459, 30.387023155041305], [-97.6483586772419, 30.387049195848206], [-97.64828241258725, 30.38719441461817], [-97.64823140372964, 30.3871793342288], [-97.64823409458613, 30.387174432575232], [-97.64823189409746, 30.3871739800171], [-97.64724240185681, 30.386634818262706], [-97.64683377149026, 30.386401320770236], [-97.64668871548398, 30.386318432901685], [-97.64592591735817, 30.38593670729589], [-97.64558305285625, 30.385624733216787], [-97.64506366416938, 30.385339538685646], [-97.64447060988873, 30.385174714046492], [-97.64398551263358, 30.38492071280334], [-97.6430479106944, 30.384504825420354], [-97.64265117584023, 30.384292870524156], [-97.64222688547608, 30.38497041902827], [-97.64197725044829, 30.385361242626306], [-97.64255724029738, 30.385637449866845], [-97.6413710254076, 30.387587367448177], [-97.64002516702122, 30.386959526897233], [-97.64026309793437, 30.385710328935332], [-97.64088112802767, 30.3847661539886], [-97.64156173962654, 30.38371052240245], [-97.64090546778112, 30.383383202026213], [-97.64063720216421, 30.3832483016885], [-97.64010463614977, 30.382978581861412], [-97.6379083606681, 30.38187904040553], [-97.63414758782547, 30.379979181263767], [-97.63394650513334, 30.37988143565965], [-97.63374890048925, 30.379772761240478], [-97.63365604312968, 30.379718549028656], [-97.63320022134042, 30.379428411150823], [-97.63099153333008, 30.382965709810595], [-97.62776397012016, 30.38812624844211], [-97.62670463228254, 30.387465802831066], [-97.62627060418465, 30.387189853033135], [-97.62559272147396, 30.38675748127892], [-97.62597765543038, 30.38626777718612], [-97.6252769685461, 30.385856925263106], [-97.62527398160748, 30.385855235858767], [-97.62526264495703, 30.3858762056791], [-97.62302160322112, 30.389406621742435], [-97.62420025603318, 30.389977257771797], [-97.62444131808958, 30.39009376200017], [-97.62344013820699, 30.3916389032311], [-97.62199467557582, 30.393869614051525], [-97.62362820693862, 30.394666721247624], [-97.62324324087419, 30.395304759459766], [-97.62320251936418, 30.395372071180635], [-97.62299456740541, 30.39565598073626], [-97.62293375550473, 30.395741029708287], [-97.62287089853167, 30.395859648440616], [-97.62278676559097, 30.395957491767987], [-97.62257931345573, 30.396299910416822], [-97.62244922947009, 30.396483778369745], [-97.62197728715363, 30.397188754407463], [-97.62088521892315, 30.398852886026692], [-97.6196472668374, 30.39826051372189], [-97.6190530426371, 30.397980593204892], [-97.6185107245839, 30.398818864285623], [-97.6188250684696, 30.400903457784842], [-97.61934542334372, 30.401250483378295], [-97.61706616408301, 30.40467183945408], [-97.61313142436593, 30.402806224413023], [-97.61237609896678, 30.39888115627431], [-97.61153726037348, 30.397782846592843], [-97.61325089258803, 30.395166003565656], [-97.61335814514497, 30.39520334734991], [-97.61371134475071, 30.394649242065203], [-97.61398617701118, 30.39420051509514], [-97.61412777352363, 30.3939779267384], [-97.61195980597971, 30.392927334151683], [-97.61358827266483, 30.39031799297641], [-97.616219322007, 30.38617125892695], [-97.61517705494676, 30.385691514037994], [-97.61586496792481, 30.38472420924855], [-97.61562035792655, 30.384473557793882], [-97.61817326159495, 30.380954670533928], [-97.6196095210108, 30.37910313059007], [-97.62158710462543, 30.38037229808932], [-97.62177267336476, 30.380485318171814], [-97.62194513848986, 30.380557038425803], [-97.62603344235781, 30.374648380143448], [-97.62747871198442, 30.37534172959177], [-97.6278338535927, 30.375544501361148], [-97.63071688685669, 30.37097630651331], [-97.63110418255152, 30.371163243848304], [-97.63123238134071, 30.37083314299151], [-97.63153895623851, 30.36999521981284], [-97.63236410148131, 30.36805429428195], [-97.6328368862451, 30.366887067049323], [-97.63312476042137, 30.366178016789902], [-97.63347517544142, 30.36530250702496], [-97.63380707249247, 30.364465112419865], [-97.63425996378426, 30.363242453061048], [-97.63468592322207, 30.362046730587856], [-97.63491285744526, 30.361353586466027], [-97.63491308154117, 30.361352901986514], [-97.63491312042719, 30.361352912596754], [-97.63493462002049, 30.36129782161251], [-97.63730100493821, 30.36194341219334], [-97.63731242475968, 30.36194582610301], [-97.63755163488526, 30.361504654588014], [-97.6388715054448, 30.35882047409036], [-97.6393008537255, 30.357954859740897], [-97.64003731161736, 30.356454845555024], [-97.64016093398787, 30.356201653044298], [-97.64152175592473, 30.35355793405021], [-97.6415647493853, 30.353460983771274], [-97.6440912194115, 30.354181661142995], [-97.64449918495269, 30.354310384664632], [-97.64480697857154, 30.354399315254504], [-97.64551887343083, 30.35456299337149], [-97.64651275175919, 30.354802566320828], [-97.64665836524563, 30.35510417805002], [-97.64675281082938, 30.355010976002728], [-97.64694300102254, 30.355169358269144], [-97.64700676626954, 30.355228978333777], [-97.6471217154471, 30.355336991778906], [-97.64811893985932, 30.356191891712584], [-97.64827903015906, 30.356260578760768], [-97.64784647467022, 30.35437151668061], [-97.64779825529085, 30.35416697656207], [-97.64772892524583, 30.354008750813435], [-97.64795320247809, 30.353642140714438], [-97.64754771956932, 30.353454872696194], [-97.64785667359662, 30.352980019898133], [-97.64736602837046, 30.35273605030621], [-97.6475875520482, 30.352410305654836], [-97.64975650243903, 30.353446864081693], [-97.65047199719291, 30.353798571862637], [-97.65073416958602, 30.353854884751108], [-97.65092383056471, 30.35388426635111], [-97.65132070372643, 30.35410223335327], [-97.65263368742787, 30.354834929020164], [-97.65293123832545, 30.354936451054773], [-97.65342154068738, 30.35521990008692], [-97.65344774083759, 30.35506796281435], [-97.65359073797416, 30.354931172984863], [-97.65373179482846, 30.354864231408232], [-97.6539105613906, 30.354269740908208], [-97.65324702323801, 30.353140969632722], [-97.6536534667155, 30.352893336279177], [-97.65408019784527, 30.352540661278322], [-97.65449291002241, 30.352067161038697], [-97.65487345727738, 30.351287941995587], [-97.65654985201627, 30.35208915463204], [-97.6567594221098, 30.35175781825771], [-97.65724446720144, 30.35101752919385], [-97.65729212234892, 30.35110541335818], [-97.65737218494598, 30.351174225861804], [-97.65861670226064, 30.35178471998608], [-97.65987418230601, 30.35240523551897], [-97.65997807162299, 30.352526708715732], [-97.65997932354907, 30.352552662868483], [-97.65896767109922, 30.353679166397907], [-97.65844863795155, 30.357030977037436], [-97.65762872640708, 30.357346378165516], [-97.65747867818664, 30.357601550282816], [-97.65747173549022, 30.35763390969552], [-97.65743410844443, 30.35764022389908], [-97.65725295840866, 30.35797699980349], [-97.656280094105, 30.359425344234943], [-97.65565896221672, 30.360359548762588], [-97.65574838315167, 30.3611170248958], [-97.65536029479233, 30.362939410859372], [-97.65555485870723, 30.363667155204404], [-97.65582249684175, 30.364194219466505], [-97.65618618398669, 30.364548040052636], [-97.6561803421959, 30.364557589696883], [-97.65616725224162, 30.364578988510356], [-97.65542692864913, 30.36576821409778], [-97.65490353365767, 30.36663214142355], [-97.65489823752374, 30.366640883197036], [-97.65460418837421, 30.367126240231574], [-97.65452170196671, 30.367204495617738], [-97.65440970108473, 30.367118221224025], [-97.65434382623457, 30.36707243952446], [-97.65423306837818, 30.36699940226822], [-97.65406259429253, 30.366922466580487], [-97.65391004897279, 30.366858666652046], [-97.65374079725623, 30.366796816386056], [-97.65356173071719, 30.36673905673032], [-97.65335779588827, 30.366683107600398], [-97.6531212976293, 30.366623974946737], [-97.6527491936889, 30.366543738891274], [-97.65231662907227, 30.366464425268564], [-97.65145650027911, 30.36635295453411], [-97.65131021961881, 30.36631889912033], [-97.65121381582557, 30.366292668191576], [-97.65113303285895, 30.366259106400392], [-97.65105146490413, 30.366208198134842], [-97.65097438532321, 30.36615349424097], [-97.65093526505564, 30.366121569580386], [-97.65086303443307, 30.366037799146763], [-97.65080529352767, 30.36595907200194], [-97.65075732760249, 30.36585653834447], [-97.65071742623616, 30.365737715263943]], [[-97.618268975034, 30.3864933976873], [-97.61809641802226, 30.38703523368913], [-97.61809057489785, 30.387032544329198], [-97.61860283118224, 30.387278273066247], [-97.61862700040308, 30.38728722568401], [-97.6189530056602, 30.386780616998916], [-97.618268975034, 30.3864933976873]], [[-97.61921115883183, 30.391003812637244], [-97.6203910057449, 30.391573604762375], [-97.62190888686084, 30.389215582850493], [-97.62191333297886, 30.389208665796737], [-97.62192142321412, 30.38919606152126], [-97.62167035297895, 30.389076345754656], [-97.62134087492443, 30.38891924244084], [-97.6213320875086, 30.388930743720945], [-97.62111626271096, 30.388827970625304], [-97.62033334530385, 30.388455150169932], [-97.62009169206274, 30.38887310873846], [-97.62030123689853, 30.38904528085787], [-97.62042739668347, 30.389099278506944], [-97.61921115883183, 30.391003812637244]]]]}, "properties": {"route_id": "PW32", "district": "District 6", "garb_day": "Wednesday", "op_type": "Semi", "supervisor": "Williams", "super_num": null, "centroid_lat": 30.373921233406094, "centroid_lng": -97.63787915043312}}, {"type": "Feature", "geometry": {"type": "MultiPolygon", "coordinates": [[[[-97.67462210830925, 30.407969701423283], [-97.67441672122192, 30.40792378942531], [-97.673984832392, 30.40783247341693], [-97.67321554245957, 30.407669445356774], [-97.6723902326526, 30.407322868774045], [-97.66951028730804, 30.40592172186666], [-97.66871697344588, 30.405646385168595], [-97.66816445868653, 30.405499594224423], [-97.66761694084282, 30.405417621018504], [-97.66504733533111, 30.40536944087489], [-97.66421608774856, 30.405320774459362], [-97.66283849514508, 30.40495741614908], [-97.65957098865086, 30.40341003616497], [-97.65735881074004, 30.402323879796022], [-97.6566507414246, 30.40186391434481], [-97.65555413953655, 30.400794431764893], [-97.6552941766764, 30.400421914328], [-97.65487721562496, 30.39953843927891], [-97.65398960207293, 30.39613797775411], [-97.6529276080183, 30.391882525545306], [-97.65266724958335, 30.39087734651702], [-97.6520971797112, 30.38967043345142], [-97.65157321724207, 30.38907369704117], [-97.65082058697023, 30.388276915818885], [-97.64852660557882, 30.38702293492102], [-97.64949979724325, 30.384898968750797], [-97.64957023159818, 30.384930700008415], [-97.65335177677237, 30.384015233903515], [-97.65546789492808, 30.3818542510511], [-97.65688995777266, 30.382660220971406], [-97.65752737631888, 30.38299411338362], [-97.65767580820676, 30.383073625700913], [-97.6582604359628, 30.383488739152977], [-97.65881521518219, 30.383882387139597], [-97.65915737585661, 30.3840840339306], [-97.65963884241917, 30.38428997223037], [-97.66004768796488, 30.384484698613964], [-97.65958177093704, 30.385506356914373], [-97.65947645994355, 30.387146631784432], [-97.65882513378735, 30.389778295583277], [-97.65906825509826, 30.39076113794128], [-97.65984123567058, 30.391140437423235], [-97.6605522405167, 30.391623491109534], [-97.6620997057651, 30.392878649886885], [-97.66380687278841, 30.394219742272618], [-97.66442877840247, 30.39470918249977], [-97.66470794133288, 30.3949546172561], [-97.66497864533977, 30.395161314894448], [-97.66691898938268, 30.396116097342748], [-97.6690693692721, 30.397175285463018], [-97.66885128660736, 30.39905391030246], [-97.67076377711807, 30.399074026394132], [-97.67300030573293, 30.399087775483473], [-97.67343115028324, 30.399141679791228], [-97.67344656248726, 30.39917288137006], [-97.67358750472262, 30.399176872011992], [-97.67383970037952, 30.399188987859407], [-97.67433180955258, 30.399268071057342], [-97.67471561882675, 30.399414104569363], [-97.67487859675677, 30.39953154773043], [-97.67521806997763, 30.399843087709872], [-97.67560999970765, 30.40021000013877], [-97.67624999988749, 30.400590000199912], [-97.67853999979566, 30.401579999765623], [-97.67916999996034, 30.401779999982487], [-97.67924000007484, 30.401120000134707], [-97.67934999979309, 30.39908000017749], [-97.68008554825516, 30.398886411669956], [-97.68666039438907, 30.399054200372966], [-97.68694982097084, 30.399660273969197], [-97.69158780051814, 30.402854300758573], [-97.68751932815186, 30.407984812411765], [-97.68649587185661, 30.410067290778894], [-97.68666268285243, 30.411123129200103], [-97.68666049733329, 30.411347988156965], [-97.68630500215845, 30.41117687324102], [-97.68217981686144, 30.40922200385218], [-97.67923750209604, 30.408039055889187], [-97.67884816727182, 30.407923564729465], [-97.6781273337085, 30.40784299424644], [-97.67773680915263, 30.4078202546457], [-97.6764025604828, 30.408030477391474], [-97.6758744810668, 30.40806862042701], [-97.67524618437501, 30.408026748502998], [-97.67473864767229, 30.407995094132527], [-97.67462210830925, 30.407969701423283]]]]}, "properties": {"route_id": "PW12", "district": "District 6", "garb_day": "Wednesday", "op_type": "Semi", "supervisor": "L Joyner", "super_num": 800, "centroid_lat": 30.39888828316688, "centroid_lng": -97.6684458391183}}, {"type": "Feature", "geometry": {"type": "MultiPolygon", "coordinates": [[[[-97.67343115028324, 30.399141679791228], [-97.67300030573293, 30.399087775483473], [-97.67076377711807, 30.399074026394132], [-97.66885128660736, 30.39905391030246], [-97.6690693692721, 30.397175285463018], [-97.66691898938268, 30.396116097342748], [-97.66497864533977, 30.395161314894448], [-97.66470794133288, 30.3949546172561], [-97.66442877840247, 30.39470918249977], [-97.66380687278841, 30.394219742272618], [-97.6620997057651, 30.392878649886885], [-97.6605522405167, 30.391623491109534], [-97.65984123567058, 30.391140437423235], [-97.65906825509826, 30.39076113794128], [-97.65882513378735, 30.389778295583277], [-97.65947645994355, 30.387146631784432], [-97.65958177093704, 30.385506356914373], [-97.66004768796488, 30.384484698613964], [-97.65963884241917, 30.38428997223037], [-97.65915737585661, 30.3840840339306], [-97.65881521518219, 30.383882387139597], [-97.6582604359628, 30.383488739152977], [-97.65767580820676, 30.383073625700913], [-97.65752737631888, 30.38299411338362], [-97.65688995777266, 30.382660220971406], [-97.65546789492808, 30.3818542510511], [-97.65740025523186, 30.379880806931684], [-97.65919875091544, 30.378953893076755], [-97.65991112818742, 30.378617556115426], [-97.66002069609635, 30.37872167442783], [-97.66002112610313, 30.37872065534447], [-97.66026783810153, 30.378135772331305], [-97.66068571451119, 30.37740699031345], [-97.66095300291563, 30.37653140356195], [-97.66261984847557, 30.37680261268117], [-97.66382015519685, 30.379365292263614], [-97.66362761930158, 30.38005901936553], [-97.66446482029987, 30.38357305518989], [-97.66538267226586, 30.38506328398908], [-97.66655677255123, 30.387070532020793], [-97.66755137330716, 30.388455735197024], [-97.67216308411138, 30.389628368587317], [-97.67217064702007, 30.389630291804917], [-97.67217156783701, 30.389626030696782], [-97.67253044590552, 30.389675329548663], [-97.67663132282757, 30.3887373509845], [-97.67829339819778, 30.387567505041005], [-97.67905015264931, 30.3865668768953], [-97.67905579412357, 30.386568438146035], [-97.67994075808473, 30.386813333979333], [-97.68019779937862, 30.38731268657919], [-97.68021705776403, 30.387438420868897], [-97.6803452991634, 30.3874195037282], [-97.68106771957574, 30.387791539700153], [-97.68117949268706, 30.387849482149125], [-97.68120232820507, 30.388302249364198], [-97.68249940775615, 30.388768648299198], [-97.68291944320289, 30.389340552793307], [-97.68407674554432, 30.389570394975856], [-97.68454375274756, 30.39462158886794], [-97.68666039438907, 30.399054200372966], [-97.68008554825516, 30.398886411669956], [-97.67934999979309, 30.39908000017749], [-97.67924000007484, 30.401120000134707], [-97.67916999996034, 30.401779999982487], [-97.67853999979566, 30.401579999765623], [-97.67624999988749, 30.400590000199912], [-97.67560999970765, 30.40021000013877], [-97.67521806997763, 30.399843087709872], [-97.67487859675677, 30.39953154773043], [-97.67471561882675, 30.399414104569363], [-97.67433180955258, 30.399268071057342], [-97.67383970037952, 30.399188987859407], [-97.67358750472262, 30.399176872011992], [-97.67344656248726, 30.39917288137006], [-97.67343115028324, 30.399141679791228]]]]}, "properties": {"route_id": "PW11", "district": "District 6", "garb_day": "Wednesday", "op_type": "Semi", "supervisor": "L Joyner", "super_num": 800, "centroid_lat": 30.391180787255205, "centroid_lng": -97.67116005099308}}, {"type": "Feature", "geometry": {"type": "MultiPolygon", "coordinates": [[[[-97.81253473685467, 30.217965455397795], [-97.81252254662232, 30.217964090396254], [-97.81207734820056, 30.217914238471973], [-97.8118292702108, 30.21705724574456], [-97.8111997595073, 30.216799862470662], [-97.81118241623332, 30.216759198014653], [-97.81104119909389, 30.21589411643722], [-97.8112474679988, 30.215172694877825], [-97.8113043830004, 30.21483501506975], [-97.81053787213666, 30.214428910794663], [-97.80846763003818, 30.213417790834747], [-97.80845710472923, 30.21287899157204], [-97.8087508330414, 30.21266706256197], [-97.80885028305792, 30.21264974875086], [-97.80884930959343, 30.21228231689064], [-97.80885026041736, 30.211990199695563], [-97.80885001499507, 30.211780649116537], [-97.80862163972225, 30.211211635665272], [-97.80856052589144, 30.21096873528968], [-97.80856256338059, 30.21078323145626], [-97.8086062326891, 30.21061807937385], [-97.8085100447167, 30.210432673395275], [-97.80714253590905, 30.20734611417925], [-97.80810002409696, 30.20515529686722], [-97.80985279888131, 30.204730912590236], [-97.8097803502396, 30.204279825818876], [-97.80980918591476, 30.20424170392257], [-97.81140446256569, 30.205237822133526], [-97.8129067421599, 30.206030561416135], [-97.8153518084947, 30.207172527460596], [-97.81776427853762, 30.20788134830006], [-97.82048159888633, 30.209257510467022], [-97.82585252468608, 30.211652269774493], [-97.82877235558999, 30.21313397158293], [-97.82918023093048, 30.213218264396296], [-97.83041980729092, 30.213701990830028], [-97.83037153670368, 30.213775972540894], [-97.83040439017276, 30.213850783315515], [-97.83069290518162, 30.214333925291484], [-97.82887396171307, 30.217540266071424], [-97.82811449234671, 30.21762745076617], [-97.82797134725173, 30.21766501598606], [-97.82784563119291, 30.217873881659596], [-97.82773145438141, 30.217816871514863], [-97.82772549919125, 30.217814045141647], [-97.82772589502706, 30.21781341929902], [-97.8274785616229, 30.21769684652481], [-97.82543363277281, 30.216733004981865], [-97.82467041449826, 30.216785924447862], [-97.82311314184258, 30.216893887185904], [-97.82157123646412, 30.217031310744233], [-97.82146664828555, 30.21684618546379], [-97.8213347808285, 30.216612773634996], [-97.82120015284104, 30.21635592185163], [-97.8210949508694, 30.216155209835776], [-97.82109338648445, 30.21615222518087], [-97.82119787053605, 30.21607060593097], [-97.82119806864, 30.216070451178943], [-97.82119922698416, 30.216072056860042], [-97.82119978118587, 30.216071252079406], [-97.82029599404154, 30.21479344941076], [-97.82026408484472, 30.214748335040355], [-97.82025352369025, 30.214763484844706], [-97.82024775061869, 30.214771765938725], [-97.82022625570123, 30.214802598419006], [-97.81995541026231, 30.215201575896902], [-97.81946990281092, 30.21505728236379], [-97.81901358994365, 30.21492206558955], [-97.81901266746384, 30.21492179223398], [-97.81904614939981, 30.21463917001701], [-97.81906044704306, 30.214515687301652], [-97.81895892803946, 30.214370679199774], [-97.81884675682635, 30.214212901037254], [-97.81884589802402, 30.214211693057813], [-97.8188160502816, 30.21422764061618], [-97.81865722879112, 30.21431249934644], [-97.81846668629203, 30.214394017071005], [-97.81824564614384, 30.214491436786744], [-97.81815738505894, 30.214506205081932], [-97.81804840683618, 30.21452606698864], [-97.81775333946574, 30.214578027276808], [-97.81759422503721, 30.21460790560622], [-97.8173620260638, 30.214647348566334], [-97.81716478631431, 30.214681977411768], [-97.81698258127767, 30.21471690137847], [-97.81679965567308, 30.21474906064065], [-97.81660162481582, 30.21478367308137], [-97.81662724605621, 30.214894188134128], [-97.81664221566237, 30.214957739623742], [-97.81658279476181, 30.21512017624102], [-97.81657828596609, 30.21513250173813], [-97.8164957296355, 30.21535365317208], [-97.81648041218763, 30.215394606468887], [-97.8164008609, 30.21547005160692], [-97.81631649016678, 30.215548151760924], [-97.81618586934344, 30.215669347937457], [-97.81606172234743, 30.2157851701581], [-97.81603083964193, 30.215804586167554], [-97.81602456793027, 30.21580852920148], [-97.81590477083775, 30.215883845681244], [-97.81576849609392, 30.215970076034097], [-97.81574458161398, 30.215985208330764], [-97.81561554265254, 30.21610643454954], [-97.8154938391601, 30.216219553997476], [-97.81535106098971, 30.216351511504886], [-97.81520583631335, 30.21648617104682], [-97.81506543124733, 30.2166181744125], [-97.81493559871484, 30.216739384381455], [-97.81479684716122, 30.216868670199624], [-97.81465730395342, 30.216997939803186], [-97.8146405911533, 30.217013523171232], [-97.8145128684378, 30.21713261429317], [-97.81440472232549, 30.2172317259887], [-97.81438066120633, 30.217253777026347], [-97.81425248123408, 30.21737226906053], [-97.81418463448512, 30.21743532849984], [-97.8141104909777, 30.217504240259462], [-97.81410942388308, 30.21750490528884], [-97.81402920745799, 30.217554897318113], [-97.81393188217666, 30.217613489114544], [-97.81374551897746, 30.21772789401789], [-97.81374521714024, 30.21772807930969], [-97.81358162785824, 30.217464070237984], [-97.81357959678176, 30.217460792368545], [-97.81353794724158, 30.217479224930273], [-97.81362628090248, 30.217620449917863], [-97.81370515012026, 30.21774654306229], [-97.8137050221862, 30.217748160276386], [-97.81368625092291, 30.217985447209397], [-97.81347015381166, 30.218131175953545], [-97.81333160621297, 30.218224607694694], [-97.81306410252446, 30.218405002059722], [-97.81283166601112, 30.21830141670162], [-97.81283048226103, 30.21829899632064], [-97.81280847240447, 30.218253993353283], [-97.81275551280876, 30.218145708092102], [-97.81275425019203, 30.21814312644565], [-97.81253562113203, 30.21796555441472], [-97.81253473685467, 30.217965455397795]]]]}, "properties": {"route_id": "PAT70", "district": "District 4", "garb_day": "Tuesday", "op_type": "Auto", "supervisor": "Carnline", "super_num": 596, "centroid_lat": 30.212017863578478, "centroid_lng": -97.81731111701743}}, {"type": "Feature", "geometry": {"type": "MultiPolygon", "coordinates": [[[[-97.80715953736411, 30.222024350152065], [-97.80707791771623, 30.222038468782472], [-97.80707765559704, 30.222038427143936], [-97.80681939712893, 30.221997401643165], [-97.80680116487908, 30.221994505348615], [-97.80649961140733, 30.221845022460222], [-97.8064983980899, 30.221844421005017], [-97.8064930321584, 30.221852623265782], [-97.80649179633917, 30.221854512309964], [-97.80622293023919, 30.221718239032747], [-97.80471352718007, 30.221035975567492], [-97.80286700069159, 30.221754101877625], [-97.80125525383919, 30.22265898831058], [-97.80071718136251, 30.221747730018787], [-97.80007991729948, 30.22160312221694], [-97.79955616622038, 30.22116231229876], [-97.79891006203233, 30.220851083345707], [-97.79794905568392, 30.22048181398064], [-97.79784874483899, 30.22003093175439], [-97.79726305671525, 30.220094659829446], [-97.79653894245655, 30.21949132931798], [-97.7955829623224, 30.219012134137085], [-97.79507947220452, 30.219133882652166], [-97.79493994667098, 30.219234855886555], [-97.7942432706871, 30.21934103332965], [-97.79311867705215, 30.21873813720984], [-97.79274198679276, 30.219304429595013], [-97.79287644373186, 30.219874030862957], [-97.79276555109377, 30.220247004319447], [-97.79191587527993, 30.220230146207587], [-97.79190065185784, 30.220184764670844], [-97.79055657653693, 30.218664316395525], [-97.78915314915457, 30.21662805859891], [-97.79022955329069, 30.216210435020866], [-97.79245180051946, 30.214982477210256], [-97.79332956316348, 30.21404892671008], [-97.79409229768137, 30.21369547735898], [-97.79409575277201, 30.213662534086968], [-97.79490945556502, 30.21232035463876], [-97.80236734330579, 30.212467340247343], [-97.80245384397054, 30.212434278266752], [-97.80344399273888, 30.212008774417146], [-97.80506409997979, 30.212645266226883], [-97.8050781656128, 30.212984684771193], [-97.80552633630275, 30.213173100773503], [-97.8058775486952, 30.2129576069028], [-97.80693130441819, 30.21342730496165], [-97.80766487080145, 30.21337630938097], [-97.80846712874317, 30.213392129264694], [-97.80846763003818, 30.213417790834747], [-97.81053787213666, 30.214428910794663], [-97.8113043830004, 30.21483501506975], [-97.8112474679988, 30.215172694877825], [-97.81104119909389, 30.21589411643722], [-97.81118241623332, 30.216759198014653], [-97.8111997595073, 30.216799862470662], [-97.8118292702108, 30.21705724574456], [-97.81207734820056, 30.217914238471973], [-97.81205882111146, 30.217912163831926], [-97.81170281375913, 30.21848793075386], [-97.8116455146759, 30.21858059922351], [-97.81132533076861, 30.219090818562837], [-97.8109772059704, 30.21964555526154], [-97.81081125955271, 30.219906315598262], [-97.81065744098056, 30.219903285828256], [-97.81056004967272, 30.21990136741252], [-97.81055645422678, 30.21990129658794], [-97.81018080700893, 30.220188178266802], [-97.80978966296152, 30.220470529519066], [-97.80942792124388, 30.2207316538786], [-97.8092108965622, 30.220868502960894], [-97.80916146676874, 30.220899671761337], [-97.80914737026401, 30.220922461796803], [-97.80912395217683, 30.22096032215058], [-97.80900134030276, 30.221158552908022], [-97.808958106855, 30.221228449661833], [-97.80878057372192, 30.22159899079176], [-97.80870529040665, 30.22168599361999], [-97.8085662771755, 30.221846645966927], [-97.80848340212437, 30.22194242121205], [-97.80848158077764, 30.221942314285858], [-97.80792828609879, 30.221909830689224], [-97.80785177869058, 30.22190533879568], [-97.8078486049858, 30.221905152460515], [-97.80715953736411, 30.222024350152065]]]]}, "properties": {"route_id": "PAT54", "district": "District 4", "garb_day": "Tuesday", "op_type": "Auto", "supervisor": "Castillo", "super_num": 500, "centroid_lat": 30.21696880896073, "centroid_lng": -97.80150208975327}}, {"type": "Feature", "geometry": {"type": "MultiPolygon", "coordinates": [[[[-97.74831423116835, 30.307867584972794], [-97.74748506985003, 30.30706905169148], [-97.74728716735248, 30.306704851420207], [-97.74854862599825, 30.304631229236637], [-97.75017304937637, 30.303944721750714], [-97.74983659881696, 30.302825136484216], [-97.74948450274272, 30.30190505511909], [-97.74829680815465, 30.300855856593483], [-97.74734674992524, 30.29988573549864], [-97.74694064467481, 30.299022080154543], [-97.74704528914883, 30.29891900480561], [-97.74737433196087, 30.29870268616053], [-97.74788407823999, 30.29854754957296], [-97.74811544616803, 30.298419160824512], [-97.74837368774106, 30.298215795873826], [-97.74845111676353, 30.2981256345424], [-97.74846368021049, 30.298132491994068], [-97.7486204696659, 30.297885068965346], [-97.74879515528097, 30.29754445484098], [-97.74891148718429, 30.297082383202707], [-97.74892767544117, 30.296621633316573], [-97.74879451539088, 30.29612347668124], [-97.74879118791848, 30.296111029177442], [-97.74735746507183, 30.293873730181], [-97.74700431529554, 30.293285618342217], [-97.74702669754176, 30.29289402449586], [-97.74706357340466, 30.292884987314885], [-97.7477281086594, 30.29263159833705], [-97.74796992786077, 30.292542035947164], [-97.74805542956848, 30.292871154399265], [-97.74811765708164, 30.29298573803987], [-97.74832322506009, 30.293166173069512], [-97.7485991506509, 30.29336172501915], [-97.7487737271802, 30.293520429802438], [-97.74902951812743, 30.293728520709085], [-97.74947010897725, 30.293713529934173], [-97.75009102744417, 30.293642485366064], [-97.75036999954652, 30.29372000016325], [-97.75098999974689, 30.29412999994585], [-97.7515399997108, 30.294300000004444], [-97.75190999995687, 30.29449000009271], [-97.75229000011636, 30.294880000042816], [-97.75263999968072, 30.29527000024738], [-97.75466516625619, 30.296230934326793], [-97.7555999998667, 30.29667999992017], [-97.75774721618187, 30.297650899337082], [-97.75793708104008, 30.29756035426675], [-97.75844270585733, 30.29757051298133], [-97.75827650173686, 30.29902326844069], [-97.75830194998557, 30.300466983299874], [-97.75843553476045, 30.302652976436026], [-97.758447568503, 30.30380038071761], [-97.75742924865567, 30.309016726108357], [-97.75722990828051, 30.308989685441396], [-97.75722989736887, 30.30898966658884], [-97.75722771611755, 30.30898966069125], [-97.75703234949201, 30.30896034808617], [-97.75666133358362, 30.30891127330391], [-97.75592026125419, 30.308810060426886], [-97.75569000006195, 30.308780000157203], [-97.75522000003161, 30.308690000044955], [-97.75498999983736, 30.308620000014464], [-97.75475000009736, 30.308579999966902], [-97.75434999979315, 30.30846999993273], [-97.7527000000094, 30.30808999994448], [-97.75202999994646, 30.307920000333898], [-97.75165999992332, 30.30779000023619], [-97.75070000011513, 30.30920000038924], [-97.75075999985992, 30.30923000037128], [-97.75162000006766, 30.31049000015828], [-97.75186000017356, 30.310879999835365], [-97.75190999973918, 30.31097000024787], [-97.75243999972534, 30.311840000339668], [-97.75252999998409, 30.31197000041169], [-97.75258999952243, 30.312070000131957], [-97.7524990718882, 30.3124184114547], [-97.74951881575794, 30.316439682641803], [-97.74879427764726, 30.314969358293787], [-97.74850259875443, 30.313093740908432], [-97.74888854084269, 30.311300955151687], [-97.7490068763164, 30.310295975180935], [-97.74884515384908, 30.30862893793852], [-97.74831423116835, 30.307867584972794]]]]}, "properties": {"route_id": "PAF60", "district": "District 5", "garb_day": "Friday", "op_type": "Auto", "supervisor": "Litson", "super_num": 170, "centroid_lat": 30.303095642001363, "centroid_lng": -97.75258131523992}}, {"type": "Feature", "geometry": {"type": "MultiPolygon", "coordinates": [[[[-97.76002521953642, 30.294488497543604], [-97.76003080811518, 30.294429409865415], [-97.76003052980387, 30.29442976334556], [-97.7594542419303, 30.294181193370147], [-97.7600587642975, 30.292157590452398], [-97.76006094330761, 30.292153247497], [-97.75924884737088, 30.291756546062928], [-97.75908000003862, 30.291689999926074], [-97.75898999956402, 30.291690000271874], [-97.75889999995923, 30.291639999975988], [-97.75881999965807, 30.291599999896114], [-97.75860999959214, 30.291500000285385], [-97.75807000001794, 30.29124000013132], [-97.757829999928, 30.291120000345078], [-97.75744999981185, 30.290910000315776], [-97.75701999977956, 30.290530000037553], [-97.75669999965328, 30.29018000040314], [-97.75647000003924, 30.289830000278034], [-97.75630000015605, 30.28954000003389], [-97.75609999977353, 30.289349999970636], [-97.75588999966584, 30.289220000056734], [-97.75562999968261, 30.289079999980803], [-97.7553400000863, 30.28901999992433], [-97.75501999999153, 30.289020000132137], [-97.75466999987007, 30.289049999820346], [-97.75413985187382, 30.28891560230904], [-97.75276743858275, 30.288526347534003], [-97.75276166694651, 30.28852362014099], [-97.75276691605129, 30.28850843630371], [-97.75309821164927, 30.28715566171105], [-97.75319841856908, 30.28637944652794], [-97.7531653805457, 30.285492187200347], [-97.7529772291773, 30.284887485021024], [-97.75218197260425, 30.283640089002112], [-97.75180346507709, 30.2832813614823], [-97.75124954373747, 30.282750633731062], [-97.7508498241779, 30.28216469171041], [-97.7506599860187, 30.281725536086196], [-97.7505236563472, 30.281138421059993], [-97.75043175312041, 30.280514500317608], [-97.75054405746238, 30.279970097597975], [-97.75083063707076, 30.27997546831686], [-97.75169071207101, 30.280039545618585], [-97.7524220890941, 30.28008232562653], [-97.7527869039054, 30.280136420017833], [-97.75351428559975, 30.280328705230698], [-97.75381851232132, 30.280432998356577], [-97.75422289978137, 30.28061877749607], [-97.7549513212062, 30.28117570350222], [-97.75538940450006, 30.281511748354436], [-97.75622276289135, 30.282173622169413], [-97.75651787276212, 30.28241796719234], [-97.75695582163402, 30.282557664973574], [-97.75763590169872, 30.282706902944383], [-97.75794652071102, 30.28277391707794], [-97.75857214614238, 30.282945428485768], [-97.75913917876291, 30.283092387045922], [-97.759976783644, 30.283394367292843], [-97.76031307831562, 30.28350863865084], [-97.76037550706607, 30.283543603468395], [-97.7618249343914, 30.284556829412608], [-97.7619108253568, 30.284617996919394], [-97.76202333883491, 30.284679698527608], [-97.76251622113341, 30.28503304295049], [-97.76262016245497, 30.28513089965899], [-97.76313188905922, 30.285491224196964], [-97.76345701564887, 30.285669996665508], [-97.76397287766031, 30.285940693720388], [-97.76398992816587, 30.285949640756808], [-97.76398999964243, 30.285950000250107], [-97.76412999957323, 30.286030000096154], [-97.7646599996125, 30.286300000255615], [-97.76499999985555, 30.286450000155487], [-97.76560999994305, 30.286769999749804], [-97.76538096718062, 30.288667852987803], [-97.76537070954797, 30.288880556656697], [-97.76553022164511, 30.28927939905254], [-97.7656805058376, 30.289561735459348], [-97.76587119208686, 30.289808312081497], [-97.7659118466386, 30.289857700661965], [-97.76610791799318, 30.2900783479543], [-97.7661069595147, 30.290080137353474], [-97.76610999989195, 30.29008000034057], [-97.76659999973367, 30.290600000067332], [-97.76696999992265, 30.290990000002108], [-97.76743000027324, 30.291460000336258], [-97.76786999997984, 30.29198000012972], [-97.7679299999108, 30.292250000382737], [-97.76790999968391, 30.29258999974582], [-97.76780999982135, 30.292770000212027], [-97.76745999956708, 30.2936600000778], [-97.76724000002699, 30.294399999878127], [-97.76691999960717, 30.29542999998339], [-97.7673299996607, 30.295879999836295], [-97.76749999969611, 30.29607000008975], [-97.76827999968431, 30.296680000055495], [-97.76828433270775, 30.296683610970266], [-97.76822802062651, 30.296773114690914], [-97.76746196087039, 30.29794466780034], [-97.76594899120776, 30.300349043872295], [-97.76503304025233, 30.299928221402958], [-97.76497490963162, 30.29975577793787], [-97.76439628796872, 30.298857634870185], [-97.76162803905922, 30.297551863001384], [-97.76129360775343, 30.297082846075508], [-97.76119977521009, 30.29691044005061], [-97.76065391904719, 30.296632461594232], [-97.76039020690284, 30.296459363890115], [-97.76016094779206, 30.296231431373347], [-97.75997940452663, 30.295867239943036], [-97.75992112570104, 30.29552827780933], [-97.75998856241158, 30.29484456264734], [-97.76002521953642, 30.294488497543604]]]]}, "properties": {"route_id": "PAF51", "district": "District 5", "garb_day": "Friday", "op_type": "Auto", "supervisor": "Castillo", "super_num": 500, "centroid_lat": 30.289475243567892, "centroid_lng": -97.76035114767556}}, {"type": "Feature", "geometry": {"type": "MultiPolygon", "coordinates": [[[[-97.60737025265557, 30.334418818975003], [-97.60738000000003, 30.33443999999942], [-97.60840379960975, 30.337299605654483], [-97.6087435629151, 30.33775544615601], [-97.6092267948438, 30.33812596918347], [-97.60984297904474, 30.33850611161044], [-97.61078084779395, 30.33887268985348], [-97.61157468381946, 30.339344960239277], [-97.61230146538216, 30.339972139920054], [-97.61288383280309, 30.340718602390577], [-97.61314607545238, 30.341145596804225], [-97.61328988208835, 30.34160406470747], [-97.61329252110006, 30.34206633524696], [-97.61314702920276, 30.343613027249294], [-97.61322262647916, 30.34426716917654], [-97.61353604657536, 30.34510308463205], [-97.61378070421516, 30.34587636548428], [-97.6137972868803, 30.346400107227424], [-97.6137757967297, 30.347718322588197], [-97.61387128006685, 30.348223345797365], [-97.61400841713318, 30.348640887661755], [-97.61561373720131, 30.35202597447927], [-97.61651081254286, 30.3538462593895], [-97.61684014979346, 30.354675705787013], [-97.61696583008118, 30.355500837748625], [-97.61694396708997, 30.356091828440537], [-97.61681676385582, 30.35661923015384], [-97.61659798285521, 30.35715158028802], [-97.61580942795104, 30.35843315280603], [-97.61447522037041, 30.360680663421302], [-97.61406900604781, 30.361384181121288], [-97.61344787781383, 30.364274244152785], [-97.61332593880496, 30.365083417750505], [-97.61336396349583, 30.365735703584953], [-97.61350418360172, 30.367012739172942], [-97.6134264559649, 30.36757216004809], [-97.61317222756664, 30.36851889661031], [-97.61274747634262, 30.369986463704507], [-97.61214387491027, 30.372138978932085], [-97.61183715178679, 30.372667917353056], [-97.61118095485344, 30.37368465295375], [-97.60876214515686, 30.37753904339859], [-97.60838707160032, 30.378136694153543], [-97.60770238790224, 30.379200024738644], [-97.60627526569195, 30.381416293570943], [-97.60621999999988, 30.38149999999936], [-97.60620180891306, 30.381516231200788], [-97.60556560582698, 30.381205756431356], [-97.60565635442812, 30.38105366153752], [-97.60574219160367, 30.38090696303214], [-97.60433617583601, 30.38025821034996], [-97.60253106520582, 30.379364408558367], [-97.59888355042077, 30.37760893705315], [-97.59762395547433, 30.377001736307193], [-97.59767977432068, 30.37687915681121], [-97.59355372333893, 30.374890537257315], [-97.59264575524153, 30.37444207084328], [-97.59234072343864, 30.37429252980439], [-97.59485860416032, 30.370410423623497], [-97.59777707650711, 30.36592896979103], [-97.60313085346671, 30.368488185588298], [-97.60488304004153, 30.36580803827959], [-97.60506463150567, 30.3655256669573], [-97.60577468284795, 30.364421529786195], [-97.60799060422967, 30.36491145532948], [-97.6092807438688, 30.362889789070636], [-97.60884945730119, 30.36269084809359], [-97.60733787065796, 30.361998624335843], [-97.60840120256319, 30.36036738738074], [-97.60845018810292, 30.360292237886323], [-97.60979047306927, 30.35823312773873], [-97.6086184151829, 30.35767739824367], [-97.60731582095372, 30.35705562131561], [-97.60675062904518, 30.357972593462183], [-97.606341537154, 30.358662862378342], [-97.60626308729073, 30.358956100250676], [-97.60626344837563, 30.359153759375616], [-97.60628578980442, 30.35947676434026], [-97.60610339602862, 30.359478081401786], [-97.60596486623452, 30.359286980199013], [-97.60576817975151, 30.359022542223375], [-97.60525618960683, 30.35876395639081], [-97.60062743494031, 30.35645381963599], [-97.60036995084052, 30.356571078144892], [-97.60008633654674, 30.356304695847182], [-97.600300770205, 30.356094364155073], [-97.60003194073772, 30.35595794350797], [-97.5985412209042, 30.355231227872004], [-97.5982210176169, 30.355070113070223], [-97.5980312306622, 30.354965119250313], [-97.59825861691465, 30.354591819196774], [-97.60024417868577, 30.35150683255761], [-97.60217348166084, 30.348502551053972], [-97.59997039896072, 30.34724725406287], [-97.5986661769421, 30.346603467867567], [-97.59776115923391, 30.346172826886647], [-97.59747494884151, 30.346615063058255], [-97.5954247531055, 30.349752673425936], [-97.59353307381204, 30.352684675152638], [-97.59343926188225, 30.352651060593505], [-97.5933920338381, 30.35251728659922], [-97.5935749574518, 30.35223669931387], [-97.59395734582948, 30.35160633419075], [-97.5942970941071, 30.35093712441074], [-97.59451650786035, 30.350398108624802], [-97.59475055961973, 30.34960019813711], [-97.59488308503568, 30.349040359245613], [-97.59499615516484, 30.348138710782905], [-97.5950066272293, 30.347513045101508], [-97.59494694069943, 30.346791049265523], [-97.59489888600709, 30.346429662348296], [-97.59480342474369, 30.345940820424268], [-97.59536637946522, 30.34501647645258], [-97.59438687048866, 30.344551687269817], [-97.59424485642757, 30.344471641467706], [-97.59306037847126, 30.343915499365334], [-97.58936575849035, 30.34977745281687], [-97.5891365917795, 30.350141108683275], [-97.58889176349867, 30.350581441486348], [-97.58878903796072, 30.35053543547676], [-97.58846171889799, 30.35109839475467], [-97.58635069067894, 30.350125757992863], [-97.58361761636634, 30.347891279383703], [-97.58144789244152, 30.34609687753611], [-97.58043615719657, 30.344908717004948], [-97.57965732031712, 30.34398954454159], [-97.57994604639966, 30.34396007391947], [-97.58022874801944, 30.343915758464373], [-97.5801979326044, 30.343835811733054], [-97.58042809084941, 30.343827000869616], [-97.58063843430706, 30.343790259733492], [-97.58074356704827, 30.343773263425362], [-97.58095311739243, 30.343736504753185], [-97.5810575363437, 30.343716742419446], [-97.58131826388589, 30.343664578399878], [-97.5816301690525, 30.343597009910628], [-97.58183757758451, 30.343551952500153], [-97.5819924587264, 30.34351401906279], [-97.58219843930377, 30.34346342953976], [-97.58235252788245, 30.34342547816585], [-97.58243477049265, 30.343403352557072], [-97.582844021794, 30.343263098554534], [-97.58340022969976, 30.34309201537804], [-97.58423290159107, 30.342773362533368], [-97.58621449564501, 30.34202474424352], [-97.58768664655352, 30.34147771987416], [-97.58917288855362, 30.340913268849928], [-97.59203514530749, 30.339829189712802], [-97.59425687046222, 30.339008836310942], [-97.59368640232272, 30.337526647969224], [-97.5932991299654, 30.33654427532817], [-97.59206883593757, 30.338380466020446], [-97.59160883098555, 30.33824083786405], [-97.59027855611768, 30.334746910585473], [-97.58810744856054, 30.331699984677947], [-97.58917188039244, 30.33056112102419], [-97.59024101166722, 30.329683229720985], [-97.59339748335022, 30.327554525774904], [-97.59424716280155, 30.327083405277104], [-97.59503001222569, 30.32678943961568], [-97.59564721900936, 30.326637676497334], [-97.59649341042717, 30.326531423170874], [-97.59726721797126, 30.32652456065747], [-97.59951874758318, 30.326591788879085], [-97.59606825904568, 30.332041293482327], [-97.59607897880325, 30.33205507980128], [-97.59759910394398, 30.332755450951026], [-97.59891677400833, 30.33364942240982], [-97.60094726898795, 30.334046926434745], [-97.60054742909931, 30.33470748051802], [-97.6016849474418, 30.33523549494626], [-97.60177958466213, 30.335418554739224], [-97.60408220437331, 30.334538754981292], [-97.60457227131347, 30.33517890363295], [-97.60462466496287, 30.335170511006904], [-97.60553491829471, 30.334907952394794], [-97.60733152609205, 30.33442929584739], [-97.60737025265557, 30.334418818975003]], [[-97.60680372349961, 30.341351876070256], [-97.60306116856985, 30.34711304986006], [-97.60233817157871, 30.348276234751435], [-97.60583258755352, 30.350034815010538], [-97.60584535056029, 30.35003171089648], [-97.60583604201966, 30.350027052153717], [-97.610627005804, 30.342638195042994], [-97.6089549675335, 30.341807912473065], [-97.60898101064869, 30.341756346271954], [-97.60712781068675, 30.34090518392659], [-97.60684315081778, 30.341344416756137], [-97.60680372349961, 30.341351876070256]], [[-97.5835197007204, 30.343084702763928], [-97.58371430961992, 30.343012332606733], [-97.5827174780147, 30.34332658695285], [-97.58281193834168, 30.343300561420513], [-97.5830149837817, 30.343241656301377], [-97.5835197007204, 30.343084702763928]]]]}, "properties": {"route_id": "PAW74", "district": "District 6", "garb_day": "Wednesday", "op_type": "Auto", "supervisor": "Carnline", "super_num": 596, "centroid_lat": 30.352873636544295, "centroid_lng": -97.6020403315313}}, {"type": "Feature", "geometry": {"type": "MultiPolygon", "coordinates": [[[[-97.84849835581308, 30.14931843936859], [-97.84846591128382, 30.148215755240823], [-97.84922086793193, 30.147200084447764], [-97.8496374118482, 30.14663966468821], [-97.85005160526573, 30.146081872803382], [-97.85004686229398, 30.1460729315837], [-97.84705673799773, 30.146157557963004], [-97.84703553307477, 30.144599043341824], [-97.84922829916727, 30.14453509016024], [-97.84951546275713, 30.143794905734797], [-97.84896926196465, 30.14358454703779], [-97.84850169086816, 30.143295809586718], [-97.84817297998555, 30.142969815771444], [-97.84775717619642, 30.14245569045296], [-97.84721646391638, 30.142032356466583], [-97.84675095984713, 30.141663750054885], [-97.84663392246797, 30.14144840157861], [-97.84663940388725, 30.141445590651724], [-97.84662885841394, 30.14143334347096], [-97.84647526652763, 30.14121548149266], [-97.8466106142712, 30.141146192707172], [-97.84682164687143, 30.141015585953323], [-97.84688997747597, 30.140967079101962], [-97.8469799340973, 30.141071823935533], [-97.84708712894916, 30.141196540462502], [-97.84707433416065, 30.14117605005944], [-97.8470696943862, 30.141160833526975], [-97.84706839896371, 30.141147222106035], [-97.84707023440454, 30.141131223749657], [-97.84707543045371, 30.141116198316393], [-97.84708290698381, 30.14110355483716], [-97.84709178187012, 30.141093138861866], [-97.84710148989949, 30.14108477423256], [-97.8471805906713, 30.14102228508257], [-97.84727739924762, 30.140935662760757], [-97.84758487510645, 30.14062673199923], [-97.84763986092524, 30.140634483177447], [-97.84771790846004, 30.140642462216235], [-97.84788367887303, 30.140653795299002], [-97.84812374338483, 30.14070955747924], [-97.8485083872928, 30.14071598186668], [-97.84874650864955, 30.140739032140985], [-97.84909450003511, 30.140745843285288], [-97.84931010489, 30.14068341751369], [-97.84949044212131, 30.140528063495942], [-97.84967268936826, 30.14031559619147], [-97.84963028019169, 30.140102838783392], [-97.84968557393401, 30.139785763033654], [-97.84989837641527, 30.139636484047987], [-97.8502162149407, 30.139538335015178], [-97.85059803758126, 30.139573108590472], [-97.85082394242234, 30.13963256445911], [-97.85128617803048, 30.139737803926618], [-97.85216433459632, 30.139938247943377], [-97.8524471558035, 30.13998140978442], [-97.85277266937642, 30.14006255446158], [-97.85254679910557, 30.140348822147672], [-97.85283194882518, 30.14042338098979], [-97.85323637740066, 30.140544144994855], [-97.85327037399085, 30.140526404702737], [-97.85336988273365, 30.1403712940792], [-97.85381525884483, 30.140742434823416], [-97.85441986325935, 30.14113959569243], [-97.85464494534588, 30.141191204901023], [-97.85467997576461, 30.14116077913388], [-97.85502150501479, 30.140549463908634], [-97.85647107817252, 30.140577529380234], [-97.85706897283845, 30.140712078902002], [-97.85780514290252, 30.14097227895692], [-97.85929712275018, 30.14210793825981], [-97.8599335314774, 30.14212024045138], [-97.86006945230325, 30.14233807954411], [-97.86037979591997, 30.14265152268089], [-97.86072628460819, 30.142934919569697], [-97.86097220713765, 30.143001159890535], [-97.8615874072296, 30.143843148248735], [-97.86179640426303, 30.143970163111167], [-97.86188665744444, 30.14405527597725], [-97.8620833581342, 30.144144305338372], [-97.86261370461385, 30.142531463691213], [-97.86279190527783, 30.1422451169719], [-97.86268737663912, 30.13710510681044], [-97.86279850703552, 30.137105231037946], [-97.86311164625035, 30.13715954206422], [-97.86343999839471, 30.13731173774696], [-97.86459649688798, 30.138072478620053], [-97.86533560124319, 30.13944208378534], [-97.86660617879441, 30.142874917594845], [-97.86663550681679, 30.142864492353883], [-97.86791321592074, 30.145471656897705], [-97.87006320537871, 30.14855676873865], [-97.87033980902726, 30.148808048687858], [-97.8701551857407, 30.149111940485188], [-97.8702557807208, 30.149329089043917], [-97.87078772782237, 30.149277836500815], [-97.87203247409016, 30.150408584839255], [-97.87272322986412, 30.151067503205024], [-97.87396411241832, 30.15235188071197], [-97.87398643262779, 30.153518508060966], [-97.87161738684857, 30.153476846865544], [-97.86708841809212, 30.152267967167038], [-97.8668235450209, 30.150543767538153], [-97.86631042332911, 30.15019466210404], [-97.86566409232037, 30.14967347493012], [-97.86538441467188, 30.14943066702582], [-97.86167489560394, 30.149472251011215], [-97.86167181067688, 30.14927981182389], [-97.86337537406675, 30.149243147840174], [-97.86547268450295, 30.14924062207354], [-97.86647145772733, 30.150048813071802], [-97.86678041484531, 30.150267086692857], [-97.86721915837188, 30.150027497372914], [-97.8674818744476, 30.149152209400253], [-97.86739564279699, 30.14912028765018], [-97.86708055125855, 30.148991237554128], [-97.86662716254163, 30.148736543077355], [-97.8658217614118, 30.148413570961477], [-97.86544144922863, 30.148068047254366], [-97.86343401866667, 30.146548021449554], [-97.86289557580034, 30.146065686145636], [-97.86224677184411, 30.14548845219053], [-97.86196880424696, 30.146322844242142], [-97.86162310770825, 30.14609309616307], [-97.86123764250706, 30.1459520689798], [-97.85998296570925, 30.14571831334957], [-97.85940935051335, 30.14739817926522], [-97.85922621350565, 30.1475191882807], [-97.8592628998357, 30.14847752262413], [-97.85942604118611, 30.149278697556813], [-97.85956802173935, 30.149491880659085], [-97.8600950020415, 30.149451231278384], [-97.8611960963831, 30.149461850818888], [-97.86173215405046, 30.149698013066264], [-97.8620667094858, 30.150001323785464], [-97.86208655193643, 30.150486074803194], [-97.86184862392064, 30.15100229230808], [-97.86190685945934, 30.15165443177677], [-97.86269886911742, 30.15290665255374], [-97.86254412964017, 30.153098969776202], [-97.86238606325708, 30.153421425752395], [-97.86221468679912, 30.154264436414707], [-97.86212816562136, 30.15471847688298], [-97.85905475585446, 30.155723118427638], [-97.85942817473749, 30.15589138063729], [-97.85946592312969, 30.155939153753554], [-97.85948867042697, 30.15596855414787], [-97.85951943205193, 30.156007796419576], [-97.85952909655477, 30.156021381790868], [-97.8595627863157, 30.15606690547159], [-97.85960786302049, 30.156130091928677], [-97.85966968433672, 30.15621901528664], [-97.85967217574337, 30.15622251786934], [-97.8596722007582, 30.156222634849012], [-97.85971231480076, 30.156284276032334], [-97.85975687272622, 30.156367741373497], [-97.8597869859374, 30.156429189752206], [-97.85978760617441, 30.156430329939088], [-97.85982042027481, 30.15648940691793], [-97.85983372944152, 30.15652156209223], [-97.85984876803333, 30.15655646400788], [-97.85988188128883, 30.156631012540856], [-97.85989910459105, 30.15667482179448], [-97.85993514428613, 30.156765368377965], [-97.85995381162547, 30.15681790027369], [-97.85997822053997, 30.156906773262], [-97.85999511034986, 30.156963618424477], [-97.86000203035275, 30.15700223415925], [-97.86000266607782, 30.157004475314896], [-97.86000382836998, 30.1570094943535], [-97.86004055719799, 30.157142748054582], [-97.8600638722112, 30.15726207924681], [-97.86014973720657, 30.158844521435075], [-97.85917046308585, 30.158849974451154], [-97.85906133784674, 30.158850950732017], [-97.85806030824655, 30.158856347508014], [-97.85688436494964, 30.158863852733138], [-97.85558556145854, 30.158879969799532], [-97.85474608687367, 30.158910470105788], [-97.85365927945439, 30.158897669812664], [-97.85272460794154, 30.15890706072994], [-97.85173292616577, 30.15891808972588], [-97.85017789336382, 30.158929183688798], [-97.85024244203586, 30.164776470369777], [-97.85024244734176, 30.16477695559494], [-97.84947210382525, 30.16568350266992], [-97.84727377767705, 30.165640824706703], [-97.84398489919165, 30.162806256882888], [-97.844082211748, 30.158350482277413], [-97.84375297016517, 30.157970642887435], [-97.84362545478817, 30.157871573886105], [-97.8436228534852, 30.15786955358589], [-97.84347632252287, 30.15784363611431], [-97.84313012119361, 30.15765499371406], [-97.84313012264957, 30.156755343821878], [-97.84359764404748, 30.15630118646475], [-97.84519614352831, 30.15633187983814], [-97.846033976847, 30.15585154017499], [-97.84685142060921, 30.154929353746095], [-97.84698614004812, 30.149877803346083], [-97.8469953884884, 30.14951825478118], [-97.84850884233019, 30.149510171694487], [-97.84849835581308, 30.14931843936859]]]]}, "properties": {"route_id": "PAM50", "district": "District 4", "garb_day": "Monday", "op_type": "Auto", "supervisor": "Castillo", "super_num": 500, "centroid_lat": 30.150723901120916, "centroid_lng": -97.85562440606984}}, {"type": "Feature", "geometry": {"type": "MultiPolygon", "coordinates": [[[[-97.81699321924634, 30.17386010938607], [-97.8168129019116, 30.17384117292877], [-97.81470222857953, 30.173905061734608], [-97.81438308207026, 30.173884781349535], [-97.81392576589724, 30.173912812457253], [-97.81266738261459, 30.173946440019193], [-97.81091344865304, 30.173986197007785], [-97.80932159059496, 30.17401034401725], [-97.8074865829049, 30.17404633053571], [-97.80748222661553, 30.1739685111347], [-97.8046003796683, 30.171998130559917], [-97.8044254110624, 30.162219584242465], [-97.80660445766473, 30.159434085722154], [-97.81014898161659, 30.155677175313446], [-97.81339741633236, 30.15247740436606], [-97.81342476914587, 30.151428217369546], [-97.81171607203295, 30.149351851152943], [-97.81323737973354, 30.14788393827093], [-97.81323822362577, 30.147946027897845], [-97.81323798852105, 30.14794622957216], [-97.81337425190945, 30.14795385402391], [-97.81350679258688, 30.148095452629565], [-97.81359358251274, 30.148174377607578], [-97.81378371623008, 30.148378882727755], [-97.81405679827017, 30.14863752743404], [-97.814186700568, 30.14877391341934], [-97.81432173356059, 30.148910400760435], [-97.81444172524083, 30.149033208499112], [-97.81453174799817, 30.149124199848924], [-97.81466176780344, 30.149256126510345], [-97.81475364957261, 30.14927577914018], [-97.81491118040984, 30.149336871472496], [-97.81514030504312, 30.149408294805163], [-97.81533876354175, 30.14947465339355], [-97.81545536821028, 30.149530478837082], [-97.81560217459086, 30.149609203677684], [-97.81568333179295, 30.149646488343112], [-97.81574385159881, 30.14968782744058], [-97.81583013911448, 30.149725212934587], [-97.81599793272264, 30.14978650578687], [-97.81623697092226, 30.149871504854325], [-97.81636908405713, 30.149923174175402], [-97.8164961828483, 30.149970283275177], [-97.81656800863976, 30.14997169579026], [-97.81679876057142, 30.149980694247677], [-97.81701936838935, 30.14998503203685], [-97.81713771581099, 30.14997397620423], [-97.81724557028808, 30.14997163573228], [-97.81734339607131, 30.149960176079873], [-97.81776571363162, 30.14990602425933], [-97.81774063095268, 30.151439475860073], [-97.81724706415757, 30.151526032816772], [-97.81726332667431, 30.152846485741005], [-97.81748404579486, 30.16165455706697], [-97.81749827625248, 30.161654572706524], [-97.81920318572217, 30.16163053748373], [-97.82041428393154, 30.161611691751702], [-97.820434568376, 30.161751469415645], [-97.82045991349007, 30.161926118973295], [-97.82050452701945, 30.162031339886717], [-97.82056146421296, 30.162099536959495], [-97.82066274252118, 30.162169016838476], [-97.82072150399222, 30.162192612847544], [-97.82081578264182, 30.162212367370095], [-97.82171126775988, 30.162276559903344], [-97.8215921186822, 30.16281189988103], [-97.8214134067571, 30.163621676008056], [-97.82096590706182, 30.16354716004803], [-97.82081536278113, 30.16445291404179], [-97.82137959756325, 30.164529584285237], [-97.8209498146678, 30.165057983666358], [-97.82086933196231, 30.165323179903442], [-97.82153444190202, 30.165474407406904], [-97.82150327688989, 30.165584797289643], [-97.8214627615046, 30.16569324234829], [-97.82119462128983, 30.16636049458165], [-97.8211731919124, 30.166349276051545], [-97.82110261427871, 30.166513457201233], [-97.8210148653306, 30.166715997832945], [-97.82096118338532, 30.16685361294673], [-97.82093144090885, 30.16693845266579], [-97.82091338803171, 30.166993681419807], [-97.8207906833145, 30.167420673205118], [-97.82064142785487, 30.16792412387406], [-97.82057849421648, 30.16813630969636], [-97.82052172659026, 30.168317070973448], [-97.82038097871735, 30.168762245109775], [-97.82032199196534, 30.168996675707078], [-97.82018042763835, 30.1695340229364], [-97.82004437720832, 30.170050383597744], [-97.81973979590589, 30.171208457147078], [-97.8197169265979, 30.171295466809756], [-97.81969925424781, 30.17136277666952], [-97.81965261624718, 30.171517828880425], [-97.81964610218638, 30.1715394832692], [-97.81963278065282, 30.171581905840114], [-97.81961872619024, 30.171618428554265], [-97.81960499953081, 30.171649649691854], [-97.81958947809558, 30.17167929543529], [-97.81976242664099, 30.171740309924], [-97.81974690174074, 30.17176522505624], [-97.81974423977772, 30.171770205836946], [-97.81974086972299, 30.171774430085087], [-97.81972954684905, 30.17179112184087], [-97.81971059629718, 30.171816299888928], [-97.81970780210362, 30.1718197537038], [-97.81976083033898, 30.17187487541209], [-97.82046800794703, 30.17200341101569], [-97.81917074296643, 30.17374614170629], [-97.81916075788727, 30.17380975845437], [-97.82372837076387, 30.173736214888766], [-97.8237293966167, 30.173734956800654], [-97.8237274044905, 30.173741603697486], [-97.82370989224077, 30.173800034894533], [-97.82329922850214, 30.174756988492003], [-97.82287498520907, 30.1755613057027], [-97.82259054371698, 30.176009448923907], [-97.82207890459725, 30.176935450191596], [-97.82135921376572, 30.17796872822078], [-97.82011775475388, 30.17988265174967], [-97.81810248908354, 30.18307513722087], [-97.81680412776565, 30.185122401124946], [-97.81630360572863, 30.185906993065554], [-97.81597430368731, 30.186423183111742], [-97.81452825717987, 30.188712099713165], [-97.81253282129752, 30.191845568311926], [-97.81119786666513, 30.193938342202625], [-97.81060733094127, 30.194888800086716], [-97.80746632781761, 30.19347665906534], [-97.81274343843218, 30.185691984078225], [-97.8128224399438, 30.185580528554993], [-97.81229190272998, 30.185500913890426], [-97.81206418590602, 30.18548742345705], [-97.81221708389599, 30.185322319522218], [-97.813577551159, 30.184690331223422], [-97.81706129772671, 30.179468935993924], [-97.81509060563039, 30.177267739510018], [-97.81561593546245, 30.174795264832927], [-97.81685395596102, 30.173982998394372], [-97.81699468085058, 30.173861643518695], [-97.81699321924634, 30.17386010938607]], [[-97.81951512348368, 30.172007329895266], [-97.81951666401613, 30.172005496023857], [-97.81950739087368, 30.172012577875485], [-97.81951512348368, 30.172007329895266]]]]}, "properties": {"route_id": "PM20", "district": "District 4", "garb_day": "Monday", "op_type": "Semi", "supervisor": "Clark", "super_num": null, "centroid_lat": 30.168536978629003, "centroid_lng": -97.8135294946021}}, {"type": "Feature", "geometry": {"type": "MultiPolygon", "coordinates": [[[[-97.78878443368968, 30.162073160229344], [-97.78986512812183, 30.15873307984898], [-97.79133993045507, 30.15372216487225], [-97.79246589861641, 30.149765110226774], [-97.79317620836768, 30.147834337103586], [-97.7944763052322, 30.144209497217943], [-97.79422209935724, 30.143675433313728], [-97.79486415489743, 30.141884312387557], [-97.79495604097117, 30.141668862384694], [-97.79505888759945, 30.141389361891658], [-97.79504368802998, 30.141338072020602], [-97.79647694468193, 30.137707895791674], [-97.79648996757214, 30.137211630297084], [-97.79869922603318, 30.131576364316057], [-97.79877761606774, 30.13137708096524], [-97.79879198707867, 30.131340758339412], [-97.79982400760558, 30.128732258763957], [-97.80102946965665, 30.12575085292917], [-97.80106567308984, 30.12551637444112], [-97.8014685919184, 30.12505395860744], [-97.80256674659749, 30.12214881602619], [-97.802983314609, 30.121164010657996], [-97.80603697724507, 30.113593613324774], [-97.80642342996308, 30.11260820420332], [-97.79907184236147, 30.11269797613736], [-97.790892694576, 30.112823147473367], [-97.78533067849797, 30.112869284565367], [-97.78536553926345, 30.11268704914892], [-97.79217568573927, 30.112613443688446], [-97.80654906101161, 30.112401624319972], [-97.8094615789516, 30.106187274674532], [-97.80966636225148, 30.10525053877233], [-97.8103497106103, 30.103826722550053], [-97.81213136999033, 30.100046484648967], [-97.81272797635022, 30.0990652029141], [-97.81298189876037, 30.098547553510674], [-97.81383668049757, 30.09919157614962], [-97.81368376569085, 30.099293094846125], [-97.81373907897495, 30.09947711280531], [-97.81138015652037, 30.104506891553754], [-97.81100604870275, 30.105022168850542], [-97.80808123903306, 30.111251986749323], [-97.80658353283155, 30.11473464964972], [-97.8039876822763, 30.121214446111953], [-97.80235832044478, 30.125396914839147], [-97.80232990106806, 30.125747577246106], [-97.80226652242017, 30.12596374794181], [-97.80026851474503, 30.130991876868706], [-97.79845224593919, 30.135601834414317], [-97.79844429090116, 30.135622024413454], [-97.79888443314826, 30.1357143678866], [-97.80124167041346, 30.135342910655627], [-97.80370991301984, 30.13477290436623], [-97.80485638906228, 30.134343989917564], [-97.80534504852413, 30.1340525951802], [-97.80660252136992, 30.13305720944652], [-97.807185140921, 30.13285128863242], [-97.80699459671958, 30.13425242395485], [-97.80641066332947, 30.135244391789257], [-97.80631231948955, 30.135326074483654], [-97.80566411991636, 30.136199695979283], [-97.80373999661548, 30.138770770664497], [-97.80361672777622, 30.139069383921402], [-97.80353104836352, 30.139402189710236], [-97.80336712523395, 30.139783623963268], [-97.80158432285091, 30.14261828756968], [-97.80194102016043, 30.142686329227935], [-97.804032957729, 30.143220983097613], [-97.80397671162063, 30.14330741274289], [-97.80474015625717, 30.143503330876264], [-97.80497978993472, 30.143536255984127], [-97.80587577964586, 30.142180000111857], [-97.80713774121848, 30.140279588791984], [-97.8078578083686, 30.139184671543333], [-97.80889706654429, 30.139656497656325], [-97.81019157175233, 30.139593469965224], [-97.80939966550187, 30.140812065396656], [-97.80826837334843, 30.144399757398116], [-97.80824602795002, 30.144460256457446], [-97.80969496893968, 30.14482223756899], [-97.80974314963399, 30.14483617008686], [-97.81043637500574, 30.14488934186677], [-97.81076498678179, 30.144743811194758], [-97.81089759766122, 30.14480612592216], [-97.81109174594634, 30.144856282065696], [-97.81131064836458, 30.144865744179985], [-97.81267256341033, 30.144833189944567], [-97.81288922345277, 30.144828771406683], [-97.81305889885199, 30.144828117630016], [-97.81331073820968, 30.144825490701372], [-97.8132955975351, 30.1452909275582], [-97.81327532503097, 30.14584133515983], [-97.81327752566325, 30.146438516115385], [-97.81326478281359, 30.146927299870438], [-97.81325001000219, 30.1472667589593], [-97.8132400656588, 30.147420995382305], [-97.8132410227685, 30.14761148052689], [-97.81323874242118, 30.147698946974778], [-97.81323619378998, 30.147796703702554], [-97.81323737973354, 30.14788393827093], [-97.81171607203295, 30.149351851152943], [-97.81342476914587, 30.151428217369546], [-97.81339741633236, 30.15247740436606], [-97.81014898161659, 30.155677175313446], [-97.80660445766473, 30.159434085722154], [-97.8044254110624, 30.162219584242465], [-97.8046003796683, 30.171998130559917], [-97.80748222661553, 30.1739685111347], [-97.80748648520027, 30.174044576611504], [-97.80745352641317, 30.174030527539777], [-97.80587750017706, 30.17406540124107], [-97.80461671091173, 30.174077512353616], [-97.8041296241261, 30.174064627023693], [-97.80371541545469, 30.174078803967152], [-97.80252812668886, 30.17408875986558], [-97.8017851257046, 30.17392127493417], [-97.8010638576514, 30.173553673080644], [-97.80038990221297, 30.173268175516025], [-97.79955117268337, 30.172458990493663], [-97.79954864651678, 30.172458920682676], [-97.79955352571055, 30.172455252066968], [-97.79915300077944, 30.17213142763195], [-97.79822435668132, 30.17135260605511], [-97.7959207486221, 30.169479945650654], [-97.79428337087009, 30.168089950582853], [-97.79368877738901, 30.167793833714022], [-97.79252474893829, 30.16737656057738], [-97.79188875522802, 30.167241159358806], [-97.79095375418677, 30.167164434898744], [-97.79097826136388, 30.167080917434827], [-97.7918463671003, 30.166581392057598], [-97.79248833820577, 30.16319636466956], [-97.78987502739552, 30.161943228147084], [-97.78907751311556, 30.162167800432805], [-97.78878443368968, 30.162073160229344]]]]}, "properties": {"route_id": "PAM75", "district": "District 4", "garb_day": "Monday", "op_type": "Auto", "supervisor": "Carnline", "super_num": 596, "centroid_lat": 30.150938122005435, "centroid_lng": -97.80109103352213}}, {"type": "Feature", "geometry": {"type": "MultiPolygon", "coordinates": [[[[-97.82746462269164, 30.455923874106066], [-97.82655356272102, 30.455711503319737], [-97.82646408076134, 30.45574157721484], [-97.82645475798331, 30.455752148903606], [-97.82637539054477, 30.455744878441525], [-97.82613323224584, 30.455748400461026], [-97.82603839892305, 30.455732796832805], [-97.82591147765035, 30.455730318006946], [-97.82578557060305, 30.455749861387588], [-97.82569593876373, 30.455778364145598], [-97.82535058337311, 30.455643645815254], [-97.82527099614309, 30.45541065197433], [-97.82507163995157, 30.455348037962924], [-97.82494081474874, 30.455290668101085], [-97.82492446223551, 30.45528347280594], [-97.82489744550227, 30.45526886331459], [-97.82484635676568, 30.45524115951974], [-97.82482760445872, 30.455231029490037], [-97.8248131488483, 30.45522169849534], [-97.82471561053018, 30.4551588180979], [-97.82460909461925, 30.455076179942], [-97.8244270607395, 30.454904303312265], [-97.82437017557108, 30.45484928541808], [-97.82420258512958, 30.454687234320176], [-97.82379757692443, 30.45429562138567], [-97.8238401583743, 30.454262322321366], [-97.82376841827762, 30.454193839756094], [-97.82330304479832, 30.453743288505144], [-97.82330186771436, 30.453742165364584], [-97.8233021914554, 30.45374192416573], [-97.82330886897142, 30.45373655219582], [-97.82194056065931, 30.452476315006674], [-97.82140959708599, 30.451964894678728], [-97.82074596455192, 30.451323161397926], [-97.82045846148151, 30.451042457472386], [-97.82009290605541, 30.450711104023057], [-97.8197477148672, 30.450468565702074], [-97.81932011724405, 30.450342302635978], [-97.81858395548329, 30.450308235662472], [-97.81799538528414, 30.450267232240098], [-97.81748845688207, 30.450139408601206], [-97.81701377749361, 30.452994691012126], [-97.81463661178252, 30.45285225343346], [-97.81390620958051, 30.452808547897806], [-97.81349028051413, 30.450573613866013], [-97.81369594374748, 30.44945348405863], [-97.81395867620371, 30.448020167303547], [-97.81375636842726, 30.447790835365236], [-97.8135008115322, 30.44750261859029], [-97.81343107045352, 30.44742613831211], [-97.81337961663854, 30.447375044908636], [-97.81334896942764, 30.447348892801315], [-97.81327950643032, 30.44729334784556], [-97.81320143569623, 30.44724285947853], [-97.81312079497333, 30.44719960896113], [-97.81305191094157, 30.44716805805292], [-97.81299712842336, 30.447147152681197], [-97.81293158008918, 30.447124000673746], [-97.81287548638163, 30.44710832262093], [-97.812761903559, 30.4470841998924], [-97.81246809537261, 30.447053430161628], [-97.81227261905602, 30.447033969528], [-97.81226910775094, 30.446800535702383], [-97.81310943138782, 30.44553186561203], [-97.81435262728341, 30.443591052367886], [-97.81338693970406, 30.443137685288317], [-97.81282183560585, 30.44286198196092], [-97.81228639875378, 30.442601407949997], [-97.81204326188742, 30.442473693156636], [-97.81246040864694, 30.441785999407223], [-97.81301862258955, 30.440899970731834], [-97.81340753743109, 30.44028146802532], [-97.81395015509017, 30.439438914595897], [-97.81471808346821, 30.43830479878202], [-97.8139651084588, 30.434796709171863], [-97.81589014291835, 30.430848553681578], [-97.81457288373487, 30.428041830871305], [-97.81574997182365, 30.425140245247672], [-97.8201947230577, 30.427705423943042], [-97.82489915440338, 30.432671990435153], [-97.82587220886074, 30.43423456176074], [-97.82533059761674, 30.434639233348086], [-97.8249490835007, 30.4347732289816], [-97.82456199554416, 30.434992380595283], [-97.82452891155066, 30.435163648057173], [-97.82452104345562, 30.435168525171527], [-97.82433197460767, 30.435357690631715], [-97.82396894332308, 30.435895771273547], [-97.8234072844069, 30.437006979806277], [-97.82326948280392, 30.437181617059096], [-97.82809993876661, 30.43999203470972], [-97.82809286847771, 30.440003334791687], [-97.82970435761162, 30.44086537230488], [-97.83081280749279, 30.44145080220315], [-97.83245261320896, 30.44232435760089], [-97.83327962559152, 30.44274751411838], [-97.83370711726515, 30.442940110452533], [-97.83362554641121, 30.443117292554962], [-97.83271130841604, 30.44483218541719], [-97.83234323510115, 30.444673747351313], [-97.83218552034224, 30.444604666888733], [-97.83187650820007, 30.44446388010606], [-97.8315634597639, 30.444325764215527], [-97.83159345299225, 30.444270769059653], [-97.83157355074194, 30.444264715841925], [-97.83078982506912, 30.443908044836125], [-97.8306349190023, 30.443832112282895], [-97.83055991118697, 30.44395556905018], [-97.8288820064172, 30.443204889508284], [-97.82764122607824, 30.442641756686605], [-97.82687365352302, 30.442293355539753], [-97.82672801932547, 30.442227257116603], [-97.82669407769185, 30.442212554177402], [-97.82627592446471, 30.44286119706655], [-97.82591703338741, 30.443418002830025], [-97.82550934480648, 30.444081116856587], [-97.82519824331776, 30.444600349928873], [-97.82385067260994, 30.446584498056993], [-97.82324593057629, 30.447609948719474], [-97.82290914570532, 30.44824169320377], [-97.8217536025838, 30.45017571169718], [-97.82112028035826, 30.451137100908433], [-97.8210532509835, 30.451280054446542], [-97.82153989819693, 30.451751312632602], [-97.82192454705863, 30.452220573562034], [-97.82207938007244, 30.452370964824528], [-97.82343012116523, 30.45362539989278], [-97.82342875173259, 30.453626759989216], [-97.82343611191133, 30.453632708679987], [-97.82529684003151, 30.45192353678024], [-97.82587576844851, 30.452208117005068], [-97.82616520447357, 30.451770776685755], [-97.8264110833999, 30.45185203715343], [-97.82663716678395, 30.45163991959177], [-97.8267537215524, 30.451733175805156], [-97.82685856229382, 30.451634836313293], [-97.82848293568587, 30.452430715539034], [-97.82823266229256, 30.452838296638735], [-97.82821666766039, 30.452858859409925], [-97.82860851129799, 30.453099099089485], [-97.82983835302171, 30.454374012786637], [-97.82977493577268, 30.454435895781096], [-97.8297427750166, 30.454479961194796], [-97.82960409350582, 30.45468212747301], [-97.82942058594475, 30.454993019327976], [-97.82942080376947, 30.454993188595186], [-97.82935277425176, 30.455107924969056], [-97.8288178565147, 30.456010292276844], [-97.82866473180603, 30.45626231408249], [-97.82818756389364, 30.456132292676713], [-97.82763137700279, 30.456013378693047], [-97.82748725753288, 30.45598248505697], [-97.82741541873582, 30.455966478675673], [-97.82741565443192, 30.45596596071653], [-97.82746462269164, 30.455923874106066]]]]}, "properties": {"route_id": "PAW80", "district": "District 3", "garb_day": "Wednesday", "op_type": "Auto", "supervisor": "Gilbert", "super_num": 697, "centroid_lat": 30.440886593965587, "centroid_lng": -97.82022820974589}}, {"type": "Feature", "geometry": {"type": "MultiPolygon", "coordinates": [[[[-97.62473434931059, 30.194786679463117], [-97.62642212596269, 30.196249427706523], [-97.62774404818575, 30.197158517799163], [-97.62922419535917, 30.198056637881756], [-97.63169505350412, 30.199305250073113], [-97.63606512330041, 30.201530478514652], [-97.63742270398579, 30.202244628467717], [-97.63914976054205, 30.203080489243515], [-97.6412038785338, 30.204093589326764], [-97.64374732414845, 30.205418389738952], [-97.64403601662275, 30.205158721544127], [-97.64424089317836, 30.20527143016354], [-97.64452990669551, 30.205327978740602], [-97.64550469225463, 30.205802759837244], [-97.64762574078253, 30.206856854679764], [-97.6488853733325, 30.207539501158355], [-97.6495144955512, 30.207906045103158], [-97.65197854723213, 30.2091691723502], [-97.65375402040443, 30.21011496710636], [-97.6553594624667, 30.21090574328702], [-97.65616429078374, 30.211225448223118], [-97.65754161382218, 30.211859988464756], [-97.65857322017754, 30.212386334214795], [-97.65904071697084, 30.212295139314904], [-97.65944453915024, 30.2124045306638], [-97.65995057500695, 30.21302084860256], [-97.6608093376163, 30.213493087983377], [-97.66155611666572, 30.213811546814775], [-97.66240931356624, 30.214485576953297], [-97.66332758531793, 30.214908560378834], [-97.66458603930506, 30.215641503745964], [-97.66624557386596, 30.216584704671806], [-97.6671638821533, 30.217007661335966], [-97.66847770073079, 30.217842675957453], [-97.67243458066908, 30.219792686017115], [-97.67213438776824, 30.220139803212323], [-97.67214136816472, 30.220163004625913], [-97.67407047943311, 30.221149504388293], [-97.67502825782482, 30.221585111955203], [-97.67628208778872, 30.22211445508532], [-97.67703208380293, 30.22236778363313], [-97.678090651716, 30.222638898015965], [-97.67874904916519, 30.222807518255923], [-97.67968903329721, 30.22286126786258], [-97.6808856854338, 30.222806501374986], [-97.68166526891223, 30.222645174970623], [-97.68310465674408, 30.222020570221], [-97.68312901440247, 30.22201000027752], [-97.68317347863909, 30.221990705086185], [-97.68317369107557, 30.221981271883163], [-97.6831741932843, 30.221959002189177], [-97.68366883351518, 30.22182709739342], [-97.68513653135227, 30.221113163082446], [-97.68761159269039, 30.21976556500053], [-97.68849625537615, 30.219296199665536], [-97.68986509636827, 30.218553846367833], [-97.690498063454, 30.218285186770213], [-97.69068014429779, 30.218528637064846], [-97.69090448226683, 30.218707904150737], [-97.6917349846097, 30.219196052734745], [-97.692796886616, 30.219777434697818], [-97.69354412986986, 30.220197272108557], [-97.69397025413538, 30.220483338426263], [-97.69423904582115, 30.220602161136345], [-97.69501439366738, 30.22106742455237], [-97.69613389980043, 30.221745541936908], [-97.69699390733915, 30.222191815103866], [-97.69244246526323, 30.226302581385116], [-97.69117457372721, 30.22522434894579], [-97.68321447379778, 30.230621832355563], [-97.68353110007287, 30.23154012320358], [-97.6845378776367, 30.233552820985004], [-97.68640294683902, 30.236800506600858], [-97.68818928289782, 30.239825217986386], [-97.68937118868013, 30.241506761510514], [-97.69038711470256, 30.243244424173113], [-97.69068199198955, 30.245058243369712], [-97.69074509588151, 30.245330669702067], [-97.69075311250656, 30.24539132402211], [-97.69068061795319, 30.245524335158837], [-97.68605840668685, 30.246336572337576], [-97.68461856349076, 30.246283198650815], [-97.6846260810486, 30.246441083445962], [-97.68377896980485, 30.246727172427143], [-97.68338252561448, 30.24693754246649], [-97.68283976324308, 30.247098886481226], [-97.6822991695243, 30.247181177739154], [-97.68118407998578, 30.247373812840884], [-97.68020063462171, 30.247597927278495], [-97.68026410268081, 30.24568288349578], [-97.68029368937056, 30.242060453252723], [-97.68139542046549, 30.24099028200557], [-97.67681687893166, 30.23714863587734], [-97.67638132833949, 30.236795690319457], [-97.67607412427466, 30.236558664090712], [-97.67570972042414, 30.23624749673759], [-97.67633102834408, 30.235693652963874], [-97.67339035403373, 30.23328472384753], [-97.67244609768663, 30.23412726095791], [-97.66932842545141, 30.231541893966227], [-97.66933964689682, 30.231531538980487], [-97.66933897137359, 30.231531015445793], [-97.66932806618628, 30.231541069639913], [-97.66925776250693, 30.231468106291203], [-97.6692308691325, 30.23144727278821], [-97.66922534892099, 30.231434466011933], [-97.6692021260073, 30.231410365051374], [-97.66831907536566, 30.23220874653031], [-97.66772580792643, 30.23274972238508], [-97.6673961838696, 30.233043120817896], [-97.66694466502408, 30.23344471126782], [-97.66597420086806, 30.23430792710362], [-97.66567434865271, 30.234574657626077], [-97.66547529106339, 30.23475170675483], [-97.66517592449746, 30.23501795124446], [-97.66487627964312, 30.235283886607416], [-97.66267623683557, 30.23342102188268], [-97.6629747041031, 30.23315415947523], [-97.66319704290959, 30.232955376439442], [-97.66327292553824, 30.232886961255495], [-97.66347062237003, 30.23270873192559], [-97.66376836884191, 30.232440285013887], [-97.66446254089148, 30.231814407770823], [-97.66565070924736, 30.23076002140744], [-97.66613979324678, 30.230326048463976], [-97.66639285827007, 30.23010144141792], [-97.66694456534171, 30.2295993499958], [-97.66859514907503, 30.228110577771076], [-97.66743149783053, 30.227068446977164], [-97.66729117039719, 30.22708576655836], [-97.6668180133758, 30.227339042866983], [-97.66653177204833, 30.22757596948344], [-97.66622223405994, 30.227812409859496], [-97.66600699205206, 30.22801033222232], [-97.66570639136083, 30.22792310987461], [-97.66543076267793, 30.227775685129032], [-97.66429695031285, 30.228318796834866], [-97.66420209298713, 30.228377541267086], [-97.6635660455018, 30.227777309992867], [-97.66354685552908, 30.22678512484232], [-97.66168946264716, 30.225258715533197], [-97.65865153158929, 30.228069463525554], [-97.65887295063149, 30.22764903600872], [-97.65925317937798, 30.226543745980536], [-97.65891351341376, 30.225342462451422], [-97.65892601599742, 30.225342012261695], [-97.65843673077086, 30.223622181021803], [-97.65810805249848, 30.22286641611782], [-97.65769853343335, 30.221663669991642], [-97.65635867199782, 30.21955089564233], [-97.65533894360556, 30.21808237827954], [-97.65409825024723, 30.216599109276178], [-97.65391920752157, 30.216332235949515], [-97.65298555906685, 30.215543557862027], [-97.65255536206861, 30.21508926086342], [-97.6522416290325, 30.214637400884293], [-97.65119492282307, 30.21372489888079], [-97.65046476311393, 30.21316310926519], [-97.65030846591911, 30.212916948260947], [-97.64976015193395, 30.212520888642366], [-97.64978225905558, 30.212501149249825], [-97.64916919457406, 30.21198224901078], [-97.6489424669159, 30.211754850061844], [-97.64871236770442, 30.211648823669194], [-97.64855439074101, 30.211463346522805], [-97.64811692314439, 30.211272009473838], [-97.64736238407441, 30.210750170864173], [-97.64720159899989, 30.210665836318878], [-97.64651131543135, 30.210347746363226], [-97.64593917795922, 30.209971410595656], [-97.64582497578117, 30.20988805120381], [-97.64419970386942, 30.209671766130523], [-97.64359809328636, 30.20951744678365], [-97.6428890463576, 30.209037018080053], [-97.64203575711358, 30.208715479070843], [-97.64011507180409, 30.20822980430176], [-97.63879599749171, 30.207898445303723], [-97.63781950798786, 30.207817172178142], [-97.63703216357807, 30.207638671004997], [-97.6349774976436, 30.20736262320869], [-97.63446625036818, 30.20731136804091], [-97.6333949143192, 30.207288783406092], [-97.6331680552979, 30.20729091162165], [-97.63211714771404, 30.207285935338405], [-97.63031124920906, 30.207953423343675], [-97.6283132487025, 30.208710907586028], [-97.62835488106282, 30.208672786941307], [-97.62758867146492, 30.208971402439865], [-97.6262484218866, 30.209365445817408], [-97.62568062242471, 30.20938159906634], [-97.62541747326225, 30.209516824596484], [-97.62528865999501, 30.209485942528897], [-97.61961854052039, 30.210520384522443], [-97.61846631709622, 30.211143596080458], [-97.61844279550021, 30.211094096281794], [-97.61650658164672, 30.21210927733065], [-97.61595260239545, 30.21249476288578], [-97.61441818458943, 30.213182191565167], [-97.61370604759925, 30.213092586784175], [-97.61222752305065, 30.2117949736651], [-97.61199337927908, 30.21198861824776], [-97.61151889349456, 30.211581293699503], [-97.60997781855733, 30.21009611711795], [-97.60428934323123, 30.210347425907276], [-97.6002668795558, 30.207282325501065], [-97.60103607617398, 30.206615982285985], [-97.59995191137274, 30.205785946987806], [-97.59943267716797, 30.206457620732166], [-97.59903461050648, 30.206635328580198], [-97.59764371197089, 30.20654355119655], [-97.59655166889381, 30.20599262880554], [-97.594630157275, 30.205082579234233], [-97.5939569724834, 30.204881972084305], [-97.59321149445483, 30.204710848501524], [-97.59131719151628, 30.204732366562972], [-97.59034425899634, 30.205021873735504], [-97.58976763865896, 30.20519572742032], [-97.58918749183329, 30.20549364150299], [-97.58861703527359, 30.205450380189642], [-97.58847155728819, 30.20554036523928], [-97.58815017956825, 30.205533475669533], [-97.58804217192797, 30.205562194617556], [-97.58731918306543, 30.205857037846382], [-97.58696209546203, 30.205849379502236], [-97.59305888884532, 30.196235158630802], [-97.59323565615848, 30.196301010935734], [-97.59803688146856, 30.188241608918755], [-97.59800995982329, 30.18793068918199], [-97.60342290688224, 30.187270365505412], [-97.60357512868222, 30.188204644109156], [-97.60099413576994, 30.1923081999711], [-97.60457219490792, 30.193377612261713], [-97.60053892300435, 30.199560546978507], [-97.60237198970181, 30.2004375882715], [-97.6038508687412, 30.19994153686529], [-97.60463816788283, 30.199896248611516], [-97.60539501443851, 30.199664100214697], [-97.60574702285604, 30.198585394701308], [-97.60664580589851, 30.198387297209706], [-97.60928878550533, 30.199684930415106], [-97.60967281464205, 30.20000344429861], [-97.61273332503487, 30.197896103886322], [-97.6124749714806, 30.19438372983689], [-97.61458694698037, 30.191697571415997], [-97.61549461221773, 30.191740768597555], [-97.61549949603875, 30.191567154234466], [-97.61551532830843, 30.19100433052125], [-97.61568996551637, 30.190557509467247], [-97.61668236523052, 30.18984646406811], [-97.61756254077628, 30.18966803158726], [-97.61821753700248, 30.189428502514975], [-97.62128731039309, 30.19219110026578], [-97.62336252540044, 30.19401462473413], [-97.6245928811968, 30.195074446319634], [-97.62459917762563, 30.19506868608906], [-97.62473434931059, 30.194786679463117]]]]}, "properties": {"route_id": "PH42", "district": "District 10", "garb_day": "Thursday", "op_type": "Semi", "supervisor": "Klair", "super_num": 400, "centroid_lat": 30.213417811368796, "centroid_lng": -97.64218737007816}}, {"type": "Feature", "geometry": {"type": "MultiPolygon", "coordinates": [[[[-97.67111672171524, 30.363070416421305], [-97.67204059717689, 30.36298684356471], [-97.67282176887122, 30.36221517631643], [-97.67458336898684, 30.363030030349428], [-97.67603999999999, 30.36243999999939], [-97.6757662758264, 30.362066123349717], [-97.67593742076215, 30.361850019944043], [-97.67715798673417, 30.360007407666576], [-97.67778, 30.360019999999363], [-97.6784673880951, 30.35976654856211], [-97.67951505105057, 30.358130441387576], [-97.679325133979, 30.35771526898519], [-97.67923910917452, 30.357650286217776], [-97.67966689809522, 30.35696444702341], [-97.68003827071561, 30.356399806521996], [-97.68140999999999, 30.35427999999935], [-97.68145999999999, 30.354199999999352], [-97.6814660828605, 30.354188339842857], [-97.68691177487288, 30.357627084694865], [-97.68802631924538, 30.358213871003223], [-97.68803502494102, 30.358218454319434], [-97.68743659981678, 30.35916968844548], [-97.68527805319212, 30.3625594906137], [-97.68363771684837, 30.365101378117025], [-97.68308482509713, 30.365963346683895], [-97.68308025045101, 30.365962495107006], [-97.68235986602926, 30.367180741569147], [-97.68073752297207, 30.36972101210706], [-97.68061750165857, 30.36992465584745], [-97.68036263807488, 30.36980984247422], [-97.6802678913836, 30.369785090410723], [-97.68025830008247, 30.36978291410445], [-97.68010664145807, 30.369744019498796], [-97.68004647640784, 30.36972823561002], [-97.6800428421489, 30.369728083482514], [-97.68003939141579, 30.36972640683895], [-97.67701196421405, 30.368255381143975], [-97.67686325462188, 30.36775097865678], [-97.67617429838684, 30.367838538896056], [-97.67555641641354, 30.368286914838297], [-97.67484826708622, 30.369398257323], [-97.67325997801086, 30.36864320716447], [-97.67242301611103, 30.368283145258818], [-97.67136709991289, 30.36537275186832], [-97.6694529390415, 30.36364398110743], [-97.66867192445376, 30.363007796145457], [-97.6686562339892, 30.36299501515157], [-97.66865679200373, 30.362982720410717], [-97.66856146358334, 30.36291327599458], [-97.66864805340963, 30.362326882068974], [-97.66872954617313, 30.362156556476485], [-97.66886152590297, 30.362220839440674], [-97.66886897877843, 30.362224404884227], [-97.6688735806978, 30.36222679681213], [-97.66888573459616, 30.362227208620897], [-97.66889424385396, 30.362226703274345], [-97.66889926768319, 30.362227080490776], [-97.6689058600466, 30.362227626716844], [-97.66891701208253, 30.362228267666794], [-97.66893866502593, 30.362228982579953], [-97.66942861711533, 30.36224900615275], [-97.67005014932543, 30.36227372947496], [-97.66966107792678, 30.362870046856436], [-97.66951775668295, 30.36311283061048], [-97.66956694383141, 30.363124645988297], [-97.66959769834352, 30.36313078552406], [-97.66965913146207, 30.36314581339531], [-97.6697495823616, 30.363172445464436], [-97.66987331710078, 30.363199768667126], [-97.66999980886337, 30.363213397008884], [-97.67009490542402, 30.36321537171707], [-97.67025306263248, 30.36320215335291], [-97.67060424564848, 30.363176439952703], [-97.67073775947559, 30.36316548727294], [-97.67087074360957, 30.363173721235654], [-97.67100002596769, 30.36320115850717], [-97.6710278896714, 30.363210379049427], [-97.67111672171524, 30.363070416421305]]]]}, "properties": {"route_id": "PW40", "district": "District 6", "garb_day": "Wednesday", "op_type": "Semi", "supervisor": "Klair", "super_num": 400, "centroid_lat": 30.36277774344492, "centroid_lng": -97.67943776602266}}, {"type": "Feature", "geometry": {"type": "MultiPolygon", "coordinates": [[[[-97.77662750513846, 30.305882417347856], [-97.77664268136, 30.305418478852783], [-97.77494571819072, 30.305868127797723], [-97.77240442446075, 30.30553053635562], [-97.77125156486042, 30.304483051008493], [-97.77010843297643, 30.303985769995524], [-97.76900903010723, 30.30134779879307], [-97.76867338175477, 30.300817888098088], [-97.7685192543387, 30.300748903366692], [-97.7676657201581, 30.300869506719863], [-97.76736315696246, 30.30086969383855], [-97.76595048806539, 30.300349731222198], [-97.76594899120776, 30.300349043872295], [-97.76746196087039, 30.29794466780034], [-97.76822802062651, 30.296773114690914], [-97.76880993158485, 30.295848198641636], [-97.76897130582662, 30.29581139371528], [-97.7707132975262, 30.296659711741697], [-97.77071089368741, 30.296780109498382], [-97.77083212639569, 30.296706536160034], [-97.77161947370965, 30.29708226251427], [-97.77161059666189, 30.29721039243024], [-97.77167152471384, 30.297143179756336], [-97.77172332240436, 30.29712246381149], [-97.7724542400386, 30.297463218682438], [-97.77266142252786, 30.297589116703566], [-97.77249836128546, 30.297283673113768], [-97.77300736408988, 30.296512644904556], [-97.77335999965992, 30.29645000028002], [-97.77316388691803, 30.29640621325311], [-97.77308411749856, 30.296309352265283], [-97.77308476389742, 30.295871132674645], [-97.77324072415661, 30.295578917610857], [-97.77347999993385, 30.295460000116304], [-97.77341314292725, 30.295287030605625], [-97.77376958032649, 30.29467967187396], [-97.77397000028064, 30.294650000286353], [-97.77393001303919, 30.294425652312047], [-97.77426285858205, 30.293879744933367], [-97.77445999971127, 30.293840000279843], [-97.77438475888609, 30.29362971904709], [-97.77468751752225, 30.2931832410712], [-97.77500999970333, 30.293079999837094], [-97.77491106977787, 30.29282568584411], [-97.7751793924957, 30.292435680531856], [-97.77552999999918, 30.292329999988347], [-97.77426000009787, 30.291690000354176], [-97.77216794656, 30.29058980504858], [-97.77391853863325, 30.28785776104012], [-97.77533262876764, 30.285607887621257], [-97.77608199108833, 30.284468186735587], [-97.77684076809764, 30.28322914367543], [-97.77914724682853, 30.27959595313873], [-97.78200993267517, 30.282069302029733], [-97.7850267910305, 30.28550048551567], [-97.78605715193846, 30.288161709950202], [-97.78618162660764, 30.290804924073736], [-97.78582716330172, 30.291661824021073], [-97.78555921228963, 30.29230957366079], [-97.78514425811166, 30.29331267194107], [-97.78610702852764, 30.296084923290927], [-97.78608286048895, 30.297000644651533], [-97.78607539847562, 30.29700049635256], [-97.78528420787286, 30.296779963685115], [-97.78450082073341, 30.29831569891178], [-97.78374467572733, 30.29980763280897], [-97.7826175590351, 30.30186219911063], [-97.78224263861058, 30.302551876268712], [-97.78095847740823, 30.30396866787959], [-97.77895426653461, 30.306158386663654], [-97.7782185883351, 30.306967983337753], [-97.7782023168808, 30.306987844127285], [-97.77819953105316, 30.306991778284562], [-97.77662750513846, 30.305882417347856]]]]}, "properties": {"route_id": "PAF04", "district": "District 7", "garb_day": "Friday", "op_type": "Auto", "supervisor": "Herrera", "super_num": null, "centroid_lat": 30.294577177585886, "centroid_lng": -97.77801849718993}}, {"type": "Feature", "geometry": {"type": "MultiPolygon", "coordinates": [[[[-97.82710715583327, 30.288660599359734], [-97.82573228238206, 30.286641829791005], [-97.82356143450335, 30.283712676919674], [-97.82343365432534, 30.283541085927425], [-97.82320509417292, 30.283321013566862], [-97.8228443495591, 30.28299766282002], [-97.82162988874803, 30.28126042950159], [-97.8193826274177, 30.278237789169303], [-97.8191100928237, 30.277891686658393], [-97.81887204891146, 30.27759985071199], [-97.81867258369114, 30.2774133442039], [-97.8184447844858, 30.27723678748208], [-97.8182463316679, 30.27712695269299], [-97.81838967282015, 30.276881662961618], [-97.81604161953025, 30.275757442596706], [-97.81427796432104, 30.274981441705652], [-97.81424745218828, 30.27503225394223], [-97.8135400870013, 30.274726813690272], [-97.81294465703886, 30.27447307641265], [-97.81289297459722, 30.274450057449826], [-97.81282783215306, 30.27442677371272], [-97.81274145502462, 30.274397571644155], [-97.81270445734684, 30.274388592972624], [-97.81266832321808, 30.274376880974017], [-97.81263607614972, 30.274367995731218], [-97.812588785539, 30.274358814551572], [-97.81251392670232, 30.27434359042518], [-97.8124437461193, 30.274331208591793], [-97.81234664611308, 30.274318297124886], [-97.81232505097161, 30.274295869845968], [-97.81232584061644, 30.274265632044834], [-97.81233152442002, 30.27422998992289], [-97.81233879174805, 30.274194378954306], [-97.81235023325904, 30.274150598692803], [-97.81236052405923, 30.27412054781203], [-97.81238074671964, 30.27407419050323], [-97.81238518886015, 30.274067313503508], [-97.8123814945175, 30.27406552859903], [-97.81135878727811, 30.273583381073674], [-97.81132359270278, 30.273519953972716], [-97.81117759500128, 30.273224695635616], [-97.81105389610637, 30.272743020404587], [-97.81098739029997, 30.27214804269656], [-97.8109431806701, 30.2721614482066], [-97.81048984539817, 30.272168257081155], [-97.81046224111886, 30.271837314535116], [-97.80924414946402, 30.271782101374605], [-97.80921437016178, 30.271308468435674], [-97.8090445755876, 30.271290196205783], [-97.80904994539611, 30.271778033700887], [-97.80837346559522, 30.27173068488498], [-97.80827193749862, 30.27197731339722], [-97.80820032338232, 30.272080413767004], [-97.80817973879982, 30.272110261477685], [-97.80814303164237, 30.27215079318841], [-97.80807530272452, 30.27222646700593], [-97.80805149849674, 30.2722435349463], [-97.80803420686482, 30.27234392024443], [-97.80838108972777, 30.273030325098777], [-97.80757050258597, 30.27301406196854], [-97.80747129054595, 30.273210174544143], [-97.80736051931295, 30.273386761392086], [-97.80720483504528, 30.27361471874152], [-97.80704094411746, 30.273853515183113], [-97.80685574771707, 30.274119394433896], [-97.80660173909143, 30.27447192657949], [-97.80647138698133, 30.274670129085376], [-97.8062155764607, 30.27500062238015], [-97.80609608994695, 30.275212604026617], [-97.80575638660956, 30.275032837529345], [-97.80541627197908, 30.27486879535085], [-97.80525486164389, 30.274802677949356], [-97.8050942759764, 30.2747051098979], [-97.80487892620098, 30.274622194253034], [-97.80471710534177, 30.27457180091374], [-97.80455610809862, 30.274489957407734], [-97.80428681936124, 30.274390243103984], [-97.80396482687364, 30.27422655465096], [-97.80358972024295, 30.274014616726493], [-97.80320337864457, 30.273837442369043], [-97.80262037430275, 30.27356140383267], [-97.8023380885818, 30.274024742402997], [-97.80214101029684, 30.27422313549849], [-97.80201142707675, 30.274520100267658], [-97.80160746479902, 30.275216884336576], [-97.80130155035155, 30.274866222871662], [-97.80078480795471, 30.274525611627578], [-97.80058964254104, 30.274364420589126], [-97.80037553519061, 30.27423432223427], [-97.79959405703013, 30.27362100609751], [-97.79918437889516, 30.273345438297756], [-97.79864705752539, 30.273098810594117], [-97.79845148563601, 30.272953342194768], [-97.79902100551811, 30.271973407412812], [-97.79862862714403, 30.27172964659849], [-97.79830913087511, 30.27147159306348], [-97.798113562804, 30.271326123661073], [-97.79790153048762, 30.271117395343037], [-97.79774178422765, 30.27098836752383], [-97.79761744557553, 30.270891507109802], [-97.7974745770154, 30.270810013069823], [-97.79729630224574, 30.27069635136846], [-97.79706326435819, 30.270597339015165], [-97.79681211106951, 30.27049796745969], [-97.79654201446162, 30.27042968729833], [-97.79640276176012, 30.270392461817732], [-97.79623611048528, 30.27036681762697], [-97.79605600904931, 30.27036325149025], [-97.79587302099746, 30.26997977637292], [-97.79582054512146, 30.269860240446913], [-97.79573943746611, 30.269675483831143], [-97.79558130042493, 30.269326016313975], [-97.79533428884369, 30.268930099879384], [-97.79529425173001, 30.268869801579363], [-97.79633615996069, 30.26918958870511], [-97.79742909701332, 30.268473118908375], [-97.79749473540492, 30.26767804191459], [-97.7976595219329, 30.26651587500171], [-97.79952959053549, 30.266028426789504], [-97.80121273000522, 30.26520219750032], [-97.8021539465754, 30.264469142261504], [-97.80244391973234, 30.264317113174897], [-97.80344014839919, 30.264087240811847], [-97.80405327330936, 30.263443130741702], [-97.80439506493248, 30.262940123086292], [-97.80441138835829, 30.262821113293466], [-97.80452338480315, 30.262775235237356], [-97.80474196654808, 30.262678562953322], [-97.80564736378761, 30.26239394219478], [-97.80616634098341, 30.26209876780239], [-97.80625075264167, 30.26160413918076], [-97.80623811781751, 30.26125905297373], [-97.80619008951668, 30.26117945800268], [-97.80573869386936, 30.26033327349929], [-97.80576782848506, 30.26029545512526], [-97.80501250179185, 30.259906232914727], [-97.80328615573869, 30.259026565659582], [-97.80303723787038, 30.258825980164982], [-97.80282372766267, 30.258555319704342], [-97.80272961838673, 30.2581204901429], [-97.80283366205109, 30.25781030629307], [-97.80303748945461, 30.25753539870398], [-97.80334459755831, 30.257310092442797], [-97.80377053840269, 30.256965198662723], [-97.80392702683415, 30.256675304416916], [-97.80391688650852, 30.25630456554359], [-97.8037295215331, 30.25587862470992], [-97.8035008946941, 30.255512189529217], [-97.80470588694907, 30.254452407837004], [-97.80589221442912, 30.252799856079992], [-97.80669884080936, 30.251095702519894], [-97.81696985486967, 30.25371032929872], [-97.8169256029843, 30.253776112005685], [-97.84201943155651, 30.26697486306465], [-97.84205405635876, 30.26699306908715], [-97.84165359143061, 30.267636241457677], [-97.8409300178078, 30.26875528891707], [-97.84039288323501, 30.269586429175465], [-97.83960173045362, 30.270805915703093], [-97.83897255910561, 30.271764523427144], [-97.8382834561226, 30.272834723266655], [-97.83761222182507, 30.27387680640549], [-97.83765801495008, 30.2738930012824], [-97.83907359489925, 30.27404575610089], [-97.84023372679718, 30.27399952053778], [-97.84067400347818, 30.27388943829997], [-97.84121782121726, 30.273928206083554], [-97.84170683569927, 30.27364478263285], [-97.84191193650497, 30.273525914705996], [-97.84187622781923, 30.27336254147293], [-97.84229666334261, 30.273207017695686], [-97.84297469455511, 30.273010185560565], [-97.84329991294098, 30.273332403486865], [-97.84361055822164, 30.27322215721635], [-97.84449486950082, 30.27391497088773], [-97.84519144077541, 30.275075284447137], [-97.84608012213653, 30.276526920224406], [-97.84638515019421, 30.278632435980178], [-97.84751432079584, 30.280358997993854], [-97.84867933218273, 30.28162543548955], [-97.84904503915094, 30.281376116073968], [-97.84985403440469, 30.282205990589393], [-97.85022480426568, 30.282379484942396], [-97.85007742010285, 30.28391175457663], [-97.8500675671041, 30.28426395753349], [-97.84720879087277, 30.286250976145098], [-97.84691763931353, 30.28647648942781], [-97.84395907060991, 30.288809661184352], [-97.84358074442054, 30.28856369709193], [-97.84279789696826, 30.28818203742467], [-97.84262162629562, 30.2887348584754], [-97.84233029529467, 30.288805736894503], [-97.8422618503025, 30.288672777320123], [-97.84175093607497, 30.288669776396887], [-97.8414455295321, 30.288746979671377], [-97.84120897329717, 30.289039548757895], [-97.84093624081483, 30.289298328392075], [-97.84073485948744, 30.289675574484953], [-97.84054643678998, 30.28985898416967], [-97.83237683418228, 30.288552235343946], [-97.83236444027395, 30.28854877816266], [-97.83236537863397, 30.288550362170504], [-97.83234915582835, 30.288547790498843], [-97.83030564574493, 30.29169037371487], [-97.82913385158123, 30.29528634612372], [-97.82913229877514, 30.295307253230817], [-97.82718420545801, 30.294622828687128], [-97.82720991850239, 30.29457973745388], [-97.8277626795818, 30.293432284151095], [-97.8278182534716, 30.292175384240405], [-97.82785800632084, 30.29128616341916], [-97.82778124962344, 30.29059018688838], [-97.82744765850654, 30.28933040925624], [-97.82710715583327, 30.288660599359734]], [[-97.816679308195, 30.271027729576677], [-97.81701297379777, 30.270506884866982], [-97.81741661450016, 30.270701501199184], [-97.81773619949372, 30.268001866234293], [-97.81774105486596, 30.2676939280619], [-97.81775740860698, 30.267248700691777], [-97.81773130879704, 30.26666471230081], [-97.81769433735204, 30.266231668635513], [-97.81762619797784, 30.265902851038373], [-97.81753582675132, 30.26561257042265], [-97.81737365862523, 30.26523724327364], [-97.81723992244777, 30.264996468706762], [-97.81708624909751, 30.26476575372926], [-97.81659864362541, 30.264145610633665], [-97.81643549221602, 30.263771775532703], [-97.81504551512171, 30.262038205336694], [-97.8137573089562, 30.260431291826656], [-97.81342192579326, 30.260150656063313], [-97.81303899120942, 30.259684263980514], [-97.81296211795772, 30.259577937717307], [-97.81284615801384, 30.25931228793988], [-97.81250151603756, 30.258892890251346], [-97.81249896070666, 30.258894369224567], [-97.81201952891186, 30.258292905619005], [-97.81201883427438, 30.258285095458408], [-97.81193458072644, 30.258229561106937], [-97.81194359839442, 30.258222819345317], [-97.81141436416765, 30.257900786245706], [-97.81118178231, 30.258157650469197], [-97.8113577329252, 30.258267325140693], [-97.81124892865637, 30.258469434985738], [-97.81138789428311, 30.2585538708975], [-97.81143329428829, 30.258604351881065], [-97.8114347231678, 30.258603283176612], [-97.81148807701857, 30.258667182710727], [-97.8114914739111, 30.258667991200436], [-97.81148838029762, 30.258670230059007], [-97.8123542873472, 30.259749379355114], [-97.81211962178295, 30.26010878264719], [-97.81218364386613, 30.260110042463143], [-97.81262699448635, 30.26031897837275], [-97.81182875675177, 30.26152619204912], [-97.81260728718986, 30.261909469529886], [-97.814023618323, 30.262694887264193], [-97.814407112751, 30.263167786242843], [-97.81369793514249, 30.264306417815938], [-97.81244755286626, 30.263729885387875], [-97.81163031033185, 30.26494754673195], [-97.81008482738447, 30.264213670512685], [-97.80953120389604, 30.26512266387335], [-97.8090290884272, 30.264871071539034], [-97.80810369114612, 30.266390422693632], [-97.81338789048218, 30.268994930120513], [-97.81286593180292, 30.269791171471287], [-97.81634207140034, 30.27147881066899], [-97.81665359252669, 30.27102722451121], [-97.816679308195, 30.271027729576677]], [[-97.80510953003842, 30.27066195001627], [-97.80477684535286, 30.270214852946072], [-97.80468543880463, 30.270244516029067], [-97.80428811886812, 30.269497208877404], [-97.80403613702941, 30.269429302100043], [-97.80393327588769, 30.269419375597433], [-97.80391037238626, 30.269448062901187], [-97.80376512738643, 30.269568528891444], [-97.80361803643068, 30.26975943524284], [-97.8031550877838, 30.270384581661293], [-97.80256209388965, 30.27132430206862], [-97.80197001255213, 30.27222879954868], [-97.8018017020706, 30.272454522974595], [-97.80173218342276, 30.272566119012176], [-97.80191479611325, 30.272810813326398], [-97.8021683974733, 30.272849307487164], [-97.80238747312897, 30.272880422218623], [-97.80238426664947, 30.27289076167982], [-97.80243286030753, 30.272884216368865], [-97.80243374190539, 30.272881336086865], [-97.80403297304218, 30.272516203979098], [-97.80524567432771, 30.271941086515277], [-97.80564314944867, 30.27174234243258], [-97.80545662797485, 30.271250930684744], [-97.80522852254687, 30.270963230781383], [-97.80510953003842, 30.27066195001627]]]]}, "properties": {"route_id": "PAT81", "district": "District 7", "garb_day": "Tuesday", "op_type": "Auto", "supervisor": "Gilbert", "super_num": 697, "centroid_lat": 30.271753784121962, "centroid_lng": -97.82470251434705}}, {"type": "Feature", "geometry": {"type": "MultiPolygon", "coordinates": [[[[-97.68235986592926, 30.367180741649122], [-97.68308025030076, 30.365962495472605], [-97.68308482467891, 30.36596334675356], [-97.68363771679424, 30.365101377966127], [-97.68527805276486, 30.362559490667426], [-97.68743659959706, 30.359169688394857], [-97.68803502470512, 30.358218454381543], [-97.68802631894418, 30.35821387140967], [-97.68805120110709, 30.35817495726666], [-97.68806582984821, 30.35818241329412], [-97.68853683559536, 30.35842248110587], [-97.68886672603588, 30.358583210186104], [-97.69136033053773, 30.359814021342004], [-97.69205571049586, 30.360157817720232], [-97.69256699360378, 30.360387994744833], [-97.69330549316918, 30.360766096302267], [-97.69357070701254, 30.36093390434413], [-97.69430229319264, 30.36156493163119], [-97.69460368348865, 30.3618194313283], [-97.69524734178653, 30.362243320013437], [-97.69612956311175, 30.362674613179642], [-97.6969635518409, 30.363098347997468], [-97.69694353655466, 30.36314149263359], [-97.69623403815312, 30.364402460427957], [-97.69515393363768, 30.36631978849325], [-97.69442496585012, 30.367554136873203], [-97.69320169019137, 30.369914075190664], [-97.69243743816787, 30.371331156667154], [-97.69172877734104, 30.372557172738855], [-97.69120925888078, 30.373498770898145], [-97.69075852838664, 30.374135999664233], [-97.69010137417732, 30.375319385433745], [-97.68977264991692, 30.375890749515115], [-97.68976999999819, 30.37589000008818], [-97.68871999975647, 30.375409999893336], [-97.68595999984785, 30.374100000352772], [-97.68500999971474, 30.373659999999376], [-97.68392999968144, 30.37314000029773], [-97.68276999954973, 30.37262999980671], [-97.68130099999986, 30.3720361745692], [-97.68034525012546, 30.371637208044575], [-97.67972443799208, 30.371376098680933], [-97.68062864011081, 30.369929673943016], [-97.6806175012152, 30.36992465624012], [-97.68073752302719, 30.36972101188437], [-97.68235986592926, 30.367180741649122]]]]}, "properties": {"route_id": "PH31", "district": "District 6", "garb_day": "Thursday", "op_type": "Semi", "supervisor": "Williams", "super_num": null, "centroid_lat": 30.367137959648623, "centroid_lng": -97.68857060591772}}, {"type": "Feature", "geometry": {"type": "MultiPolygon", "coordinates": [[[[-97.66243413511206, 30.37058480141277], [-97.65844863795155, 30.357030977037436], [-97.65896767109922, 30.353679166397907], [-97.65997932354907, 30.352552662868483], [-97.65997961727678, 30.352558749625054], [-97.66019321261585, 30.352414585643178], [-97.66074859058739, 30.352686531163602], [-97.66091736706973, 30.35269004836945], [-97.66101924307767, 30.352399254615708], [-97.66094738549775, 30.352283845338345], [-97.66126139871646, 30.351785920906764], [-97.664857604229, 30.353374202967036], [-97.66496832328676, 30.353441599441634], [-97.66641263341617, 30.354138841552935], [-97.66644982173815, 30.354186938759003], [-97.668698613967, 30.35523707150026], [-97.66971372475368, 30.35374163823283], [-97.67002366418845, 30.353893370417826], [-97.67032697788161, 30.353461937990296], [-97.67036902469103, 30.353446406077175], [-97.67068826838991, 30.352950018490695], [-97.67085851430296, 30.352728020583754], [-97.67106078073195, 30.35243461470115], [-97.67040752902889, 30.3521248148156], [-97.66924834694899, 30.35158232464384], [-97.66958422994546, 30.351015342764118], [-97.66946091307271, 30.35093064735352], [-97.66972392852753, 30.350475041021333], [-97.66994596275053, 30.350124466477173], [-97.67001023018655, 30.349994250873372], [-97.67010914317999, 30.349891064320023], [-97.67032203375256, 30.349808688917747], [-97.67047342710124, 30.34973777340622], [-97.67068882768973, 30.34966818656389], [-97.67084021977908, 30.349597270436043], [-97.67091684971776, 30.349570190237984], [-97.67110084462784, 30.34943604796029], [-97.67114195772557, 30.349413490193694], [-97.67123090079225, 30.349364689120822], [-97.67140891070218, 30.349130918917364], [-97.67161047945322, 30.34880780526591], [-97.67172139989609, 30.34861728284605], [-97.67599104221127, 30.350780820415977], [-97.67731403225491, 30.351601184339902], [-97.68035996401397, 30.35348981079205], [-97.68146608260075, 30.354188340017455], [-97.6814599998825, 30.354199999915576], [-97.6814099996251, 30.35428000027892], [-97.68003827036523, 30.356399806506957], [-97.67966689783677, 30.356964447294814], [-97.67923910936747, 30.357650286375645], [-97.67932513410838, 30.357715269394436], [-97.67951505066188, 30.358130441445933], [-97.67846738787539, 30.359766548750816], [-97.67778000007185, 30.360020000303855], [-97.67715798640484, 30.360007407821417], [-97.67593742074177, 30.361850019910392], [-97.67576627566984, 30.36206612357438], [-97.67604000025463, 30.362440000332953], [-97.67458336870139, 30.36303003057142], [-97.67282176859291, 30.36221517627746], [-97.67204059715357, 30.36298684364294], [-97.67111672158099, 30.36307041667122], [-97.67102788950885, 30.363210379392175], [-97.67099524699415, 30.363261810293697], [-97.67097860988692, 30.36325630475605], [-97.67084932668715, 30.363228867446786], [-97.67071634323788, 30.36322060597362], [-97.67058282799275, 30.36323158610732], [-97.6702645187488, 30.36325489220174], [-97.67023164418971, 30.363257299436917], [-97.67007348688796, 30.363270517774694], [-97.66997839027341, 30.363268543050633], [-97.66985189786108, 30.363254914675682], [-97.66972816305729, 30.363227591452215], [-97.66963771211199, 30.363200959367987], [-97.66957627818769, 30.363185931470316], [-97.66954552365927, 30.363179791929397], [-97.66948409055075, 30.363164763500382], [-97.66962477488542, 30.362922899254453], [-97.67003420147142, 30.362273464748796], [-97.66887365460155, 30.362226834267705], [-97.66887358090854, 30.362226796980167], [-97.66872954579934, 30.3621565568267], [-97.66864805342291, 30.362326882018785], [-97.66856146336877, 30.362913276221924], [-97.66865679206924, 30.362982720671], [-97.66867299672498, 30.362994525450915], [-97.6686719240667, 30.36300779636914], [-97.6686715740971, 30.363012125374915], [-97.668671947201, 30.36301694363901], [-97.66865603485004, 30.362999400552972], [-97.66864114634873, 30.362982986517586], [-97.66854565636538, 30.36299132863575], [-97.66856362961147, 30.363495393087714], [-97.66873513222924, 30.36517958428432], [-97.66889681494767, 30.367149278549192], [-97.66881295059062, 30.367799620264744], [-97.6683114025965, 30.368779829924485], [-97.66761730063293, 30.369927057083167], [-97.66702608105113, 30.37076234354712], [-97.66619509991877, 30.37192392764516], [-97.66590513706966, 30.372250044070743], [-97.66576762014422, 30.372414251341002], [-97.66574457517765, 30.372405960528937], [-97.66573910705137, 30.372401102264956], [-97.6656544770962, 30.37236930063442], [-97.66259968376701, 30.371107983986835], [-97.66243413511206, 30.37058480141277]]]]}, "properties": {"route_id": "PW41", "district": "District 6", "garb_day": "Wednesday", "op_type": "Semi", "supervisor": "Klair", "super_num": 400, "centroid_lat": 30.35916486881581, "centroid_lng": -97.66849009822624}}, {"type": "Feature", "geometry": {"type": "MultiPolygon", "coordinates": [[[[-97.7669229476093, 30.491792440067563], [-97.7661046831032, 30.48974972300598], [-97.76002906133091, 30.491430541473626], [-97.76002939098655, 30.49144176119445], [-97.75995080085008, 30.491452189911037], [-97.7595118533565, 30.49151043605008], [-97.75931297680806, 30.49159162589617], [-97.75671785946709, 30.492446987086826], [-97.75668249122783, 30.492466509730697], [-97.75667789537974, 30.492466682737785], [-97.75627741190407, 30.492618043527795], [-97.75461585210267, 30.48857526488177], [-97.75641256933918, 30.4880130208075], [-97.75850749381073, 30.487357419160816], [-97.7578038686397, 30.485317623410772], [-97.7573036502628, 30.483855211587674], [-97.76131658449741, 30.4826380638235], [-97.76368431653385, 30.48188207643079], [-97.76374923163915, 30.47915241847103], [-97.76319044166237, 30.478968107615138], [-97.76238376947357, 30.47870442804302], [-97.76020004616403, 30.477984102005966], [-97.7599404872082, 30.47744445169451], [-97.76406398150345, 30.476040237572157], [-97.7641791646807, 30.47583376306813], [-97.76477616842885, 30.475641767921726], [-97.76502035241643, 30.47573942144517], [-97.76782729624134, 30.47484498513915], [-97.76867363184417, 30.474609272289978], [-97.76923458326797, 30.47448392018769], [-97.76970318774157, 30.474408978587608], [-97.76970323408617, 30.47440896964241], [-97.76966237213297, 30.474300872981402], [-97.77589997209611, 30.473682664456692], [-97.77600823902611, 30.47367106903342], [-97.77611253894271, 30.47365939451537], [-97.77621611840115, 30.473644955221975], [-97.77632041826423, 30.473633280535164], [-97.77642399766368, 30.473618841074167], [-97.77652764998751, 30.47360165263882], [-97.77673336773086, 30.473567243923476], [-97.77683629949428, 30.47354729055132], [-97.77693843781859, 30.4735273213011], [-97.77704064904138, 30.473504603078524], [-97.77714278727802, 30.473484633665738], [-97.77724427794661, 30.47345915059569], [-97.77734569562924, 30.473436416336654], [-97.77744639279764, 30.47341091731384], [-97.77754716283921, 30.47338266932066], [-97.77764713942659, 30.47335440545727], [-97.77774632256016, 30.47332612572544], [-97.7778462990305, 30.47329786170698], [-97.77794476156781, 30.473266817140427], [-97.77804329695401, 30.473233023606724], [-97.78051659325477, 30.47246261741097], [-97.78036817886502, 30.472102122309597], [-97.78067546095306, 30.472009219171966], [-97.78054593429383, 30.471684854198536], [-97.78068583487958, 30.47149786196883], [-97.78065241169391, 30.471051642256374], [-97.78070843188637, 30.470854731394596], [-97.78080134228136, 30.470523787163565], [-97.7806685968274, 30.47038088080667], [-97.78074027837253, 30.469862491397965], [-97.78104226759947, 30.469849242194865], [-97.78141556719395, 30.46963113403116], [-97.78170591098687, 30.46945813208769], [-97.7822896233133, 30.469117687070185], [-97.78246954867917, 30.468917736551944], [-97.78260797081232, 30.46854644024013], [-97.78265723800422, 30.468214627832907], [-97.7826361509373, 30.467721898090666], [-97.78261657079717, 30.46726220235749], [-97.7827578937411, 30.46681120372104], [-97.78299576310815, 30.466461134933876], [-97.78326614354445, 30.466172218918626], [-97.78368155024356, 30.465921936772844], [-97.78420459636052, 30.46583331008682], [-97.78413754678202, 30.465727465998306], [-97.78390290841261, 30.465205743438254], [-97.78380581318861, 30.46497553730089], [-97.78354516502202, 30.4643570356593], [-97.78417934160748, 30.463937825157036], [-97.78674807645298, 30.46230834395702], [-97.78827154826978, 30.461334679713907], [-97.788758255706, 30.46102803814921], [-97.7890328476278, 30.460910708899036], [-97.78981630097458, 30.460575945796837], [-97.78960306317092, 30.460054658009067], [-97.78933770908394, 30.45940307135878], [-97.7894147452447, 30.459311086400163], [-97.7896228377403, 30.45909518263657], [-97.78986445974573, 30.458901945501577], [-97.78998937700537, 30.458830161136042], [-97.7901737898593, 30.45875955520043], [-97.79036663828627, 30.45870011743239], [-97.79025483913381, 30.458365112373578], [-97.79020345036575, 30.458177071640335], [-97.79018327026681, 30.458099662508374], [-97.79016085549732, 30.458016708435355], [-97.79004862737446, 30.457667942995023], [-97.78978735363177, 30.457222713217845], [-97.78956458419964, 30.4568222511609], [-97.78953367720382, 30.456640116614196], [-97.78952007685758, 30.456463825650186], [-97.78948308522621, 30.455580234926014], [-97.78946302429846, 30.455227794454757], [-97.7884933315889, 30.45552211463572], [-97.78840200031745, 30.455314028966644], [-97.7878014272546, 30.454584284384204], [-97.78776739604066, 30.454550605565988], [-97.78770966263284, 30.454392691604962], [-97.78756010409629, 30.453985426446135], [-97.78773340414418, 30.453914603799014], [-97.78724763966748, 30.453225637560333], [-97.78773040502327, 30.453073114571406], [-97.7864966572971, 30.4521606872987], [-97.78585775516935, 30.45275752504247], [-97.78497026127857, 30.45211298184528], [-97.7847213529367, 30.45240409074918], [-97.78313782877954, 30.451241210123786], [-97.78518428237685, 30.45060476794023], [-97.7852500146015, 30.450380499846258], [-97.78530462249999, 30.4503890195025], [-97.78530581240494, 30.45038504866615], [-97.78568072447376, 30.45051149182309], [-97.78987770262222, 30.449224586722544], [-97.79002164346605, 30.4489814744149], [-97.79002172407085, 30.448980373124712], [-97.79007291656646, 30.448906759150045], [-97.79036344089573, 30.448816994309766], [-97.7904924564594, 30.448777033747223], [-97.79049145714562, 30.448772559934252], [-97.79049263689572, 30.448772266537855], [-97.79042020355728, 30.448534600561246], [-97.79011804685213, 30.4476748800153], [-97.78979463149174, 30.44701759715535], [-97.78938359602935, 30.446452517996832], [-97.78872120280624, 30.445728123879697], [-97.78809291640171, 30.445178864110176], [-97.78700535494235, 30.444425899581628], [-97.7847968382232, 30.443013220135217], [-97.78078139599378, 30.440457081210173], [-97.77955258510462, 30.43967171373783], [-97.77933838774673, 30.439533770569547], [-97.77933153777971, 30.43953142799225], [-97.77933394772987, 30.439528383488796], [-97.7800070385682, 30.4386780744509], [-97.78046884646025, 30.438458510353826], [-97.78096049854926, 30.4382447372766], [-97.78084887973709, 30.43770183722089], [-97.78098251683264, 30.437413358973306], [-97.78107851490765, 30.437144277456635], [-97.78102306857552, 30.43656213260947], [-97.7815628733734, 30.43633237796015], [-97.78267032187048, 30.436030657750774], [-97.78454676213961, 30.435641648925166], [-97.78724603457468, 30.434900302795207], [-97.7887804824305, 30.434386840103908], [-97.79017290327994, 30.433765951419275], [-97.79138303925279, 30.43456392208839], [-97.79133009108352, 30.436272849040925], [-97.79140789828762, 30.436363744397344], [-97.7911945403339, 30.43699652374122], [-97.79313626142792, 30.438682435248978], [-97.79348822846738, 30.439498425848132], [-97.7932740758169, 30.440538566083422], [-97.79275979275282, 30.44132973252237], [-97.79529248985742, 30.442190349733153], [-97.79661987922805, 30.442966067370968], [-97.79655372646947, 30.443114969370843], [-97.79675699983812, 30.442991885766933], [-97.79706375935622, 30.442990244609152], [-97.79731044626504, 30.44290653312538], [-97.79759510704254, 30.44273113493568], [-97.79773525241264, 30.44281093406285], [-97.79774952372499, 30.444060300476607], [-97.80019872210742, 30.44710456929626], [-97.79974214960103, 30.447095558924143], [-97.79823509162962, 30.447065805883486], [-97.7980058831988, 30.447138341326145], [-97.79802008886706, 30.44717088321255], [-97.79802954249867, 30.447203688969324], [-97.7984180183104, 30.44854697615965], [-97.79694314865903, 30.449019724388265], [-97.79674310251089, 30.44908818799008], [-97.79701069650297, 30.449852071623294], [-97.79293218763539, 30.454713391824093], [-97.79293219255263, 30.45471341844442], [-97.79309644124523, 30.45546750958453], [-97.793163760048, 30.455743874940403], [-97.7931643352419, 30.455746046937925], [-97.79446258707603, 30.454623063183767], [-97.79639287517928, 30.452961985083906], [-97.79773827555216, 30.45179956959648], [-97.79820048641683, 30.453024344147963], [-97.79720117204036, 30.453692189213115], [-97.79648850778464, 30.454166044787424], [-97.79575464788492, 30.45465851001259], [-97.79487259186448, 30.45524842815546], [-97.79395591896322, 30.455861308541152], [-97.79381152832926, 30.45600972075786], [-97.79332337479882, 30.456347112824105], [-97.7933254343431, 30.45635489744584], [-97.79348489477043, 30.45680910690697], [-97.79375097574248, 30.457584463933365], [-97.79414476026446, 30.458513614423534], [-97.79459189555784, 30.45964734317973], [-97.79475786873672, 30.46000541798484], [-97.79499264172381, 30.460734559025923], [-97.79544324723362, 30.461706021826473], [-97.7964838385537, 30.46438507061091], [-97.7969234533754, 30.46430298242439], [-97.79707692935165, 30.464262008949415], [-97.79699864235768, 30.463858914033125], [-97.79829861488717, 30.46280920841445], [-97.79866334518074, 30.46249187033672], [-97.80057084757831, 30.462031704116146], [-97.80203141044394, 30.461664461096834], [-97.80307497197713, 30.461398997344972], [-97.80372108274038, 30.461246709404723], [-97.80447621236473, 30.463019044483776], [-97.80496878133984, 30.46421138608019], [-97.80530038883798, 30.4650045093123], [-97.80556449597329, 30.465617531449503], [-97.80593988769213, 30.465498406375144], [-97.80636965779803, 30.46536384850755], [-97.80725876391139, 30.46508705924409], [-97.80858246087791, 30.464673043261403], [-97.81067262827122, 30.464068768978613], [-97.81115993649576, 30.465089494209597], [-97.81174060141342, 30.46649806374662], [-97.81227742871512, 30.467853513471187], [-97.81295161870096, 30.469511442243558], [-97.81337161019877, 30.470540055291575], [-97.81381693232287, 30.471632421250526], [-97.81438844222862, 30.473029796422576], [-97.81456302948388, 30.473456770800087], [-97.81507525563924, 30.474693460955763], [-97.81517063900537, 30.474992366271426], [-97.81530461300703, 30.475303029543756], [-97.81256530689039, 30.47626690321429], [-97.80480204149441, 30.478766602471385], [-97.8047212618633, 30.478826518020544], [-97.80449800890337, 30.478977239058214], [-97.8037075286422, 30.479433352135324], [-97.80352213343262, 30.479534166700212], [-97.80349804590365, 30.479548141230296], [-97.80343999989323, 30.479480000136284], [-97.80336489226197, 30.4793777127246], [-97.80236178015521, 30.479913689716742], [-97.80179741971111, 30.480083093615338], [-97.80130073932006, 30.480165335276634], [-97.79861147135634, 30.480155000218964], [-97.79804178614333, 30.48009716961499], [-97.79706078407041, 30.479898880245724], [-97.79672360801175, 30.479875699583996], [-97.79627300207379, 30.47994338894454], [-97.79544126309366, 30.480115210665666], [-97.79528932246225, 30.480161601324916], [-97.793122798123, 30.480898202022434], [-97.78954998018311, 30.481951138927155], [-97.77134148743099, 30.487950398136743], [-97.77219112241572, 30.490139254364074], [-97.77315965935932, 30.49261229911576], [-97.77390570261804, 30.494461092850585], [-97.7744042453725, 30.495677554901558], [-97.77431428432692, 30.49570943706562], [-97.77434398971204, 30.4958110525026], [-97.77407579451302, 30.496379173678445], [-97.77159346639424, 30.497065486409426], [-97.76926794507258, 30.497635752745005], [-97.76763038920919, 30.493723404541875], [-97.76712365586543, 30.4928041554224], [-97.7669229476093, 30.491792440067563]]]]}, "properties": {"route_id": "PAW01", "district": "District 3", "garb_day": "Wednesday", "op_type": "Auto", "supervisor": "Herrera", "super_num": null, "centroid_lat": 30.470186625133834, "centroid_lng": -97.7866596549252}}, {"type": "Feature", "geometry": {"type": "MultiPolygon", "coordinates": [[[[-97.664146051514, 30.449664223858885], [-97.66198712454087, 30.448670422813446], [-97.66150189670967, 30.448481547291617], [-97.66170897152733, 30.44825482202459], [-97.66182866082431, 30.448117042064464], [-97.66197922161628, 30.4479248957489], [-97.66207790681614, 30.447800430522648], [-97.66271366029173, 30.446796005035928], [-97.66342111491947, 30.445666549253172], [-97.66455023979191, 30.44383900099596], [-97.6633599838805, 30.443261415820917], [-97.66349630176283, 30.443038717213724], [-97.66150573348492, 30.44210341478494], [-97.65997987627641, 30.4413812911197], [-97.65906628865673, 30.440930444933], [-97.65662098691044, 30.439713298782312], [-97.65666255051991, 30.439645405219597], [-97.65560142084847, 30.43913644864371], [-97.65555335920288, 30.439209707137344], [-97.65464418936502, 30.438772673539507], [-97.65338797076045, 30.43817436340913], [-97.65285793228102, 30.437915758328216], [-97.6527061386995, 30.437838326605476], [-97.65051456370367, 30.436805137172847], [-97.65117254291859, 30.435773728417434], [-97.65290735862057, 30.432964750204093], [-97.65266869984647, 30.432539078387205], [-97.65245478273451, 30.43210810041173], [-97.6522845048693, 30.431646831605942], [-97.652107527891, 30.431268869236806], [-97.65170681259534, 30.430762805529962], [-97.65133491463833, 30.430367940783842], [-97.65096148157116, 30.43002834203947], [-97.65052042902704, 30.429825576694967], [-97.65017581172438, 30.429597175865997], [-97.64982965725396, 30.429424041342596], [-97.65098893477376, 30.427703114773042], [-97.65533864141885, 30.429815603716094], [-97.65873292915644, 30.431436170263215], [-97.66242029604972, 30.433259891210888], [-97.66628341407885, 30.427237783158187], [-97.66677571232876, 30.42645357668895], [-97.6672001116751, 30.42574450449964], [-97.66779431455268, 30.424766199308536], [-97.66866004053132, 30.42345700377113], [-97.66865910991062, 30.42345652229866], [-97.66880725910734, 30.42324642045942], [-97.6704458790941, 30.42404148417158], [-97.67113562670882, 30.424268455813227], [-97.67139050273407, 30.42438013976933], [-97.67145175195779, 30.424410101714482], [-97.6714737503425, 30.424418991837356], [-97.67173569019313, 30.423035828848473], [-97.67256478832078, 30.418551975443435], [-97.67384363811725, 30.41186975534525], [-97.67462210811593, 30.407969701626953], [-97.67473864767229, 30.407995094132527], [-97.67524618437501, 30.408026748502998], [-97.6758744810668, 30.40806862042701], [-97.6764025604828, 30.408030477391474], [-97.67773680915263, 30.4078202546457], [-97.6781273337085, 30.40784299424644], [-97.67884816727182, 30.407923564729465], [-97.67923750209604, 30.408039055889187], [-97.68217981686144, 30.40922200385218], [-97.68630500215845, 30.41117687324102], [-97.6866566338873, 30.41134612887481], [-97.68666557399483, 30.411354835054304], [-97.6905737218693, 30.41323671586678], [-97.6905690190481, 30.413243171504238], [-97.69058478674556, 30.4132506956953], [-97.69058371396902, 30.41325211409899], [-97.69157210840838, 30.413719768900876], [-97.6932247516048, 30.414518352554555], [-97.693086413872, 30.414740510673045], [-97.69294865641199, 30.414941453714647], [-97.69285612011956, 30.4151008733512], [-97.6925771972302, 30.41556355367825], [-97.69230446326732, 30.415981692513128], [-97.6919604490464, 30.416514951908134], [-97.69162625491298, 30.416962465945257], [-97.69134896602948, 30.417312035791532], [-97.69249536621001, 30.41804437590732], [-97.69258008933063, 30.418089704238053], [-97.69255643714196, 30.41902580716379], [-97.69324919724913, 30.419386566394493], [-97.69412651053418, 30.41944418054675], [-97.69423016645432, 30.419507350596906], [-97.69422961550325, 30.41951110997198], [-97.69413999972983, 30.419770000160984], [-97.6939999995809, 30.420350000282053], [-97.69387999998972, 30.420730000373602], [-97.69366000010548, 30.42105000035978], [-97.69307999969182, 30.421920000266187], [-97.69204999994793, 30.423430000319854], [-97.69173999995223, 30.423839999867024], [-97.6912699996253, 30.424509999966872], [-97.69046017626191, 30.426359596654446], [-97.69045988014437, 30.42635944585216], [-97.69045999957603, 30.426360000102157], [-97.69019065804525, 30.4264089253582], [-97.68762104166012, 30.42520232783243], [-97.68657971406576, 30.425321460097766], [-97.68649317368124, 30.42539984770388], [-97.68599457546284, 30.424393117368304], [-97.68549688129511, 30.42414242706913], [-97.6844727903826, 30.4239728861403], [-97.6838965776471, 30.422871334345437], [-97.68381704724213, 30.421459547374095], [-97.68405042976363, 30.42050290265739], [-97.68386677186591, 30.42019760242687], [-97.68369896395987, 30.42017284311983], [-97.68255020246653, 30.419920892610577], [-97.68143599985298, 30.419133383514488], [-97.68087411379597, 30.417992923049297], [-97.67956596902845, 30.41654731119869], [-97.679550346778, 30.41654698813512], [-97.67672731893026, 30.41648857749068], [-97.67217552788892, 30.42473807230889], [-97.67216409554129, 30.424732924012304], [-97.67216112273944, 30.42474865905187], [-97.67215684461057, 30.424771301952777], [-97.67172611386333, 30.427050977415117], [-97.67148338543441, 30.428341385230354], [-97.67099579025393, 30.431199948033086], [-97.66998520725934, 30.436644044937424], [-97.66981342514983, 30.437031038239663], [-97.66982267005687, 30.437787592920472], [-97.66982901683303, 30.4382470431376], [-97.66984484958364, 30.439138504339375], [-97.66984131796072, 30.439495984117578], [-97.66954945871086, 30.44040856433191], [-97.66927857117761, 30.44122256470092], [-97.6691141675872, 30.44168672246861], [-97.6689676996032, 30.442162253800287], [-97.668651606965, 30.443118335829848], [-97.66845994950928, 30.443678191324985], [-97.66830324051635, 30.444150759030915], [-97.66812603020982, 30.44479067582377], [-97.66803821898168, 30.44478060137396], [-97.66717348688715, 30.444655377806473], [-97.66687637004212, 30.446186686600036], [-97.66663541851662, 30.447466123303407], [-97.66635219312096, 30.44895371353528], [-97.66604074637947, 30.448908736941323], [-97.66591146982617, 30.44884829170161], [-97.66553203914143, 30.448793649974032], [-97.66530220676037, 30.44915467855544], [-97.66523407381864, 30.44949431366769], [-97.66517304303078, 30.449462790689978], [-97.66513281922956, 30.449453702747554], [-97.66508277278078, 30.449455413597494], [-97.66503646389505, 30.449465452667557], [-97.66498811115358, 30.449491951682592], [-97.66495309098241, 30.449524228632953], [-97.66492981625316, 30.449562250538246], [-97.66491885179416, 30.449614280368557], [-97.6649225451904, 30.44965286284885], [-97.66493511582703, 30.44968612904147], [-97.66496260467264, 30.449725206647415], [-97.66499444005869, 30.44975062205312], [-97.66504602967481, 30.449779198464825], [-97.66506747761186, 30.44980714834859], [-97.66507053012538, 30.449840216687175], [-97.66502613955548, 30.45006757833298], [-97.664146051514, 30.449664223858885]]]]}, "properties": {"route_id": "PW10", "district": "District 6", "garb_day": "Wednesday", "op_type": "Semi", "supervisor": "L Joyner", "super_num": 800, "centroid_lat": 30.426727375372952, "centroid_lng": -97.67233006661785}}, {"type": "Feature", "geometry": {"type": "MultiPolygon", "coordinates": [[[[-97.80021375787697, 30.367337653253056], [-97.79844993464889, 30.36633633200553], [-97.79802863929686, 30.36596329776471], [-97.79768149126647, 30.365686923863425], [-97.7966385994591, 30.365683694369675], [-97.796603092048, 30.36568358452063], [-97.79648580792936, 30.36541149425502], [-97.79638932894348, 30.364348487303467], [-97.79631539699895, 30.364005315299814], [-97.7960817808958, 30.363425182943928], [-97.7958660590432, 30.362953312620107], [-97.79521645656489, 30.36241890166373], [-97.79462384248475, 30.36208344810761], [-97.79399403486568, 30.361585392497258], [-97.79341607036066, 30.360814309040308], [-97.79291020724405, 30.360215074408202], [-97.7919304117601, 30.359620151692237], [-97.79153989494054, 30.359486519900134], [-97.79139645982143, 30.359456305319718], [-97.79134281237833, 30.359445004185343], [-97.79122964536612, 30.35942116561929], [-97.79067310999676, 30.359325460746472], [-97.78895363771471, 30.359255390754946], [-97.78832600760558, 30.359194176258402], [-97.7878610733799, 30.359018360288047], [-97.78596064175659, 30.35824023444761], [-97.78524998539166, 30.3576708216716], [-97.7850658109233, 30.357371004405508], [-97.78439285964258, 30.356938687415763], [-97.78328187892701, 30.35622495461545], [-97.78294602346891, 30.35566367836946], [-97.78289783019056, 30.355722055065872], [-97.78285042310867, 30.355779480466953], [-97.7827714860767, 30.355270412742126], [-97.78234728188806, 30.354076142243127], [-97.78250579569811, 30.35300639845317], [-97.78337417604949, 30.352176643796923], [-97.78499717409946, 30.351410670260297], [-97.78531231009991, 30.350838697567497], [-97.78549088180083, 30.34786433790995], [-97.78475816793996, 30.34657766265719], [-97.78530295929173, 30.34488269686196], [-97.7851333984081, 30.34414809916136], [-97.7851085377033, 30.344040393993886], [-97.78436593287778, 30.343129371747814], [-97.78230370472654, 30.341700599695088], [-97.7799172000083, 30.3414276271454], [-97.7799601731244, 30.340953493441557], [-97.77974558046445, 30.340709556193303], [-97.77970302881194, 30.340229381024063], [-97.78377260033427, 30.338502298497335], [-97.78407466565507, 30.339016231314933], [-97.78407533506669, 30.339017345158044], [-97.78407660158496, 30.339019716443666], [-97.78524866583167, 30.338572311046136], [-97.7864889176907, 30.340416324994635], [-97.78707500145303, 30.341798679968818], [-97.78705544946493, 30.341811080649816], [-97.78751351302091, 30.342422006738417], [-97.78786263179269, 30.34288762558909], [-97.78789627383854, 30.34293249336568], [-97.78789651900772, 30.342932311732472], [-97.78789603280308, 30.342931660159003], [-97.78912927469428, 30.34188620553697], [-97.78938812965141, 30.34138026673061], [-97.78995064287193, 30.340531116429734], [-97.79015474259221, 30.340611826010196], [-97.79020112558203, 30.340714960722934], [-97.79035413070372, 30.340871317089295], [-97.79048750480185, 30.341027284309742], [-97.7907502739017, 30.34111767422544], [-97.79099565672283, 30.341122539533526], [-97.79111501076025, 30.341065280485417], [-97.79133319075653, 30.340984426489882], [-97.79136016914299, 30.341078658365134], [-97.79153572316987, 30.341124728285816], [-97.79177619821276, 30.341129494816073], [-97.79203899470457, 30.341032487834283], [-97.79254114491582, 30.34098281329115], [-97.79281807558762, 30.340945710975728], [-97.79315163559716, 30.34080921865723], [-97.79311092859852, 30.340602278595558], [-97.79299427104536, 30.3405198995996], [-97.79316293370184, 30.340380140397684], [-97.7935050475143, 30.33999550858628], [-97.79411452635017, 30.339337027763694], [-97.79428023547214, 30.33918527489336], [-97.7960433916722, 30.336448104576252], [-97.79919906927329, 30.33140865662759], [-97.79967863331471, 30.33065354355623], [-97.80052955603556, 30.329308945177807], [-97.80066928576959, 30.329088929076526], [-97.80175447000758, 30.327424412367197], [-97.80325214870066, 30.325019940524427], [-97.80412826662086, 30.323634073418653], [-97.80593445964108, 30.320776844852393], [-97.8064492755256, 30.3199728982563], [-97.81054567353729, 30.313466564855037], [-97.8108787533385, 30.312942308665022], [-97.81493612232525, 30.306746380786954], [-97.81727580574629, 30.307779472251884], [-97.81835429418385, 30.309639894057174], [-97.81721307186034, 30.31018557365668], [-97.81731806998182, 30.3104809845128], [-97.81796558253664, 30.31096398310313], [-97.81818398191083, 30.31143855983857], [-97.81850545794606, 30.31145883566049], [-97.81888230039596, 30.311619887522017], [-97.81912288955762, 30.31206695947054], [-97.81936123959129, 30.312188042891687], [-97.8197429353532, 30.31216293335845], [-97.82000725833753, 30.312317119243893], [-97.82014108865525, 30.31294834963979], [-97.82037004792925, 30.313018027451974], [-97.82084381573489, 30.31316700412176], [-97.82186571101077, 30.314113641186008], [-97.82204333359464, 30.314093839482155], [-97.82224241302234, 30.314074457332058], [-97.82262106358775, 30.313341514599056], [-97.82305688801296, 30.313298830093512], [-97.82372380897885, 30.313656457662137], [-97.82405477243783, 30.313518589459783], [-97.82458106065377, 30.313505608121535], [-97.8250322521025, 30.313491155266114], [-97.82580154060602, 30.31362727025247], [-97.82587431720562, 30.31364089589334], [-97.82647984464688, 30.313747264207016], [-97.82733964094754, 30.31394062150698], [-97.82668537181843, 30.315627093539053], [-97.82605457881603, 30.316409219228888], [-97.824547897012, 30.317615571788536], [-97.82320634704006, 30.318339636170737], [-97.82011524519547, 30.319823863445645], [-97.81927867547414, 30.320690196831315], [-97.81698366816372, 30.321881002486194], [-97.81674851522267, 30.322119138948146], [-97.81625853481577, 30.322374341130516], [-97.81597885914572, 30.322368849903224], [-97.8157448535553, 30.32256287074417], [-97.81506883233949, 30.323123372825744], [-97.8143858934728, 30.323948556865517], [-97.81368270099257, 30.324574723045743], [-97.81312571672747, 30.32544651307266], [-97.81108374032692, 30.32862835045008], [-97.8109277745356, 30.32972870436058], [-97.81076771484771, 30.330012445548086], [-97.809910737625, 30.33067970398911], [-97.81050951694276, 30.33098315116136], [-97.81082063373515, 30.331137251478584], [-97.8111641375923, 30.33131436277936], [-97.81123156603427, 30.331401439529504], [-97.81116200588988, 30.3313224067735], [-97.81110625141609, 30.33129092797883], [-97.81126168311056, 30.331440333378442], [-97.81163906537691, 30.331927683966576], [-97.8117278019995, 30.33228949468308], [-97.81155144386454, 30.33293890324912], [-97.8115271398811, 30.33296451746061], [-97.81117530268968, 30.333277517888945], [-97.81433196412239, 30.334757450491132], [-97.81437691602183, 30.3348617173827], [-97.81495359820538, 30.335241156184377], [-97.8152086716447, 30.335415649335754], [-97.81500211350134, 30.335566668297343], [-97.81483210215274, 30.335687389580944], [-97.81437187321755, 30.335967823300997], [-97.81417632867975, 30.336259454364537], [-97.81348259382185, 30.33715993925503], [-97.81401153715603, 30.337469345230165], [-97.81380128626036, 30.337869590287124], [-97.81355624316481, 30.338326919659096], [-97.8134148167914, 30.338641864646657], [-97.8131039577762, 30.33906901598982], [-97.81302834132941, 30.339414137873465], [-97.81285212004755, 30.339786166756205], [-97.81273231608283, 30.340003748405707], [-97.81251525062049, 30.339921698031617], [-97.81227490808153, 30.34034910221247], [-97.8122296543763, 30.340555634551333], [-97.81212968413816, 30.341114907929345], [-97.81206868811164, 30.34125247727865], [-97.81194086573399, 30.341470299465183], [-97.81195446197012, 30.3415108208681], [-97.8120316165594, 30.341549413279076], [-97.81191738811364, 30.341828598018793], [-97.81152948052737, 30.34256423249321], [-97.81029971600272, 30.34196098862995], [-97.80992627327238, 30.342524051242947], [-97.80984750342108, 30.342487930838697], [-97.80873192126568, 30.34414242620948], [-97.80872834116293, 30.34414061327742], [-97.80872509021606, 30.34414594650106], [-97.80874879625294, 30.34415782692336], [-97.80850592668428, 30.344527500858582], [-97.80803695096525, 30.34429799333485], [-97.80784671804062, 30.34458525795589], [-97.80765810028078, 30.344870133840455], [-97.80728156671971, 30.34544443677211], [-97.80680651509583, 30.34520955205111], [-97.80658660191158, 30.34510070700776], [-97.80609854415775, 30.344864930807717], [-97.8058714567541, 30.344755228010143], [-97.80587137843088, 30.344754974499427], [-97.8055919646313, 30.344618982046804], [-97.80550515229488, 30.344764380899747], [-97.80479623426605, 30.344412363823178], [-97.80390384353285, 30.345596716079136], [-97.8042534727243, 30.346223592165895], [-97.8035577286625, 30.34727037643328], [-97.8030069973192, 30.347535684820958], [-97.80150618694194, 30.349859345635455], [-97.80164050387808, 30.349873678987322], [-97.80173035526806, 30.349871558943587], [-97.80196023657705, 30.34983715771541], [-97.8020894540312, 30.349874753392676], [-97.8021436096112, 30.349864140667464], [-97.80226589413668, 30.349823720637747], [-97.80238440581941, 30.34975596942534], [-97.80243968513793, 30.349702545168533], [-97.80248160354256, 30.349644963889272], [-97.80259501490934, 30.349600474616267], [-97.8027242324829, 30.349638069825225], [-97.80284130932418, 30.34979613726254], [-97.80293206531131, 30.35027298692454], [-97.803011308103, 30.350332959526934], [-97.80319509070578, 30.350344373399007], [-97.80322364934608, 30.3502826339697], [-97.80343251850155, 30.35036463312349], [-97.80359345554355, 30.350391171869912], [-97.80387249604246, 30.35036552423438], [-97.80397948126335, 30.35039489181873], [-97.80407810370974, 30.350400731266834], [-97.80420456933727, 30.350372073659308], [-97.8042911582393, 30.35032316058072], [-97.80437723669897, 30.35029370632969], [-97.80445352334651, 30.350295210695123], [-97.80453745909777, 30.350347487231822], [-97.8046307779797, 30.350384372429836], [-97.80470390420678, 30.350335193615933], [-97.804807626312, 30.35031776910971], [-97.80490074123993, 30.350362437902728], [-97.80497203033478, 30.350383313045608], [-97.80515132590126, 30.350394635643827], [-97.80534438959585, 30.350394547593073], [-97.80552001300275, 30.350374646033387], [-97.80572719105578, 30.3503330947001], [-97.80572605336081, 30.35033050140684], [-97.80590972955206, 30.350284302167374], [-97.80629680752497, 30.350083860851708], [-97.80640495477132, 30.349954117447037], [-97.80663660084655, 30.349753543128028], [-97.80697639399085, 30.349552168860487], [-97.80706704245388, 30.349574468683397], [-97.80719261336927, 30.349553497611097], [-97.8072884796634, 30.34950556669717], [-97.80736147239178, 30.349427879955584], [-97.80792729982363, 30.348981858002027], [-97.80834452921933, 30.348661852516177], [-97.80910013654488, 30.347548467163783], [-97.80997091909438, 30.346164803885785], [-97.81069537053281, 30.34490622342696], [-97.81072084553468, 30.344793410044023], [-97.81069422878807, 30.34460533137129], [-97.81070169303119, 30.34449216418808], [-97.81079676091565, 30.344474497091564], [-97.81100725682084, 30.344349693642492], [-97.81120207952596, 30.343962786687936], [-97.81138381132233, 30.343731916900662], [-97.81140672271762, 30.343544812628732], [-97.81174286061483, 30.34309425804029], [-97.8119872071509, 30.342708323360753], [-97.81206865225809, 30.342522370243824], [-97.81226787941159, 30.342311380536064], [-97.81243465674967, 30.341962993662527], [-97.81260758005367, 30.34172413497327], [-97.81265812929654, 30.341686055024073], [-97.8127236151848, 30.34159356488764], [-97.8127110131075, 30.34138622514174], [-97.81282468749133, 30.341173552742788], [-97.81287503171268, 30.341143283343428], [-97.8129318179015, 30.341038900381168], [-97.8129245472556, 30.340972331799914], [-97.8129992416723, 30.34087220720957], [-97.81310873118245, 30.340819656064824], [-97.81311189396968, 30.340698588953533], [-97.81325995517331, 30.340549110636438], [-97.81326014527454, 30.340369374261307], [-97.81333698099515, 30.340187236934046], [-97.81340185313991, 30.340118178731874], [-97.81345659736805, 30.34009190316803], [-97.81364434868259, 30.339802537923156], [-97.81369243436612, 30.339686261294375], [-97.81371555849285, 30.33966327137336], [-97.81372301921009, 30.33955010354433], [-97.81382001977241, 30.339458231981595], [-97.81389501784578, 30.33934639165781], [-97.81408052331943, 30.33914294441975], [-97.8141749578523, 30.338976782053695], [-97.81418620643083, 30.33889104033838], [-97.81426387076785, 30.338849584756606], [-97.81434520568082, 30.338667535455674], [-97.81444067502947, 30.33863424436843], [-97.81444353016103, 30.338524893627177], [-97.81448046739469, 30.338490452523573], [-97.81451074503688, 30.338366010987656], [-97.81461265475029, 30.338258605995666], [-97.8146102930989, 30.338176503986098], [-97.81473819695758, 30.338108683769534], [-97.81480398410251, 30.338004476023826], [-97.8147507701671, 30.337972172039706], [-97.8147305009038, 30.33788581122205], [-97.81482484844827, 30.337895479010406], [-97.81517590231583, 30.337562430837007], [-97.81530021953846, 30.337459372961103], [-97.81552911155467, 30.33731929416265], [-97.81557627644669, 30.337238164843825], [-97.81561596461898, 30.337098278232197], [-97.81567520915928, 30.337072089631437], [-97.81578110808681, 30.3369842993116], [-97.81576053237859, 30.3369096543825], [-97.8157806825925, 30.336827995088775], [-97.81588975836671, 30.33679106304534], [-97.81602758183712, 30.336688269000696], [-97.81620592581514, 30.336586271106327], [-97.81639070731075, 30.336410158402003], [-97.81652820429058, 30.336147154688746], [-97.81666305152878, 30.335985691457942], [-97.81670408225446, 30.3359669597303], [-97.81670120950298, 30.335904384812608], [-97.81695291338212, 30.33575302960147], [-97.8170129710449, 30.335695597436228], [-97.81711232813497, 30.335685824848355], [-97.8172653866619, 30.33551690374609], [-97.81737456301586, 30.335476064712502], [-97.81750078910228, 30.33512687642657], [-97.8176557883322, 30.334941060369488], [-97.81779467308438, 30.33491252625289], [-97.81791744978156, 30.3348107377173], [-97.81794868710912, 30.334764462135897], [-97.81805209681525, 30.334714392138853], [-97.81820543079476, 30.33459236376827], [-97.81826135915483, 30.33452052272544], [-97.8183700925971, 30.33449660662077], [-97.81849327477396, 30.33437919622045], [-97.8185328223936, 30.334244515782267], [-97.81863595941172, 30.33420485923147], [-97.81864399872956, 30.334126869609197], [-97.81891996980464, 30.33390825808927], [-97.81909690661449, 30.333802321012445], [-97.81931654245533, 30.33367117153521], [-97.81949032483519, 30.333455765395986], [-97.81966017221808, 30.33339136723614], [-97.82007159491859, 30.33304516288305], [-97.82119270427597, 30.33173862227537], [-97.82190133326894, 30.331049175411568], [-97.82225203286545, 30.330727824383484], [-97.8224434051461, 30.33052838827425], [-97.82263301506394, 30.330396645530936], [-97.82282808568434, 30.330285848920404], [-97.8231198768595, 30.330150895808778], [-97.82465592974603, 30.33111071520447], [-97.8240234479184, 30.33183040624223], [-97.82314475497144, 30.33316642287951], [-97.82236733366112, 30.334049647367966], [-97.82131546679912, 30.335323104129948], [-97.82089031348026, 30.335935923013537], [-97.8202443884015, 30.33651483544097], [-97.81984704725619, 30.33671409662663], [-97.81970378471316, 30.33697749498754], [-97.81890023451193, 30.337715992776857], [-97.81877131190659, 30.338083195936033], [-97.81844020159562, 30.338357698733972], [-97.81696321196206, 30.34007385598013], [-97.81423410219716, 30.34337743700781], [-97.81228835321366, 30.346060427600325], [-97.81129569026675, 30.347505048660544], [-97.80996525144322, 30.34947543139814], [-97.80955894143162, 30.350014639882424], [-97.80944546311346, 30.350441296488135], [-97.80813352133546, 30.351702139312845], [-97.80675783362399, 30.352641737150446], [-97.80692223699603, 30.352983237081215], [-97.8061854653839, 30.35396705498554], [-97.80847497809934, 30.355170160921606], [-97.80786468495758, 30.3560712517161], [-97.80699280732968, 30.357363234214265], [-97.8057823100042, 30.35917231093183], [-97.80684932308475, 30.359703690308216], [-97.809609593055, 30.36100835880594], [-97.80974835730345, 30.360817740091136], [-97.81081960942477, 30.359072893655156], [-97.81112586080482, 30.35929804544274], [-97.81417142524973, 30.35992505876271], [-97.8141667143501, 30.360105425432728], [-97.81391555244512, 30.360616088525205], [-97.81386391649094, 30.360885762347934], [-97.81381530835186, 30.36103948685779], [-97.8138568492196, 30.361156311675835], [-97.81383694427163, 30.361349269467162], [-97.81395175839647, 30.361506204222596], [-97.8140199830498, 30.3617395625851], [-97.8139727216118, 30.361841753598792], [-97.81403589897586, 30.362268362116144], [-97.81398695467195, 30.362434969689737], [-97.81402039466472, 30.362577415834465], [-97.81408895694348, 30.36279789103117], [-97.81307125106326, 30.36249431899173], [-97.81153491781566, 30.362128982701133], [-97.81120807253782, 30.362122555863266], [-97.81087211420729, 30.36218039877576], [-97.81060065206785, 30.362329738593857], [-97.81040246072266, 30.362519189123944], [-97.81022114802924, 30.362631631987934], [-97.80999728682205, 30.362665897931382], [-97.80974404861577, 30.362686695374393], [-97.80951951345972, 30.362746726591027], [-97.80926458915417, 30.362831939581785], [-97.80896239765605, 30.363019341250144], [-97.80857714355277, 30.36325666692698], [-97.80788091324042, 30.3637327773242], [-97.80748856306677, 30.363957070521707], [-97.80721776478528, 30.36408063658794], [-97.806934809273, 30.364100843110617], [-97.8065802689693, 30.364016519604352], [-97.80641886863216, 30.36393600039926], [-97.80624159923248, 30.363893837642145], [-97.80432439088607, 30.363881828643343], [-97.80388915523449, 30.36375723629435], [-97.80383141677781, 30.36369164836916], [-97.80365516267652, 30.363610832521008], [-97.80352483055829, 30.363479362075054], [-97.80334992908665, 30.363347012846347], [-97.80321824586404, 30.363267075724924], [-97.80109425115032, 30.366602327024854], [-97.80079373738698, 30.366441714461896], [-97.80021375787697, 30.367337653253056]]]]}, "properties": {"route_id": "PAF01", "district": "District 9", "garb_day": "Friday", "op_type": "Auto", "supervisor": "Herrera", "super_num": null, "centroid_lat": 30.340207567394273, "centroid_lng": -97.80335665276621}}, {"type": "Feature", "geometry": {"type": "MultiPolygon", "coordinates": [[[[-97.89609530522048, 30.195339846100836], [-97.89610101879303, 30.19524829447978], [-97.89608857791127, 30.19420295374491], [-97.89812398818688, 30.192592242771255], [-97.89872075689956, 30.190813557337705], [-97.89911875015437, 30.189597048656726], [-97.89837151193319, 30.188918851948163], [-97.89790131637997, 30.18886181892953], [-97.897885620544, 30.18839580398119], [-97.89700150534743, 30.187395392361175], [-97.89624762500644, 30.18618059939413], [-97.89549360734412, 30.185731363039334], [-97.89479769908637, 30.185774521162177], [-97.894724007141, 30.185719174309764], [-97.89530706087804, 30.185149173367005], [-97.89607897387963, 30.184581045875902], [-97.89641081566826, 30.18440262390587], [-97.8979264474959, 30.183667462813265], [-97.89837258091352, 30.18344751982119], [-97.89872730771795, 30.18318879518095], [-97.89911324201128, 30.18281953477786], [-97.89993932832311, 30.181578708214555], [-97.89725035141625, 30.180188054690756], [-97.89639810432034, 30.179585486933146], [-97.89631386818, 30.17898528745773], [-97.89636971765438, 30.178977190114686], [-97.89639333375644, 30.17897376627804], [-97.89647907399642, 30.178953185846705], [-97.89648857519455, 30.178959957265572], [-97.89648874796607, 30.17895993252152], [-97.89648976778267, 30.178959784240803], [-97.89650348239954, 30.178959171751696], [-97.90448432454015, 30.17792744977164], [-97.9050099886524, 30.177061804143992], [-97.90522475904973, 30.176519676221847], [-97.9055326570257, 30.176517265195677], [-97.90663822237282, 30.176633879385815], [-97.9066812947962, 30.176638422382553], [-97.90674794986677, 30.16966207117601], [-97.90636314116725, 30.1696656914688], [-97.90633642410555, 30.168177311761507], [-97.90639543247826, 30.165606968272733], [-97.90651965575046, 30.16569751493197], [-97.90649898339498, 30.164951682341588], [-97.90627279230037, 30.16437044078349], [-97.9079124300493, 30.163711973416824], [-97.90790725916224, 30.16399858475401], [-97.9079454660438, 30.164103214506707], [-97.9080544658711, 30.16423726196854], [-97.9082118196508, 30.16432806190158], [-97.90833328210181, 30.164358222923244], [-97.90849071525099, 30.164357571970136], [-97.90873542265255, 30.16427645822814], [-97.9100000817788, 30.163728576501427], [-97.9106994484194, 30.163252634803463], [-97.91192396472373, 30.164968509844183], [-97.91237453071787, 30.16585967718241], [-97.91191257629707, 30.166272354181174], [-97.91195844667631, 30.166962967644086], [-97.9121296087965, 30.167104585560082], [-97.91233381649737, 30.167273544574993], [-97.9125016186817, 30.16744610458452], [-97.91260553545109, 30.167611686685536], [-97.912648995444, 30.167710187177587], [-97.91271393153202, 30.167705932856972], [-97.9128411732138, 30.167710092649912], [-97.9129128039865, 30.167763115560152], [-97.91307946007522, 30.16788647742111], [-97.91287948256081, 30.168063324112193], [-97.91278794586293, 30.168098638288413], [-97.91276052306534, 30.16810932842821], [-97.91280770761193, 30.168109911656824], [-97.91286383513423, 30.16812085947617], [-97.91286696572645, 30.16811839774692], [-97.91292456973741, 30.16810880569878], [-97.91313023021205, 30.167924058105175], [-97.9142338697787, 30.166800186237886], [-97.91435414983592, 30.166658886102365], [-97.91448952250812, 30.16642325461546], [-97.91453300146398, 30.16630224963039], [-97.91394407777348, 30.165621984876513], [-97.91341408699722, 30.164568245748487], [-97.91305991429884, 30.16285711921539], [-97.9160042321655, 30.159623074669824], [-97.91653092072735, 30.15931158292189], [-97.91655446745133, 30.157764547941962], [-97.91838270461554, 30.157501475273463], [-97.91879933873899, 30.15783010140999], [-97.91868219669473, 30.15780620597951], [-97.91762393957686, 30.157937005311453], [-97.91771665222247, 30.15807157035821], [-97.91762021022149, 30.158108978685522], [-97.9177177846463, 30.158476104333335], [-97.91823832249044, 30.158807152514235], [-97.91859255220533, 30.159187590779887], [-97.91862087602587, 30.163120965523532], [-97.91797578812415, 30.164882648071053], [-97.91794951499084, 30.164911251852896], [-97.9179037640956, 30.165054365838728], [-97.91784191079337, 30.165118812288135], [-97.91784778923224, 30.16528849351293], [-97.92376084860636, 30.172328685147633], [-97.92419722070618, 30.17274866833888], [-97.92524306585338, 30.17260454645397], [-97.92625587842421, 30.172587487211814], [-97.9271238706695, 30.172710040738117], [-97.92826441699468, 30.17296952560548], [-97.92947586247558, 30.174564799326124], [-97.92931833256375, 30.174774701387765], [-97.92924269544962, 30.17480617374593], [-97.92816802824099, 30.173295004034618], [-97.92811339097226, 30.173290718585555], [-97.92808353567705, 30.173244354749727], [-97.9276315703219, 30.173252927445525], [-97.9269691370225, 30.173200967057102], [-97.92618946792699, 30.1732413126973], [-97.92590514189487, 30.17328565901516], [-97.92550203048643, 30.173293298146824], [-97.92234769994582, 30.173818776156637], [-97.92230632873834, 30.1738469082633], [-97.92225551441175, 30.17385483224688], [-97.92102458708489, 30.174631956328135], [-97.91951352085562, 30.175123264345196], [-97.9172317610831, 30.1758640327216], [-97.91750520568948, 30.175424666082936], [-97.91806468053431, 30.174615311079467], [-97.91800955702699, 30.174614271026417], [-97.91801334839292, 30.174608178757193], [-97.91807270253676, 30.174513040830462], [-97.9169501529408, 30.17453035940902], [-97.91605883533163, 30.174541706638998], [-97.91599032434365, 30.17503691145294], [-97.91582547758755, 30.181626433260412], [-97.91269214416783, 30.18602134828319], [-97.91197864993197, 30.18693605733342], [-97.9102840500773, 30.1890433890076], [-97.91010704987033, 30.189866364797318], [-97.90990425213144, 30.191198232231134], [-97.9097555962336, 30.192425003081297], [-97.90947820224191, 30.192964151626615], [-97.9087722773135, 30.194369089165402], [-97.90849345045287, 30.194745843704013], [-97.908070918104, 30.195153303766254], [-97.90733589610775, 30.19552618928552], [-97.90595555188193, 30.196202017316757], [-97.9038468355559, 30.197203068369724], [-97.90319648678533, 30.197486804183928], [-97.90291468415535, 30.197543536482918], [-97.90245130838562, 30.197606371696175], [-97.90243263817612, 30.197616678794063], [-97.9024178313181, 30.19761034271238], [-97.90217628548642, 30.197615510323917], [-97.90207654776107, 30.19760693434042], [-97.90177898568376, 30.19757536702494], [-97.90132117060978, 30.197509655721742], [-97.9006850802136, 30.19741463890052], [-97.89893090778999, 30.197171374512337], [-97.8980750918612, 30.197034587662852], [-97.89775041049293, 30.19695454942377], [-97.8972009905363, 30.196707504061074], [-97.8971032572996, 30.196441989394433], [-97.89612307130079, 30.195346909778443], [-97.89609530522048, 30.195339846100836]]]]}, "properties": {"route_id": "PAM06", "district": "District 2", "garb_day": "Monday", "op_type": "Auto", "supervisor": "Herrera", "super_num": null, "centroid_lat": 30.17943522964959, "centroid_lng": -97.9088679111425}}, {"type": "Feature", "geometry": {"type": "MultiPolygon", "coordinates": [[[[-97.70488309336925, 30.25109215151233], [-97.70338219078589, 30.25063754506045], [-97.70220550466222, 30.250825284934958], [-97.70158049352524, 30.250473404716093], [-97.70027361236099, 30.250065127546556], [-97.6999575114283, 30.249126263706653], [-97.69998985500018, 30.247940280195238], [-97.69937873533995, 30.247080110183873], [-97.6984966838181, 30.24644552237755], [-97.69846913227767, 30.246425699959705], [-97.69710895569283, 30.246082968866563], [-97.69671193664011, 30.245982926352507], [-97.70038294098177, 30.240461699241887], [-97.70038597694588, 30.240342328942564], [-97.7004510381971, 30.23912420918087], [-97.70070436637558, 30.23824368883429], [-97.70103059674487, 30.237879623847924], [-97.70150586251866, 30.237559816974166], [-97.70209873712103, 30.237276754848097], [-97.70269820334889, 30.237041887880803], [-97.70302012333394, 30.236835649737444], [-97.70338622882669, 30.23645866591312], [-97.70591342156986, 30.232507597754292], [-97.70618821409161, 30.2319982775735], [-97.70631695797012, 30.231334907478505], [-97.70628007124672, 30.23020582155478], [-97.70689957938455, 30.23001845310992], [-97.70813748450269, 30.227819140880055], [-97.70792999954921, 30.227110000404377], [-97.70791713444814, 30.227060613737304], [-97.70793614183331, 30.22703207949407], [-97.70801000006395, 30.227010000412847], [-97.70880007958071, 30.22677741193242], [-97.71491149927728, 30.21735508089838], [-97.71029264400227, 30.215009668664333], [-97.71028768142828, 30.215006783598398], [-97.71068701971349, 30.21469101269959], [-97.71206498038667, 30.212741428732844], [-97.71239029554432, 30.212225270293395], [-97.71759963397487, 30.212910653472207], [-97.72200799279413, 30.213487933046732], [-97.7257708599978, 30.21399569016398], [-97.7280930977984, 30.214308713526417], [-97.7280318186917, 30.214589544467167], [-97.7277167406954, 30.21657430756197], [-97.72934235705618, 30.21844263712576], [-97.73072335147543, 30.21992626405483], [-97.7316195919021, 30.22016659651281], [-97.72768742273279, 30.22671427013554], [-97.72782119688584, 30.227599231918873], [-97.72786000000667, 30.227620000379805], [-97.72869999957928, 30.228040000157286], [-97.72924999985113, 30.22842000017744], [-97.72977999977942, 30.22900000032348], [-97.73006999981118, 30.229260000017305], [-97.73031999961991, 30.229430000289202], [-97.73102000005254, 30.22983000015509], [-97.73162999990386, 30.230120000218356], [-97.73276000017327, 30.23064000041439], [-97.73372999978912, 30.231060000131695], [-97.73424999965657, 30.231060000111253], [-97.73487999980058, 30.231090000257726], [-97.73508999954458, 30.231120000164744], [-97.73549999992561, 30.231310000078118], [-97.73577999997902, 30.231480000115305], [-97.73591580817627, 30.231596407472416], [-97.73591593491237, 30.23159791279074], [-97.73656055492194, 30.23214577574338], [-97.73692233966499, 30.232343957492468], [-97.7378999634844, 30.232734914940558], [-97.73943354398207, 30.233368704161563], [-97.74033708620479, 30.233583560828908], [-97.7411226506476, 30.23376270822577], [-97.74120522722023, 30.233771524640844], [-97.74058968734056, 30.234788488042888], [-97.73953249418909, 30.236593228659647], [-97.7376786509884, 30.23972380962966], [-97.73572696003166, 30.242908107616714], [-97.735368956901, 30.243617502176523], [-97.73522874777919, 30.24398496889216], [-97.7350371835101, 30.24464837734318], [-97.73496449376569, 30.24550175910736], [-97.73498985625527, 30.24603763803973], [-97.73511945331057, 30.24676559943598], [-97.73542812263095, 30.24823115960591], [-97.73573146133897, 30.249895214020828], [-97.73585754088022, 30.250854319764006], [-97.72807087875805, 30.24729608957097], [-97.7253100660069, 30.246387551329462], [-97.72479544359939, 30.246369449673026], [-97.72426882058114, 30.246350924598385], [-97.72421451544899, 30.246349013801424], [-97.72400231680787, 30.246341548718082], [-97.7214283605795, 30.247051054192777], [-97.72136223823726, 30.24709065322299], [-97.71911958399859, 30.248433678270068], [-97.71776788000723, 30.249118498956168], [-97.71550859967549, 30.250042220485582], [-97.71347147973299, 30.250376378718492], [-97.71347119990196, 30.250378496866272], [-97.71346971529452, 30.250389735676215], [-97.71337762385306, 30.251086714865092], [-97.71336567159513, 30.25121174320818], [-97.71332464674352, 30.251222690576153], [-97.71230928555063, 30.25086287908964], [-97.71026017644698, 30.250820939282097], [-97.70893943926603, 30.2509210306883], [-97.70776621629689, 30.250981751626686], [-97.70733057668333, 30.25084568173548], [-97.70605516700097, 30.251073813618795], [-97.70488309336925, 30.25109215151233]]]]}, "properties": {"route_id": "PT31", "district": "District 5", "garb_day": "Tuesday", "op_type": "Semi", "supervisor": "Williams", "super_num": null, "centroid_lat": 30.234518333031502, "centroid_lng": -97.71900384967243}}, {"type": "Feature", "geometry": {"type": "MultiPolygon", "coordinates": [[[[-97.607310950178, 30.17298688947384], [-97.6101252440568, 30.168398899221224], [-97.61143430580712, 30.16902081384593], [-97.61212778241152, 30.167985560477554], [-97.61301503031092, 30.166660229943652], [-97.61497094377172, 30.1675938133737], [-97.61601000111678, 30.16610807544446], [-97.61759414836666, 30.16682388796321], [-97.61833789819501, 30.167174162203455], [-97.62010076273054, 30.167996180416413], [-97.62310852542772, 30.16941820297396], [-97.62167235836438, 30.171708297791636], [-97.62021000319669, 30.174040023888587], [-97.61884549979402, 30.176171242072034], [-97.61844166438286, 30.17652626748069], [-97.61826994128506, 30.176674019607812], [-97.61697433301882, 30.177263011409842], [-97.61673652381434, 30.177371118411532], [-97.607310950178, 30.17298688947384]]]]}, "properties": {"route_id": "PAW72", "district": "District 10", "garb_day": "Wednesday", "op_type": "Auto", "supervisor": "Carnline", "super_num": 596, "centroid_lat": 30.171604417000502, "centroid_lng": -97.61540907042506}}, {"type": "Feature", "geometry": {"type": "MultiPolygon", "coordinates": [[[[-97.7625620476118, 30.451554358053475], [-97.76298999999999, 30.451419999999356], [-97.76380999999999, 30.451159999999348], [-97.76521, 30.45072999999935], [-97.76607, 30.450449999999375], [-97.76669, 30.450259999999364], [-97.76711, 30.450099999999352], [-97.76755999999999, 30.449769999999358], [-97.7679, 30.449489999999347], [-97.76813999999999, 30.44924999999934], [-97.76842999999998, 30.44889999999934], [-97.76873999999998, 30.44854999999932], [-97.76905999999998, 30.448119999999363], [-97.76951999999999, 30.447489999999352], [-97.76967999999998, 30.44726999999936], [-97.76978999999999, 30.44704999999937], [-97.76984999999999, 30.446879999999357], [-97.76986999999998, 30.446689999999368], [-97.76984999999999, 30.445939999999354], [-97.76993999999999, 30.44402999999936], [-97.76997, 30.443799999999353], [-97.77007999999998, 30.443539999999345], [-97.77038999999999, 30.443069999999356], [-97.77056932887547, 30.44284420701555], [-97.77080999999998, 30.442629999999344], [-97.77105999999999, 30.44246999999935], [-97.77154999999999, 30.442209999999378], [-97.77328229007101, 30.441465140658256], [-97.7733186666305, 30.441514126428853], [-97.77396097214731, 30.44304584460017], [-97.77479060208735, 30.442821403135532], [-97.77499204857546, 30.442980780699553], [-97.77553648522024, 30.443361229179242], [-97.77556810230547, 30.4433977951024], [-97.7761638169738, 30.44382873197719], [-97.77585779816161, 30.44411464531953], [-97.77650431988224, 30.444973183905265], [-97.77651381492444, 30.444968730482092], [-97.77652588645152, 30.444984297569608], [-97.77639657194794, 30.44510387336818], [-97.77555245850034, 30.445900021881513], [-97.7747024993976, 30.446697239974768], [-97.77534333495012, 30.447182206258912], [-97.77706602867494, 30.44846898483628], [-97.77952899668388, 30.447513636785484], [-97.78045793564883, 30.447154599302653], [-97.78057120467517, 30.447112574593138], [-97.7809504124798, 30.447396629227782], [-97.78048074008983, 30.447826837237987], [-97.78087514940502, 30.448113315355986], [-97.78142132689689, 30.44949993646708], [-97.7822018599997, 30.451230378778167], [-97.78227401683918, 30.451401206683304], [-97.7811985633199, 30.451749882644606], [-97.78009758741085, 30.452108947158617], [-97.77801734969259, 30.452729971634028], [-97.77738390347088, 30.45290963635312], [-97.77647034830363, 30.45327200513956], [-97.77602525041515, 30.453411165176117], [-97.7750944759418, 30.453674203063162], [-97.77480836446605, 30.45378353817523], [-97.7749177589584, 30.45431910238023], [-97.77600619665628, 30.459398615274868], [-97.77654783236616, 30.461963151494782], [-97.77346043279368, 30.463285412111098], [-97.77311991166927, 30.463435313444602], [-97.77313903814608, 30.46348289236589], [-97.77351756294179, 30.464428769558886], [-97.77390518754105, 30.465193942035313], [-97.77016879892948, 30.466246339568986], [-97.770161711375, 30.46625477243363], [-97.7666714066827, 30.467261699170493], [-97.76418793983675, 30.460971679080917], [-97.7640787072439, 30.460719233489982], [-97.76311854153785, 30.460466102429482], [-97.76306921654046, 30.460144314011746], [-97.76265931468298, 30.46009193662765], [-97.76266022348857, 30.46026492444271], [-97.76245737087277, 30.460276099484595], [-97.7624574531234, 30.460064791604132], [-97.76208808144135, 30.4600176519971], [-97.7621808658692, 30.459727474044403], [-97.7624926270076, 30.457769640343386], [-97.76343985208963, 30.457489696621202], [-97.76489182435849, 30.456941702145834], [-97.76276300976235, 30.451967606165752], [-97.76279219561333, 30.45195872331613], [-97.76271497531562, 30.451913947512427], [-97.7625620476118, 30.451554358053475]]]]}, "properties": {"route_id": "PAW06", "district": "District 3", "garb_day": "Wednesday", "op_type": "Auto", "supervisor": "Herrera", "super_num": null, "centroid_lat": 30.454854707425987, "centroid_lng": -97.77110071674706}}, {"type": "Feature", "geometry": {"type": "MultiPolygon", "coordinates": [[[[-97.72457999969446, 30.36113000013386], [-97.72408999970398, 30.36095000037084], [-97.72376999959222, 30.360960000233426], [-97.7232499995656, 30.361080000359813], [-97.72275999984521, 30.36124999999944], [-97.7222899995604, 30.36139999996389], [-97.72182000014884, 30.361600000088316], [-97.7216499996378, 30.36169000026654], [-97.72140999988882, 30.361919999764197], [-97.72096000005604, 30.362289999981392], [-97.72065999991534, 30.36246000015744], [-97.72012078378874, 30.362609782138158], [-97.72069396367172, 30.3620616179823], [-97.72187586411273, 30.35990698194644], [-97.72153744495282, 30.35791817853964], [-97.72177377679834, 30.35611856373883], [-97.72219391817468, 30.35319862154311], [-97.7231761500592, 30.352552742733163], [-97.72317420310787, 30.352550386178436], [-97.72316961632013, 30.352545055477343], [-97.7225499996227, 30.35224999995636], [-97.7219700002247, 30.351970000003995], [-97.72104000002653, 30.35153000019455], [-97.72020999993528, 30.35114000027938], [-97.71923999986873, 30.35066000010928], [-97.71855000009091, 30.350340000303937], [-97.71784999972851, 30.350050000122543], [-97.7170399998495, 30.34967000013614], [-97.71623000009217, 30.34923000012641], [-97.7146300000387, 30.34848000041906], [-97.71396999957521, 30.34820999997582], [-97.71349999991205, 30.34814000041638], [-97.71235539475117, 30.347724066815175], [-97.71270149047139, 30.347186493989124], [-97.71331407195783, 30.3462796386278], [-97.71382663041226, 30.345520838423262], [-97.7148639010846, 30.344020070129336], [-97.71486999965835, 30.344019999932407], [-97.71694654289603, 30.343614658173653], [-97.7210567237784, 30.345511837693532], [-97.72155839113762, 30.34723943546593], [-97.72155989058115, 30.34724006445802], [-97.7215599995483, 30.3472400002012], [-97.72182999984477, 30.34721000005027], [-97.72244000026917, 30.347179999946736], [-97.72265999987064, 30.347180000208304], [-97.72279000023632, 30.347210000308976], [-97.72370999995941, 30.347670000309755], [-97.72700999995304, 30.349240000333836], [-97.72763000006418, 30.34955000029785], [-97.72849999988702, 30.349929999907125], [-97.72940613097624, 30.350318537228326], [-97.73026236048571, 30.350722689719376], [-97.73206304810194, 30.35159811808345], [-97.73281617386922, 30.35196026720879], [-97.7332497133372, 30.35222382855253], [-97.73321255354658, 30.352284267972156], [-97.73245426439752, 30.35347277269919], [-97.73158268929619, 30.354770593624732], [-97.7308237765153, 30.356192697774524], [-97.73082318774969, 30.356203635571], [-97.73082069706348, 30.356203041469097], [-97.73048450385213, 30.357422003002842], [-97.73026337326965, 30.358226376660383], [-97.73012325972502, 30.35867786347046], [-97.73012059268504, 30.358686454915286], [-97.7297634198563, 30.360155175376022], [-97.72930170294924, 30.361962288363227], [-97.72906070969496, 30.362948157092237], [-97.72904999992335, 30.362950000219705], [-97.72854999978647, 30.362849999878215], [-97.72800999976182, 30.362610000226695], [-97.72727999998895, 30.362270000406475], [-97.72652000025728, 30.3618900003285], [-97.7259399999874, 30.36163000038373], [-97.72567999952571, 30.361570000182876], [-97.7248799995577, 30.361280000056365], [-97.72457999969446, 30.36113000013386]]]]}, "properties": {"route_id": "PAH65", "district": "District 9", "garb_day": "Thursday", "op_type": "Auto", "supervisor": "Litson", "super_num": 170, "centroid_lat": 30.35295676004702, "centroid_lng": -97.72393438635574}}, {"type": "Feature", "geometry": {"type": "MultiPolygon", "coordinates": [[[[-97.73302279891519, 30.440656625429554], [-97.73242061059565, 30.43996423203272], [-97.7314407956692, 30.439448345569016], [-97.72934498049102, 30.439442672806532], [-97.72833721555394, 30.439205385453104], [-97.72821476792512, 30.43905817572868], [-97.728521627946, 30.437244428116383], [-97.72855054600149, 30.437234976553164], [-97.72957520698947, 30.437984559315485], [-97.72974392202555, 30.43781030718789], [-97.72965195851262, 30.437688443646827], [-97.72962116514121, 30.437710206045345], [-97.72956436380426, 30.437724960265292], [-97.72952483257738, 30.437721464553544], [-97.72947264136175, 30.4376970728228], [-97.72850347748509, 30.43692438199317], [-97.72829343419671, 30.43673364854455], [-97.72894893102041, 30.433304407707826], [-97.72908089615422, 30.43332142911972], [-97.7291350906197, 30.43306337138187], [-97.7291346917997, 30.433063168561613], [-97.72905164753901, 30.433020911777472], [-97.72882773878482, 30.432920955201812], [-97.7281379648725, 30.432565060038115], [-97.72709192524697, 30.432015751507432], [-97.72509053622129, 30.430968457700253], [-97.72431592008931, 30.430564910201845], [-97.7239944477471, 30.430393352629732], [-97.72380037979404, 30.430293143977238], [-97.72338414362373, 30.430075651607915], [-97.72316427941185, 30.429961165026338], [-97.72284670162355, 30.429792434075544], [-97.72255873892313, 30.429643556681903], [-97.72227568418286, 30.42948927839752], [-97.7220590691963, 30.429372105599327], [-97.72181420440495, 30.42924335662215], [-97.72161394583297, 30.42913751786168], [-97.72158505096543, 30.429120427126378], [-97.72148979213067, 30.429063481156998], [-97.72135835184783, 30.42899479728848], [-97.72114547893565, 30.42891135252806], [-97.72133921910635, 30.42867370334141], [-97.71825631686386, 30.427144338312377], [-97.71816770565786, 30.427095893549783], [-97.71822987569078, 30.426990485264692], [-97.71814638109853, 30.426931597158738], [-97.71791142574607, 30.42660991316327], [-97.7191079176222, 30.424765513210808], [-97.72142129026992, 30.424818691678837], [-97.72143344222238, 30.4248137330224], [-97.72406706621273, 30.425277023866936], [-97.7241694611498, 30.42520204450273], [-97.72416999959097, 30.425200000392472], [-97.72434999976379, 30.425190000328808], [-97.7246700000742, 30.425090000248137], [-97.72507999972275, 30.42493999999567], [-97.72522999972699, 30.42484999991141], [-97.7253700001315, 30.424650000183433], [-97.72547999981532, 30.424159999944685], [-97.7254799997173, 30.423829999920315], [-97.72539999976719, 30.42321999992242], [-97.72529999956409, 30.422710000089953], [-97.72513999961173, 30.42197000008517], [-97.72497999992557, 30.421050000118235], [-97.72509999978378, 30.42079000018367], [-97.72548999958718, 30.4201500002098], [-97.72592000011352, 30.419460000378557], [-97.7263799999446, 30.41875999999308], [-97.7267884809782, 30.41808690915557], [-97.72652888615185, 30.417682456879962], [-97.7271951374442, 30.416582831259696], [-97.72769082151837, 30.416639384176143], [-97.72731544804721, 30.416271683387023], [-97.72744244034497, 30.41602868616947], [-97.72736986424925, 30.415044908187706], [-97.72747826974256, 30.414703302843357], [-97.72801043523165, 30.414609455668742], [-97.72812192168337, 30.414431304171845], [-97.72946667225021, 30.415004696473318], [-97.72913999952542, 30.411590000043745], [-97.72963999973793, 30.41159000001385], [-97.72981000002234, 30.411640000377762], [-97.73015999961333, 30.411790000289592], [-97.73085000001228, 30.41214000001588], [-97.7317481768189, 30.41261050974445], [-97.7320375451154, 30.412749098281974], [-97.73223192256009, 30.412635585174776], [-97.73275891704019, 30.412898445608853], [-97.7327457339359, 30.413091631539043], [-97.732955951999, 30.412981892768173], [-97.7335304735859, 30.413256076941042], [-97.73350941822034, 30.413445648352127], [-97.73370360911751, 30.413339038225267], [-97.73423932307904, 30.4135744333025], [-97.73422206630049, 30.413770991228567], [-97.73445581353042, 30.41367554453088], [-97.73501475257629, 30.4139412827971], [-97.73496905941792, 30.4141392888424], [-97.73516739916656, 30.414011429068886], [-97.73712232625226, 30.414947756616947], [-97.73713460682526, 30.415154156940517], [-97.73735133671151, 30.415055465440368], [-97.73771509957749, 30.415238052726476], [-97.7377226836065, 30.415414894975555], [-97.73779763305461, 30.415478556976392], [-97.73789116391438, 30.41542519063104], [-97.73817486848039, 30.41541250906198], [-97.7393714454851, 30.415944840704654], [-97.74204957116719, 30.41721482342247], [-97.74205392666951, 30.417480845452758], [-97.7423618899193, 30.417373506616393], [-97.74529784760016, 30.418844759939127], [-97.74565600541143, 30.418918867210294], [-97.7460785702633, 30.418884048126746], [-97.74644260927693, 30.41909862850666], [-97.74669568301945, 30.419059155694065], [-97.74685605472207, 30.419043046538754], [-97.74737852508922, 30.421683397023532], [-97.74793431839784, 30.422775697336508], [-97.74880060766581, 30.423816844645827], [-97.74944930295291, 30.42432740506854], [-97.7535653096821, 30.426418831310773], [-97.75309010273389, 30.42712514412388], [-97.75213304230202, 30.428447698444753], [-97.75140031061609, 30.42892026376085], [-97.75045432940348, 30.429135614867242], [-97.74986218571267, 30.42912369695091], [-97.74863472179982, 30.42889861923575], [-97.7484720140232, 30.42885662337403], [-97.7476778686338, 30.428689068438917], [-97.74508784626637, 30.42815226143864], [-97.74498560991694, 30.42813102586454], [-97.7443926743339, 30.42800339569943], [-97.74398778928632, 30.42797290525245], [-97.74363993206528, 30.427977047823795], [-97.74294076877904, 30.428113614630345], [-97.74241388414917, 30.428309461568084], [-97.74175510924712, 30.42885980202725], [-97.74140193223705, 30.429261843678407], [-97.74069677778897, 30.430138708195614], [-97.74035999989913, 30.43054000021665], [-97.74012999969221, 30.43085000030418], [-97.73954999977396, 30.43148999993241], [-97.73906082258667, 30.43181273500258], [-97.73915639570303, 30.431961936595567], [-97.73929725912772, 30.432383850945723], [-97.73927019312185, 30.432816905826634], [-97.73915231639292, 30.43360455489227], [-97.7390299997323, 30.43402000040301], [-97.73877999954132, 30.43437000030501], [-97.73808136038413, 30.435080045736733], [-97.73746999998522, 30.43581000006201], [-97.73633999978564, 30.43709000017471], [-97.73615999970188, 30.437210000369316], [-97.73591268865798, 30.437442747513987], [-97.73580821351982, 30.43754445743049], [-97.73576392499146, 30.437587003142685], [-97.73699895555492, 30.43845162924507], [-97.73722762527267, 30.438560405186568], [-97.73747837845, 30.43871269644555], [-97.7379289438554, 30.439016247936113], [-97.73841307726732, 30.43933519800923], [-97.73852838041677, 30.43947002669402], [-97.73872811281304, 30.439606246156686], [-97.73877665040852, 30.43963934982123], [-97.73877479302094, 30.4396447915182], [-97.73758698789385, 30.44049646644883], [-97.73729033145172, 30.44046802394844], [-97.73622335129504, 30.440843951122933], [-97.73552608405619, 30.44117787274469], [-97.73388576997026, 30.441230889771095], [-97.73302279891519, 30.440656625429554]]]]}, "properties": {"route_id": "PAW51", "district": "District 3", "garb_day": "Wednesday", "op_type": "Auto", "supervisor": "Castillo", "super_num": 500, "centroid_lat": 30.42575727480146, "centroid_lng": -97.73489511267107}}, {"type": "Feature", "geometry": {"type": "MultiPolygon", "coordinates": [[[[-97.75932074589937, 30.50832063791433], [-97.75940555928678, 30.5051473703142], [-97.7588211389893, 30.501570822139772], [-97.75872131035551, 30.5011875560186], [-97.76020825382989, 30.500729429610708], [-97.76112892544876, 30.500471304069887], [-97.7624363651531, 30.500248599081353], [-97.76310879371236, 30.500138693738094], [-97.76326176532486, 30.500105122758068], [-97.76364172502748, 30.499969477581953], [-97.7640909683709, 30.499717038439574], [-97.76499469882063, 30.49901529464268], [-97.76555772914473, 30.498682758365977], [-97.76607195002586, 30.49847458576368], [-97.76656245033588, 30.49838053437609], [-97.76697231752144, 30.49836365682569], [-97.76780505744598, 30.49846266030419], [-97.7683787681765, 30.498660340399507], [-97.76993785371195, 30.499282361462377], [-97.77075321445565, 30.4994132295505], [-97.77156997302028, 30.499443973545], [-97.77237528366601, 30.499312906119115], [-97.77289807392128, 30.49914673041491], [-97.77496092639895, 30.49841963911892], [-97.77670545452553, 30.497747909727803], [-97.77845714707651, 30.497103735419653], [-97.77904744613281, 30.496922328623857], [-97.77903056737212, 30.49685361561754], [-97.77972693143296, 30.49597718990878], [-97.77933004821266, 30.49446485128016], [-97.78661963867272, 30.492185420035298], [-97.78769631116687, 30.49481934332852], [-97.78642039482723, 30.497487312125767], [-97.7849319191736, 30.50206078418559], [-97.78411661572792, 30.504304411840874], [-97.7835152877717, 30.504021766771604], [-97.78351794594558, 30.50392136667594], [-97.78287714796683, 30.50358719673023], [-97.78252983795053, 30.503560209230947], [-97.78215774326473, 30.50359300065656], [-97.78171607998983, 30.503624408516146], [-97.78080477309665, 30.50386747794364], [-97.78022556859436, 30.50383587637034], [-97.77990144797413, 30.50380934270144], [-97.77964742858951, 30.503764111727808], [-97.77950988896063, 30.503701105661374], [-97.7793475630881, 30.503697878102088], [-97.77933597859627, 30.503694076710893], [-97.77895653792625, 30.503569559410934], [-97.77900611194143, 30.503450002095835], [-97.77884538373748, 30.503386534157432], [-97.77863508178847, 30.50344262304899], [-97.77828883891453, 30.50337546448898], [-97.77784824099622, 30.50336669929109], [-97.77760970263134, 30.503361953208568], [-97.77731488602444, 30.503356086772463], [-97.77672927366008, 30.503424251286262], [-97.77643049140481, 30.503459027575282], [-97.77621930025995, 30.503534283458976], [-97.77612963691043, 30.503537669048065], [-97.77596492179202, 30.503668830994958], [-97.77572790005631, 30.503824407130125], [-97.77557923331042, 30.504008242394022], [-97.77530558070382, 30.503392959545906], [-97.7750187806602, 30.503520089766408], [-97.77253412375985, 30.504545712769257], [-97.77208865549305, 30.504760817329124], [-97.77117554110193, 30.50475692422138], [-97.77095207942072, 30.504765938810646], [-97.76960487661076, 30.50542772483095], [-97.76827664126671, 30.505960609329613], [-97.7675924609968, 30.506218150498967], [-97.76625389585782, 30.50721633336005], [-97.76619872194175, 30.507257476690967], [-97.76603273709925, 30.507106962714595], [-97.76514403747815, 30.507420389581945], [-97.76292371025576, 30.507581001223762], [-97.76299196416826, 30.507298488445606], [-97.76319824123992, 30.507076563943706], [-97.76348326135837, 30.506861471670575], [-97.76202317108432, 30.50629077906091], [-97.76197859042996, 30.506368742021525], [-97.76194558468451, 30.50646796468891], [-97.76192247035688, 30.506651497719457], [-97.76188904357542, 30.506766482992095], [-97.76187550465363, 30.5068187817135], [-97.76186859469321, 30.50685018547207], [-97.76185505554135, 30.50690248469077], [-97.76158258668785, 30.50801151741108], [-97.75978956849406, 30.508312055891064], [-97.75932074589937, 30.50832063791433]]]]}, "properties": {"route_id": "PAW05", "district": "District 3", "garb_day": "Wednesday", "op_type": "Auto", "supervisor": "Herrera", "super_num": null, "centroid_lat": 30.500919724332682, "centroid_lng": -97.77358760905923}}, {"type": "Feature", "geometry": {"type": "MultiPolygon", "coordinates": [[[[-97.66261984847549, 30.376802612681235], [-97.66095300291555, 30.37653140356195], [-97.66068571451109, 30.37740699031345], [-97.66026783810159, 30.378135772331355], [-97.6600211559679, 30.378720583782194], [-97.66001999959839, 30.37872000033557], [-97.65967635252875, 30.37808887610987], [-97.65930506907421, 30.377728608506754], [-97.65866776308724, 30.377237324719477], [-97.65831217769042, 30.37699503735898], [-97.6578575693869, 30.37661957717108], [-97.65760127400794, 30.376316485237542], [-97.65715311337202, 30.375451116922935], [-97.65643937447608, 30.37399626245588], [-97.655153169104, 30.371346466947625], [-97.65462233254995, 30.37047178801531], [-97.65437258524985, 30.370236690846717], [-97.65220716387809, 30.368658899103604], [-97.65174876779056, 30.36831716521739], [-97.650182126618, 30.367605077606413], [-97.650716913325, 30.36573760536699], [-97.65071713241562, 30.36573684028882], [-97.65071742623616, 30.365737715263943], [-97.65075732760249, 30.36585653834447], [-97.65080529352767, 30.36595907200194], [-97.65086303443307, 30.366037799146763], [-97.65093526505564, 30.366121569580386], [-97.65097438532321, 30.36615349424097], [-97.65105146490413, 30.366208198134842], [-97.65113303285895, 30.366259106400392], [-97.65121381582557, 30.366292668191576], [-97.65131021961881, 30.36631889912033], [-97.65145650027911, 30.36635295453411], [-97.65231662907227, 30.366464425268564], [-97.6527491936889, 30.366543738891274], [-97.6531212976293, 30.366623974946737], [-97.65335779588827, 30.366683107600398], [-97.65356173071719, 30.36673905673032], [-97.65374079725623, 30.366796816386056], [-97.65391004897279, 30.366858666652046], [-97.65406259429253, 30.366922466580487], [-97.65423306837818, 30.36699940226822], [-97.65434382623457, 30.36707243952446], [-97.65440970108473, 30.367118221224025], [-97.65452170196671, 30.367204495617738], [-97.65460418837421, 30.367126240231574], [-97.65489823752374, 30.366640883197036], [-97.65490353365767, 30.36663214142355], [-97.65542692864913, 30.36576821409778], [-97.65616725224162, 30.364578988510356], [-97.6561803421959, 30.364557589696883], [-97.65618618398669, 30.364548040052636], [-97.65582249684175, 30.364194219466505], [-97.65555485870723, 30.363667155204404], [-97.65536029479233, 30.362939410859372], [-97.65574838315167, 30.3611170248958], [-97.65565896221672, 30.360359548762588], [-97.656280094105, 30.359425344234943], [-97.65725295840866, 30.35797699980349], [-97.65743410844443, 30.35764022389908], [-97.65747173549022, 30.35763390969552], [-97.65747867818664, 30.357601550282816], [-97.65762872640708, 30.357346378165516], [-97.65844863795155, 30.357030977037436], [-97.66243413511206, 30.37058480141277], [-97.66259968376701, 30.371107983986835], [-97.6656544770962, 30.37236930063442], [-97.66573910705137, 30.372401102264956], [-97.66574457517765, 30.372405960528937], [-97.66576762014422, 30.372414251341002], [-97.66590513706966, 30.372250044070743], [-97.66619509991877, 30.37192392764516], [-97.66702608105113, 30.37076234354712], [-97.66761730063293, 30.369927057083167], [-97.6683114025965, 30.368779829924485], [-97.66881295059062, 30.367799620264744], [-97.66889681494767, 30.367149278549192], [-97.66873513222924, 30.36517958428432], [-97.66856362961147, 30.363495393087714], [-97.66854565636538, 30.36299132863575], [-97.66864114634873, 30.362982986517586], [-97.66865603485004, 30.362999400552972], [-97.66865623401644, 30.362995015534725], [-97.6686719240667, 30.36300779636914], [-97.66945293885995, 30.36364398114566], [-97.67136709983927, 30.36537275169344], [-97.67242301566885, 30.368283145588833], [-97.67325997826623, 30.368643207285206], [-97.67484826681786, 30.369398257393147], [-97.67555641630892, 30.368286914999448], [-97.67617429822397, 30.367838539273563], [-97.67686325466414, 30.367750978445045], [-97.67701196407067, 30.368255381525856], [-97.68003939140235, 30.369726407013882], [-97.68004284204417, 30.369728083573083], [-97.68004647595059, 30.36972823579645], [-97.68022151492862, 30.36977323831544], [-97.6802272009931, 30.36977478333319], [-97.68025645050541, 30.369782435383772], [-97.68026789093292, 30.369785090700585], [-97.68036263766305, 30.369809842390772], [-97.68061750121511, 30.36992465624016], [-97.68062864011073, 30.369929673943016], [-97.6773605513417, 30.375157300136966], [-97.67612218970471, 30.377048383592882], [-97.67582838308697, 30.377420403871763], [-97.6750908694984, 30.378740143260156], [-97.67434263815939, 30.380416380966377], [-97.67364823793403, 30.38322878294966], [-97.67250862218265, 30.388202186455928], [-97.67217156783707, 30.38962603069682], [-97.67217064702007, 30.389630291804945], [-97.67216308411126, 30.389628368587356], [-97.66755137330716, 30.388455735197024], [-97.66655677255119, 30.387070532020793], [-97.66538267226586, 30.38506328398908], [-97.66446482029987, 30.383573055189924], [-97.66362761930161, 30.380059019365593], [-97.6638201551967, 30.379365292263678], [-97.66261984847549, 30.376802612681235]]]]}, "properties": {"route_id": "PW30", "district": "District 6", "garb_day": "Wednesday", "op_type": "Semi", "supervisor": "Williams", "super_num": null, "centroid_lat": 30.374037566763437, "centroid_lng": -97.66634630513398}}, {"type": "Feature", "geometry": {"type": "MultiPolygon", "coordinates": [[[[-97.6945789283077, 30.322321847602073], [-97.69503326400545, 30.32175996390715], [-97.6953619780842, 30.321371811367488], [-97.69673827671703, 30.321514942043176], [-97.69922449833737, 30.3217688220115], [-97.70153506957742, 30.32203594605519], [-97.70326440564084, 30.32218971910773], [-97.70505352841336, 30.32229400121409], [-97.70622292856743, 30.32226727644775], [-97.7068881820908, 30.322131438602906], [-97.7069020122025, 30.322127479708136], [-97.706704800695, 30.322804186565946], [-97.70626310102664, 30.325896576368926], [-97.705678650063, 30.32910800437299], [-97.70511588330015, 30.330881567505525], [-97.70457037618382, 30.332095049885204], [-97.70416027299328, 30.33285222869612], [-97.70199501127692, 30.33619595946984], [-97.70081057439211, 30.338087746942186], [-97.70016599384019, 30.33917671222018], [-97.70014161025648, 30.33916104915944], [-97.69906360067714, 30.338581692994502], [-97.69745405250849, 30.33775797449788], [-97.69575941649171, 30.336872245579553], [-97.69385555798613, 30.336019836277], [-97.69336496725263, 30.335833139339346], [-97.69289331692529, 30.335653648063012], [-97.69203072557514, 30.335238769601126], [-97.69049509097916, 30.33454788253787], [-97.68629667072469, 30.332635401157415], [-97.68652047820024, 30.3323220765606], [-97.68758070047363, 30.33090262219106], [-97.68789713232525, 30.330611620378725], [-97.68862181202852, 30.330273956203314], [-97.68962641149082, 30.329808067513227], [-97.68990130055218, 30.329566905475048], [-97.6902378913487, 30.32915070789059], [-97.69113177238914, 30.32797729770254], [-97.69179408285267, 30.326947207900897], [-97.69339427291071, 30.324321460455245], [-97.69404860199906, 30.323284143822345], [-97.6945789283077, 30.322321847602073]]]]}, "properties": {"route_id": "PAH73", "district": "District 1", "garb_day": "Thursday", "op_type": "Auto", "supervisor": "Carnline", "super_num": 596, "centroid_lat": 30.329546094426803, "centroid_lng": -97.6978937325464}}, {"type": "Feature", "geometry": {"type": "MultiPolygon", "coordinates": [[[[-97.69958503526527, 30.23105286328847], [-97.69958946165839, 30.231051943168794], [-97.69976999999999, 30.2308199999994], [-97.70020999999998, 30.230119999999395], [-97.70104255616683, 30.228774213642797], [-97.7010419771946, 30.22877103351217], [-97.7010450546106, 30.228770476199287], [-97.70154000009143, 30.228030000022226], [-97.702009999754, 30.227259999945126], [-97.70247000004287, 30.226500000018223], [-97.70297000009042, 30.2257100001703], [-97.70339999984427, 30.225010000112203], [-97.70342721376053, 30.224960108101467], [-97.70333516546053, 30.22492876492238], [-97.70239635270683, 30.224583823378186], [-97.70131485982097, 30.224117534185783], [-97.70112762848616, 30.224011401187138], [-97.69970794376195, 30.223385536324916], [-97.6978278708482, 30.222552938141057], [-97.69699390733925, 30.222191815103855], [-97.69613389980051, 30.22174554193687], [-97.69501439366748, 30.22106742455237], [-97.69423904582118, 30.220602161136295], [-97.69397025413538, 30.220483338426263], [-97.69354412986998, 30.220197272108493], [-97.69279688661608, 30.219777434697757], [-97.69173498460984, 30.219196052734745], [-97.69090448226679, 30.218707904150673], [-97.69068014429783, 30.218528637064846], [-97.6904980634541, 30.21828518677019], [-97.69068883754322, 30.21820842031341], [-97.69349095403093, 30.217293411435637], [-97.69871229812054, 30.21561965249533], [-97.70339358521346, 30.214125283204265], [-97.7088238944958, 30.212424851721867], [-97.70978653445326, 30.212217349788553], [-97.71088617132534, 30.212133342160197], [-97.71145249110403, 30.212122363460633], [-97.71239264248919, 30.21222154717584], [-97.71239029554432, 30.212225270293395], [-97.71206498038667, 30.212741428732844], [-97.71068701971349, 30.21469101269959], [-97.71028768142828, 30.215006783598398], [-97.71029264400227, 30.215009668664333], [-97.71491149927728, 30.21735508089838], [-97.70880007958071, 30.22677741193242], [-97.70801000006395, 30.227010000412847], [-97.70793614183331, 30.22703207949407], [-97.70791713444814, 30.227060613737304], [-97.70792999954921, 30.227110000404377], [-97.70813748450269, 30.227819140880055], [-97.70689957938455, 30.23001845310992], [-97.70628007124672, 30.23020582155478], [-97.70631695797012, 30.231334907478505], [-97.70618821409161, 30.2319982775735], [-97.70591342156986, 30.232507597754292], [-97.70338622882669, 30.23645866591312], [-97.70302012333394, 30.236835649737444], [-97.70269820334889, 30.237041887880803], [-97.70209873712103, 30.237276754848097], [-97.70150586251866, 30.237559816974166], [-97.70103059674487, 30.237879623847924], [-97.70070436637558, 30.23824368883429], [-97.7004510381971, 30.23912420918087], [-97.70038597694588, 30.240342328942564], [-97.70038294098177, 30.240461699241887], [-97.69671193664011, 30.245982926352507], [-97.69517251968831, 30.2455950054173], [-97.69087416123352, 30.24621643003976], [-97.69078007526625, 30.245524457708957], [-97.6907602046612, 30.245378311904844], [-97.6907555419199, 30.24538686618099], [-97.69075311250656, 30.24539132402206], [-97.69074509588151, 30.245330669702017], [-97.69068199198955, 30.245058243369712], [-97.69038711470256, 30.243244424173113], [-97.69036034217699, 30.24319863325798], [-97.6903812688091, 30.24315104690787], [-97.69054000001049, 30.242980000147682], [-97.69068048189327, 30.242852249878187], [-97.69100550642264, 30.242685856009253], [-97.6916679272386, 30.242341098296144], [-97.69199999994983, 30.242099999907353], [-97.69223000003505, 30.24188000006166], [-97.69248999959075, 30.24167999995302], [-97.6927299999357, 30.241440000043823], [-97.69288999964975, 30.24133000025034], [-97.69326545786754, 30.240828408811392], [-97.69360447440553, 30.240375496088298], [-97.69397179215926, 30.23974888384715], [-97.69436672932164, 30.239075145122587], [-97.69471999960795, 30.238650000007436], [-97.69489185332814, 30.238370738823598], [-97.69503999995487, 30.23813000018964], [-97.69528111333074, 30.23752552971492], [-97.69544417485221, 30.237280520738462], [-97.69575217355776, 30.236817732864733], [-97.696168812386, 30.236191696551174], [-97.69627711246208, 30.236063369310255], [-97.69644715741784, 30.23586187672787], [-97.69666231631271, 30.23560692698398], [-97.69681396609144, 30.23537568262461], [-97.69706279111637, 30.23499683757708], [-97.697329999948, 30.234589999946042], [-97.69781679443336, 30.233833730887426], [-97.69788491633486, 30.23372789819497], [-97.69788704608409, 30.233726995404247], [-97.69788690492521, 30.23372516172376], [-97.69869992367639, 30.23243167760544], [-97.69913246571937, 30.23176929323746], [-97.69958503526527, 30.23105286328847]]]]}, "properties": {"route_id": "PH40", "district": "District 10", "garb_day": "Thursday", "op_type": "Semi", "supervisor": "Klair", "super_num": 400, "centroid_lat": 30.226295993151663, "centroid_lng": -97.70240540645739}}, {"type": "Feature", "geometry": {"type": "MultiPolygon", "coordinates": [[[[-97.71239264248919, 30.21222154717584], [-97.71255059935233, 30.211969221600445], [-97.7136349200059, 30.210127442625488], [-97.71476226317388, 30.20840541082083], [-97.71614162035635, 30.20624355843119], [-97.71744477652864, 30.204233092061727], [-97.71795695450574, 30.203645635895768], [-97.71848023593047, 30.20323917058966], [-97.72018153964332, 30.202189306225975], [-97.72146880791409, 30.201353456254385], [-97.72286951199078, 30.199873321247864], [-97.7239458757627, 30.198546470664912], [-97.7245539804006, 30.19754587891348], [-97.72605144259683, 30.194967794020133], [-97.72669498059966, 30.194135470639786], [-97.72805037340717, 30.19302284464761], [-97.72991022280502, 30.191959397854685], [-97.73053918150923, 30.191666275062207], [-97.73180707892905, 30.190946735034867], [-97.73233154437581, 30.190729348527444], [-97.7326015044647, 30.19069033655852], [-97.73303883034819, 30.19069288471288], [-97.73358947452905, 30.190739222957507], [-97.7339782398883, 30.190845598093855], [-97.73452565213347, 30.191056658638214], [-97.73547938832088, 30.191487847536916], [-97.73728148997075, 30.192309271207463], [-97.73896426246691, 30.193074713812482], [-97.73893999983717, 30.193119999745672], [-97.73783999983931, 30.194989999946937], [-97.73738000004643, 30.195740000299587], [-97.73630052194066, 30.19747864600622], [-97.73546558531761, 30.19873208864252], [-97.73476605475146, 30.19984641621169], [-97.73432962569663, 30.20053592755223], [-97.73433134470015, 30.200536718349163], [-97.73432925219153, 30.200537520078516], [-97.73326000002575, 30.202190000216213], [-97.73311999973953, 30.20246999978577], [-97.733079999956, 30.202610000230877], [-97.7331799999211, 30.203110000175936], [-97.73328999961105, 30.20331000029531], [-97.73339999990912, 30.20345999996188], [-97.73354999956085, 30.203550000152205], [-97.73448000008668, 30.203980000223673], [-97.73629999979873, 30.204829999811437], [-97.7404900000803, 30.2068500000921], [-97.74448000014176, 30.208770000421143], [-97.74740999960764, 30.21017000020184], [-97.74906999964287, 30.210970000260485], [-97.75027000009209, 30.21154999976694], [-97.75145999968368, 30.212140000308683], [-97.75283999991547, 30.212810000154875], [-97.75341348075247, 30.213061824851994], [-97.75145270496935, 30.21642815345188], [-97.7514513542555, 30.21642776362862], [-97.7503533219604, 30.21633065162578], [-97.74869348844445, 30.216259677695156], [-97.74422764730205, 30.216206953727973], [-97.7388855235659, 30.215836441338144], [-97.73559753733363, 30.2153199635363], [-97.7280930977984, 30.214308713526417], [-97.7257708599978, 30.21399569016398], [-97.72200799279413, 30.213487933046732], [-97.71759963397487, 30.212910653472207], [-97.71239029554432, 30.212225270293395], [-97.71239264248919, 30.21222154717584]]]]}, "properties": {"route_id": "PW22", "district": "District 8", "garb_day": "Wednesday", "op_type": "Semi", "supervisor": "Clark", "super_num": null, "centroid_lat": 30.206465493880263, "centroid_lng": -97.73143121276978}}, {"type": "Feature", "geometry": {"type": "MultiPolygon", "coordinates": [[[[-97.73893999983717, 30.193119999745672], [-97.73896426246691, 30.193074713812482], [-97.7399392131453, 30.193520475983767], [-97.74032815345895, 30.19369413059077], [-97.74061230789053, 30.193772412365718], [-97.7409860081168, 30.193847326058048], [-97.74120999977771, 30.193861939956516], [-97.74170598674918, 30.1938942971868], [-97.74279044161247, 30.1939302120566], [-97.74314497950638, 30.193944380649818], [-97.74315488512362, 30.193946263234164], [-97.74314999971986, 30.19400000037114], [-97.74305999978152, 30.194600000276672], [-97.742129999538, 30.195770000023508], [-97.74265999966956, 30.1960399999838], [-97.7434699996926, 30.19652000023841], [-97.74413999981475, 30.196900000394375], [-97.7442170182262, 30.196933008302548], [-97.74393964423913, 30.19728804646212], [-97.74314056669186, 30.198726719612882], [-97.74269911140719, 30.199415515501258], [-97.7424357178127, 30.199996574447248], [-97.74226010755443, 30.200649923923134], [-97.74217346149013, 30.201650225940792], [-97.74218728125011, 30.203357356974717], [-97.7404900000803, 30.2068500000921], [-97.73629999979873, 30.204829999811437], [-97.73448000008668, 30.203980000223673], [-97.73354999956085, 30.203550000152205], [-97.73339999990912, 30.20345999996188], [-97.73328999961105, 30.20331000029531], [-97.7331799999211, 30.203110000175936], [-97.733079999956, 30.202610000230877], [-97.73311999973953, 30.20246999978577], [-97.73326000002575, 30.202190000216213], [-97.73432925219153, 30.200537520078516], [-97.73433134470015, 30.200536718349163], [-97.73432962569663, 30.20053592755223], [-97.73476605475146, 30.19984641621169], [-97.73546558531761, 30.19873208864252], [-97.73630052194066, 30.19747864600622], [-97.73738000004643, 30.195740000299587], [-97.73783999983931, 30.194989999946937], [-97.73893999983717, 30.193119999745672]]]]}, "properties": {"route_id": "PT42", "district": "District 8", "garb_day": "Tuesday", "op_type": "Semi", "supervisor": "Klair", "super_num": 400, "centroid_lat": 30.200065560356087, "centroid_lng": -97.73894453947723}}, {"type": "Feature", "geometry": {"type": "MultiPolygon", "coordinates": [[[[-97.75351395877333, 30.203336738065236], [-97.7534011521687, 30.20335156980213], [-97.74887159035218, 30.21036690321084], [-97.74890217461538, 30.210480286210196], [-97.74906999982143, 30.21097000012994], [-97.74740999960764, 30.21017000020184], [-97.74448000014176, 30.208770000421143], [-97.7404900000803, 30.2068500000921], [-97.7420311230677, 30.20676032853937], [-97.74717999961217, 30.198700000119377], [-97.74744999992804, 30.198490000035775], [-97.74776999991715, 30.198030000257052], [-97.74822999970858, 30.197360000356017], [-97.74873000006295, 30.196589999994064], [-97.74904000023267, 30.196110000375132], [-97.74965000021292, 30.19518000017861], [-97.74972999952911, 30.195010000386507], [-97.74976000008557, 30.19486999992705], [-97.74977000019538, 30.194520000034593], [-97.7497700002714, 30.193710000166984], [-97.74976999957155, 30.19364584719648], [-97.75035330110269, 30.19359272455371], [-97.7523309202705, 30.193485986451712], [-97.7524350366041, 30.193480443149827], [-97.75244000004548, 30.19354000023295], [-97.75243999968977, 30.193790000330107], [-97.75251999953407, 30.194030000214102], [-97.75265999993448, 30.19432000007422], [-97.75289999972536, 30.19504000014316], [-97.75318999952339, 30.195850000079076], [-97.75311000026095, 30.196169999964745], [-97.75287999987334, 30.196980000264453], [-97.75266999974619, 30.197709999996356], [-97.75242999968792, 30.19855000003255], [-97.7521999997724, 30.199310000380432], [-97.75196999972101, 30.20012000008901], [-97.75159999992277, 30.20134000024813], [-97.75152999978734, 30.20151000034646], [-97.75234999983948, 30.202100000239344], [-97.75321999990524, 30.202729999905852], [-97.75397000006562, 30.203280000109384], [-97.75351395877333, 30.203336738065236]]]]}, "properties": {"route_id": "PT40", "district": "District 8", "garb_day": "Tuesday", "op_type": "Semi", "supervisor": "Klair", "super_num": 400, "centroid_lat": 30.202911275642546, "centroid_lng": -97.74846853464237}}, {"type": "Feature", "geometry": {"type": "MultiPolygon", "coordinates": [[[[-97.74212999976899, 30.195770000011446], [-97.74305999999999, 30.19459999999939], [-97.74314999999999, 30.19399999999941], [-97.74315488518816, 30.193946262960715], [-97.743155090469, 30.193946301968882], [-97.74315512718668, 30.193945855011677], [-97.74456739859644, 30.193898214046225], [-97.74471878032115, 30.19389268656709], [-97.74471987553459, 30.19389264659963], [-97.7471660919926, 30.19380329745974], [-97.74972727688318, 30.193649737732898], [-97.74976999957155, 30.19364584719648], [-97.7497700002714, 30.193710000166984], [-97.74977000019538, 30.194520000034593], [-97.74976000008557, 30.19486999992705], [-97.74972999952911, 30.195010000386507], [-97.74965000021292, 30.19518000017861], [-97.74904000023267, 30.196110000375132], [-97.74873000006295, 30.196589999994064], [-97.74822999970858, 30.197360000356017], [-97.74776999991715, 30.198030000257052], [-97.74744999992804, 30.198490000035775], [-97.74717999961217, 30.198700000119377], [-97.7420311230677, 30.20676032853937], [-97.7404900000803, 30.2068500000921], [-97.74218728125011, 30.203357356974717], [-97.74217346149013, 30.201650225940792], [-97.74226010755443, 30.200649923923134], [-97.7424357178127, 30.199996574447248], [-97.74269911140719, 30.199415515501258], [-97.74314056669186, 30.198726719612882], [-97.74393964423913, 30.19728804646212], [-97.7442170182262, 30.196933008302548], [-97.74413999981475, 30.196900000394375], [-97.7434699996926, 30.19652000023841], [-97.74265999966956, 30.1960399999838], [-97.74212999976899, 30.195770000011446]]]]}, "properties": {"route_id": "PT41", "district": "District 8", "garb_day": "Tuesday", "op_type": "Semi", "supervisor": "Klair", "super_num": 400, "centroid_lat": 30.198605720100563, "centroid_lng": -97.74500470930435}}, {"type": "Feature", "geometry": {"type": "MultiPolygon", "coordinates": [[[[-97.68549688171021, 30.424142426807318], [-97.6859945757508, 30.424393117186806], [-97.68649317408185, 30.425399847582458], [-97.68657971422623, 30.425321459982925], [-97.68762104210181, 30.425202327787634], [-97.69019065831837, 30.42640892512392], [-97.69045999999999, 30.42635999999935], [-97.69045988087446, 30.4263594453271], [-97.6904960584125, 30.42637792822533], [-97.69113514129651, 30.426681588009775], [-97.69202905045644, 30.42641107501899], [-97.69269647660575, 30.426550964016], [-97.69359389789525, 30.426856777891377], [-97.69384019883712, 30.426760572723783], [-97.69439503999664, 30.42654384926368], [-97.69556102547601, 30.425902002087838], [-97.69589311208028, 30.426021224298335], [-97.69601524729453, 30.426503882712982], [-97.69601959170211, 30.42665424770042], [-97.69936688760536, 30.428291338923025], [-97.70111206426351, 30.430304146287472], [-97.70121065082684, 30.43067732277622], [-97.7012029457167, 30.430720518079546], [-97.70120194507494, 30.430726124735514], [-97.70121485542612, 30.430729440876682], [-97.70121119297605, 30.430740917419858], [-97.70043728148737, 30.433091245748344], [-97.69943325571734, 30.435937190113375], [-97.69784369285892, 30.43999606128761], [-97.69778451694364, 30.440154202736025], [-97.69765562956053, 30.440202052184784], [-97.69765579263888, 30.440201664395452], [-97.69759051961917, 30.440171547415932], [-97.69591319702664, 30.43939761182279], [-97.6954492150936, 30.43919977862826], [-97.69582042436286, 30.43854721996091], [-97.69568747908247, 30.438475727869253], [-97.69602367417986, 30.43778953684921], [-97.69622228356903, 30.43743754338229], [-97.69667477685735, 30.436831170388512], [-97.6949791093039, 30.436002316263107], [-97.6933585267792, 30.43519888409816], [-97.6924661043193, 30.434754213768244], [-97.69250478289467, 30.43471963523314], [-97.6893739358404, 30.433155094481695], [-97.6876989347249, 30.43233494963804], [-97.68777971881109, 30.432202890693087], [-97.68759744122043, 30.432102935105792], [-97.68757042113188, 30.432142276450364], [-97.68756016279393, 30.432137771524456], [-97.68698552881604, 30.431885432471546], [-97.68577447769161, 30.431285623194533], [-97.684864830284, 30.43083504247647], [-97.68436786633875, 30.43061300608202], [-97.68426801892666, 30.430563746882637], [-97.68166232509468, 30.42927820009059], [-97.67869804435233, 30.427833468920724], [-97.6776544495337, 30.427322306750785], [-97.67661545813446, 30.426817749095928], [-97.67660855363914, 30.426814396474665], [-97.67649797738672, 30.426760697597334], [-97.67642988134592, 30.426727627915714], [-97.67575936071334, 30.426400455825487], [-97.67564696656903, 30.42634561396054], [-97.67433546339076, 30.425710608227813], [-97.67217552788892, 30.42473807230889], [-97.67672731893026, 30.41648857749068], [-97.67956596902845, 30.41654731119869], [-97.68087411379597, 30.417992923049297], [-97.68143599985298, 30.419133383514488], [-97.68255020246653, 30.419920892610577], [-97.68369896395987, 30.42017284311983], [-97.68386677186591, 30.42019760242687], [-97.68405042976363, 30.42050290265739], [-97.68381704724213, 30.421459547374095], [-97.6838965776471, 30.422871334345437], [-97.6844727903826, 30.4239728861403], [-97.68549688171021, 30.424142426807318]]]]}, "properties": {"route_id": "PAW50", "district": "District 6", "garb_day": "Wednesday", "op_type": "Auto", "supervisor": "Castillo", "super_num": 500, "centroid_lat": 30.427607044191966, "centroid_lng": -97.68712930656463}}, {"type": "Feature", "geometry": {"type": "MultiPolygon", "coordinates": [[[[-97.71359923740268, 30.42486358208693], [-97.71131973529631, 30.42397973624276], [-97.70757105054992, 30.422150060638057], [-97.70590246998346, 30.421283177285176], [-97.70505445044574, 30.42311915849481], [-97.70327600767698, 30.424283082143518], [-97.70320275082331, 30.42433192510312], [-97.7023902339906, 30.42464316790655], [-97.69972411801317, 30.42337506403009], [-97.69872701844128, 30.42235529362311], [-97.69863989617522, 30.42162812203034], [-97.69793101372676, 30.421914053612003], [-97.6960209900329, 30.42098487067005], [-97.69504254525951, 30.42038768503978], [-97.69432318573071, 30.419997448090594], [-97.69421413736889, 30.4196167531519], [-97.69423016645432, 30.419507350596906], [-97.69412651053418, 30.41944418054675], [-97.69324919724913, 30.419386566394493], [-97.69255643714196, 30.41902580716379], [-97.69258008933063, 30.418089704238053], [-97.69249536621001, 30.41804437590732], [-97.69134896602948, 30.417312035791532], [-97.69162625491298, 30.416962465945257], [-97.6919604490464, 30.416514951908134], [-97.69230446326732, 30.415981692513128], [-97.6925771972302, 30.41556355367825], [-97.69285612011956, 30.4151008733512], [-97.69294865641199, 30.414941453714647], [-97.693086413872, 30.414740510673045], [-97.6932247516048, 30.414518352554555], [-97.69413649810369, 30.414945057470245], [-97.69907381262284, 30.417324535914666], [-97.70170826156684, 30.418703642177746], [-97.7035819029377, 30.41997762158088], [-97.70406221055704, 30.420288697607543], [-97.70406298191524, 30.420291507776188], [-97.70407239252576, 30.420296920331147], [-97.70409337703818, 30.420205948363915], [-97.70586100423132, 30.415586227836865], [-97.70701296767356, 30.414015437697582], [-97.70957630303687, 30.411277725055328], [-97.70982154587469, 30.411104055426566], [-97.70999447919557, 30.411239919844878], [-97.71015825983464, 30.41139494542621], [-97.71018508884697, 30.41143796409191], [-97.714456857959, 30.412380945618487], [-97.71451943354452, 30.414317564185453], [-97.7142432266156, 30.41446288883397], [-97.71426141348884, 30.41530107762281], [-97.71432979362751, 30.415799483291117], [-97.71460046896622, 30.41588104625183], [-97.71471973970277, 30.415887250468593], [-97.7151900940238, 30.415865856281133], [-97.71612583013297, 30.416189749737228], [-97.71692357422013, 30.41641502641682], [-97.71756323644209, 30.41654128013396], [-97.71769671730722, 30.41698830023785], [-97.7178293183811, 30.416961461703156], [-97.71822764243743, 30.417135923724167], [-97.71825921579385, 30.41730845681454], [-97.71826086653756, 30.417307853388206], [-97.71825999962655, 30.41731000040027], [-97.7187493066639, 30.41753953275917], [-97.7203399997385, 30.41829000038852], [-97.72072000014506, 30.41846000030505], [-97.72088999991675, 30.41846999980409], [-97.72146694708343, 30.41872277847787], [-97.72266716856623, 30.41697449979414], [-97.72300980174816, 30.41658220482318], [-97.72347897731716, 30.416747229902224], [-97.72344625829749, 30.416399699713086], [-97.7237735643201, 30.41620293184093], [-97.72419952651812, 30.416320226064176], [-97.72426930540398, 30.416414749804236], [-97.72432121057365, 30.417799616459945], [-97.72472891530667, 30.417590161523417], [-97.72615722067434, 30.418234977563053], [-97.7267884809782, 30.41808690915557], [-97.7263799999446, 30.41875999999308], [-97.72592000011352, 30.419460000378557], [-97.72548999958718, 30.4201500002098], [-97.72509999978378, 30.42079000018367], [-97.72497999992557, 30.421050000118235], [-97.72513999961173, 30.42197000008517], [-97.72529999956409, 30.422710000089953], [-97.72539999976719, 30.42321999992242], [-97.7254799997173, 30.423829999920315], [-97.72547999981532, 30.424159999944685], [-97.7253700001315, 30.424650000183433], [-97.72522999972699, 30.42484999991141], [-97.72507999972275, 30.42493999999567], [-97.7246700000742, 30.425090000248137], [-97.72434999976379, 30.425190000328808], [-97.72416999959097, 30.425200000392472], [-97.7241694611498, 30.42520204450273], [-97.72406706621273, 30.425277023866936], [-97.72143344222238, 30.4248137330224], [-97.72142129026992, 30.424818691678837], [-97.7191079176222, 30.424765513210808], [-97.71791142574607, 30.42660991316327], [-97.71814638109853, 30.426931597158738], [-97.71822987569078, 30.426990485264692], [-97.71816770565786, 30.427095893549783], [-97.71613974895554, 30.425987151767636], [-97.71359923740268, 30.42486358208693]]]]}, "properties": {"route_id": "PAW54", "district": "District 6", "garb_day": "Wednesday", "op_type": "Auto", "supervisor": "Castillo", "super_num": 500, "centroid_lat": 30.419581042730083, "centroid_lng": -97.71075473219251}}, {"type": "Feature", "geometry": {"type": "MultiPolygon", "coordinates": [[[[-97.77237758904216, 30.42129789101118], [-97.77237897194802, 30.42129782174764], [-97.7723782564311, 30.4212952699818], [-97.77237758904216, 30.42129789101118], [-97.77188000019169, 30.421880000178284], [-97.77112999989163, 30.42278999984656], [-97.77024999998925, 30.423720000117864], [-97.76986999984798, 30.424089999794212], [-97.76949999959838, 30.424469999973812], [-97.76931999994989, 30.424620000339303], [-97.76913000007478, 30.424700000228633], [-97.76875000005496, 30.424849999963953], [-97.76836999994902, 30.42493999978555], [-97.76795999976159, 30.42495999992262], [-97.76758999989865, 30.42494000033801], [-97.76725999970131, 30.42490000029284], [-97.76571999989622, 30.424179999990706], [-97.76480259341687, 30.423746652630935], [-97.76453180718107, 30.423253150482477], [-97.76329562842413, 30.422917130045093], [-97.76314524763961, 30.422270824347812], [-97.7632918709961, 30.421561294887628], [-97.76316326286567, 30.42129586844572], [-97.76308933302425, 30.421099856870207], [-97.763353446593, 30.421022950277667], [-97.7638858589332, 30.420240592564063], [-97.76383187601897, 30.420086527953465], [-97.76385015377896, 30.419970985451382], [-97.76428072288759, 30.41933026046201], [-97.76412002008254, 30.419254725120737], [-97.76367701489478, 30.418965057978035], [-97.7635741052863, 30.418868284043704], [-97.76343290745388, 30.418733206671316], [-97.76343241436753, 30.41872942153636], [-97.7640885082402, 30.418636721150946], [-97.76488465345064, 30.417291808622178], [-97.7652576160296, 30.416941154470287], [-97.76600174963751, 30.416927394196676], [-97.76703483902399, 30.4153723383113], [-97.76748771411512, 30.41512354916833], [-97.76840121442379, 30.414955589740515], [-97.7692963523644, 30.413771074296363], [-97.77021487450402, 30.413084895991233], [-97.77066515341211, 30.41258632598337], [-97.77054000002492, 30.4122000001179], [-97.77110967053513, 30.412220496824602], [-97.77223128784273, 30.411732918562546], [-97.77528897921242, 30.411115614485784], [-97.77538759495177, 30.410853600865014], [-97.77570516061722, 30.410871391523955], [-97.77669367478092, 30.410330814529786], [-97.77690780100747, 30.410078892705947], [-97.77726694981574, 30.410342235055694], [-97.77788405025639, 30.41041765538651], [-97.77804645110264, 30.4108235775741], [-97.77805175693067, 30.410836763315313], [-97.7777774246457, 30.411261256608505], [-97.77778704765565, 30.411266002745503], [-97.77834505393054, 30.41150671559322], [-97.77970157233459, 30.41214858915666], [-97.78102607212826, 30.41280011140882], [-97.78160594833258, 30.411929962425056], [-97.78236190052404, 30.412309159501902], [-97.78232190722582, 30.412441997586765], [-97.78229525960018, 30.41258250562565], [-97.78225068268452, 30.412708134975386], [-97.7821919056443, 30.412830732174704], [-97.78213254704887, 30.412975319986828], [-97.78207887669507, 30.41314477457625], [-97.78203554972751, 30.41346295286387], [-97.78203019551701, 30.413545356548376], [-97.78196409219117, 30.413854830978945], [-97.78185283562556, 30.414281672826252], [-97.78175996730165, 30.41467312566057], [-97.78167596661406, 30.415059253758415], [-97.78157393889119, 30.415467025895293], [-97.77986450650455, 30.41530925771886], [-97.77978932870853, 30.41587909190137], [-97.77978601091185, 30.415904234359594], [-97.77973755226441, 30.41627153891324], [-97.78087277950326, 30.416369428371897], [-97.78085207644313, 30.416609428653143], [-97.78140557988498, 30.416657741839867], [-97.78138459503604, 30.416727790377074], [-97.78118869218677, 30.417262748520866], [-97.78093934465814, 30.41819042166001], [-97.78080078536338, 30.418789388673755], [-97.78068538304832, 30.419460593593975], [-97.78053185681638, 30.42039164060792], [-97.78048970661594, 30.420615586314714], [-97.78040605614366, 30.42088701769331], [-97.78021598986432, 30.42132701723953], [-97.77993933896468, 30.421974131834435], [-97.77988355754545, 30.422100437547954], [-97.77985313146192, 30.422095926736823], [-97.7797531415238, 30.422664370832642], [-97.77972203977393, 30.422663751985134], [-97.77968849336862, 30.422819681618968], [-97.77966823387422, 30.422941405231345], [-97.7796732876045, 30.422984451143574], [-97.77966923304754, 30.42302060565518], [-97.779617378269, 30.42316585736925], [-97.77954942238989, 30.423275895415493], [-97.7791713885932, 30.423107326277467], [-97.77896545467615, 30.423398478948794], [-97.7788422429745, 30.42360672840771], [-97.77887129516614, 30.423620726663064], [-97.77876466278995, 30.42378770295854], [-97.77863374672694, 30.42399445611165], [-97.77861542190261, 30.423984697308466], [-97.77858705120998, 30.424035649234863], [-97.7786071542117, 30.424046834052383], [-97.77841833693851, 30.424345613271115], [-97.77834219262722, 30.424404604902254], [-97.77823251532142, 30.424501434163094], [-97.7780746022984, 30.42462205553013], [-97.77792908451356, 30.424753924878896], [-97.77782690776408, 30.42483715161799], [-97.77780038201061, 30.424858595275225], [-97.77704947895607, 30.42479571899503], [-97.77671741801257, 30.424435762228068], [-97.77614090949761, 30.422905858339043], [-97.77508854925496, 30.422283247832826], [-97.77369934795816, 30.42148201421372], [-97.77296032171633, 30.421094830271297], [-97.77293000021905, 30.420730000055674], [-97.77238000013303, 30.42130000020404], [-97.77237758904216, 30.42129789101118]]]]}, "properties": {"route_id": "PAW63", "district": "District 3", "garb_day": "Wednesday", "op_type": "Auto", "supervisor": "Litson", "super_num": 170, "centroid_lat": 30.417964303722083, "centroid_lng": -97.77312002879201}}, {"type": "Feature", "geometry": {"type": "MultiPolygon", "coordinates": [[[[-97.77342974546856, 30.144546423430597], [-97.77251876296683, 30.14326631295397], [-97.77177876767935, 30.143361667304205], [-97.77164136091609, 30.14332887199826], [-97.77112204172323, 30.143358534730023], [-97.76981692083486, 30.14347260627891], [-97.76958002910811, 30.143497905337046], [-97.76953794410768, 30.143346837830244], [-97.76752312521019, 30.144368042154618], [-97.76633387185076, 30.142721767530034], [-97.7647905202267, 30.143562101417555], [-97.76459846601267, 30.14332701499327], [-97.76256154169336, 30.140833601755304], [-97.76246866886814, 30.140934874442543], [-97.75938344679275, 30.137113811469387], [-97.75938412345619, 30.137112867345365], [-97.75943649178308, 30.13705532237903], [-97.75962375045718, 30.13676872887202], [-97.75999903692379, 30.136163825956466], [-97.76053545908304, 30.13529882927502], [-97.7614147991265, 30.133946275588308], [-97.76206302562707, 30.132925620084578], [-97.76363915773496, 30.13041857915295], [-97.76492612798208, 30.12838385331864], [-97.76553653414716, 30.12742080585532], [-97.76708469785484, 30.127889922989038], [-97.76792573262563, 30.12814475981035], [-97.76819683976571, 30.12832259058154], [-97.76837669287691, 30.128772224162226], [-97.76864114711664, 30.129211303925835], [-97.76885669172704, 30.129834870940947], [-97.76871453869272, 30.129969616032273], [-97.7679650724368, 30.130344952216834], [-97.76780486046917, 30.130205557383867], [-97.76784342579327, 30.130206915342885], [-97.7680311945579, 30.13009526424771], [-97.767859525403, 30.129862880882783], [-97.76759397697325, 30.129823591941705], [-97.7669993296257, 30.12997885648065], [-97.76664600886379, 30.13019910123743], [-97.76612718680337, 30.13063012210697], [-97.76602052673881, 30.130777912876166], [-97.76616613528314, 30.131159227083067], [-97.7661665398606, 30.13115934201382], [-97.76616473533444, 30.131159844999843], [-97.76642609492863, 30.13143685163635], [-97.76670217316126, 30.13162821851354], [-97.76793232583684, 30.13215990613901], [-97.76805523721609, 30.132103278005204], [-97.76810063381312, 30.131522794774952], [-97.7683985490099, 30.131251851625517], [-97.76869938492985, 30.131416950446297], [-97.76882487228322, 30.13174482474519], [-97.76898282625643, 30.13191373958461], [-97.76923784788696, 30.131853673332454], [-97.76924610233263, 30.131846821670457], [-97.76931264907506, 30.131726975110332], [-97.7696088354011, 30.131610133483466], [-97.76972391972599, 30.13166461899305], [-97.76998796678825, 30.1316944647583], [-97.7698391034077, 30.13144899790545], [-97.77178611469822, 30.132996404194696], [-97.77289232835686, 30.134071115456003], [-97.77277509838382, 30.134641335738564], [-97.77297076264767, 30.137034133387054], [-97.7735728007546, 30.137732320501236], [-97.77458769689136, 30.136089572845354], [-97.77733483459791, 30.136621774597394], [-97.7768238896536, 30.13888801703219], [-97.77550695467355, 30.139843231718306], [-97.77545420253733, 30.14025073696535], [-97.77533857760882, 30.140496479417013], [-97.77524937104296, 30.14101269233378], [-97.77595589461747, 30.141181834734066], [-97.77591218969776, 30.144576028057237], [-97.77527381398383, 30.14450914311636], [-97.77463372034416, 30.144932721188262], [-97.7743015835674, 30.146156731474345], [-97.77443461738496, 30.146501165747242], [-97.7744300407916, 30.14651711403847], [-97.77401899421369, 30.146010377487027], [-97.77352549243868, 30.1454997596522], [-97.7734038405107, 30.145307042199256], [-97.7734173596727, 30.14479654982563], [-97.77342974546856, 30.144546423430597]]], [[[-97.7829535525701, 30.171547570587364], [-97.78192502622265, 30.171496237990606], [-97.78186792622151, 30.171498725779756], [-97.78187204537048, 30.171492430475062], [-97.7818690526774, 30.171491789339868], [-97.77968758460622, 30.1713940694913], [-97.77987389221073, 30.169066354754708], [-97.78004014707474, 30.167497310693687], [-97.78017060510398, 30.167283035465296], [-97.77834602417646, 30.165439818325904], [-97.77832894554287, 30.16545039137124], [-97.77713026326039, 30.166408478994907], [-97.77534082714776, 30.165161923348823], [-97.77556585441437, 30.164523229657846], [-97.77626070118787, 30.16453625764829], [-97.77692479683067, 30.164026648393232], [-97.77662143702375, 30.163718628539296], [-97.77674069121728, 30.163530946685825], [-97.77560559590836, 30.163133426934536], [-97.77393813465912, 30.15906725031994], [-97.7741859151651, 30.158997866638085], [-97.77463601987652, 30.158960404389518], [-97.77516044543681, 30.158943010384004], [-97.7756105493266, 30.15890554453745], [-97.77580878028678, 30.158854756194362], [-97.77578676227874, 30.158809652596634], [-97.77571162997666, 30.158728401351272], [-97.77592142320998, 30.158676611765266], [-97.77603122763833, 30.158649505309157], [-97.77646191125875, 30.15851764452626], [-97.77659896153192, 30.15846519931874], [-97.77729419208343, 30.158153005383273], [-97.77780030882799, 30.157897231024933], [-97.77794561444536, 30.157859999325055], [-97.77821208638973, 30.157825186624816], [-97.77873335714666, 30.15776034288109], [-97.77919981435672, 30.157694403177352], [-97.7792576445303, 30.157690540088282], [-97.78011541627036, 30.15756217284139], [-97.78153942016839, 30.157414990795147], [-97.78187472943489, 30.1573965930395], [-97.78212388908811, 30.157361426454376], [-97.7826577526901, 30.15725668513006], [-97.78254410343777, 30.15707883869052], [-97.78198017845145, 30.15624487400185], [-97.78125503232928, 30.15517692704821], [-97.78037532129666, 30.155044000221217], [-97.78057984178999, 30.154185222036165], [-97.78044170533168, 30.15340489164668], [-97.78046703430519, 30.15332011463983], [-97.78047097828106, 30.153304104667352], [-97.78058018444214, 30.152860842786247], [-97.78065836624948, 30.15274200370327], [-97.78126980756552, 30.152212403543704], [-97.78154727699058, 30.15165105936159], [-97.78124081313777, 30.151233586557193], [-97.7807919712421, 30.150743039826036], [-97.78096356719095, 30.149963923430136], [-97.78096577855442, 30.149953882234954], [-97.78085608715615, 30.149599277634753], [-97.7811877968218, 30.149060336420646], [-97.78182002698267, 30.14886512983075], [-97.78212259472278, 30.14877170758718], [-97.78283230759888, 30.148672980250716], [-97.78304514438942, 30.14869966460806], [-97.78360540379728, 30.14876990549925], [-97.78492939256597, 30.148771193962126], [-97.78572426347749, 30.149000225473067], [-97.7861391241505, 30.148864256053997], [-97.78606871541604, 30.148524233602146], [-97.7863369200859, 30.148203492703505], [-97.78727629059333, 30.147877293148873], [-97.78810060041761, 30.147536257361946], [-97.78854967515288, 30.147432477949835], [-97.78865472903375, 30.147422432638237], [-97.78929512176339, 30.147354303493568], [-97.78981681758928, 30.14761828396753], [-97.79014564873522, 30.147657898845356], [-97.79044753459229, 30.14764374051851], [-97.79034264599863, 30.147452611634733], [-97.79123449667347, 30.147300572805005], [-97.79157825138647, 30.146794143196068], [-97.7915234453441, 30.146564147385984], [-97.79115103125237, 30.1463617388581], [-97.7907325933136, 30.14645028087863], [-97.7899044960191, 30.147171730478824], [-97.78976072645314, 30.147114157699225], [-97.78939770517106, 30.14710694188602], [-97.78928885698036, 30.146050177071082], [-97.78751870385872, 30.14618711528585], [-97.78751323954079, 30.146186223344635], [-97.78957114561895, 30.142867679517604], [-97.79215523715413, 30.144067914577068], [-97.79221145876328, 30.144069030990373], [-97.7927392866939, 30.143248395911595], [-97.79420961811299, 30.143683007179764], [-97.79421838892132, 30.14368559928613], [-97.79422209935724, 30.143675433313728], [-97.7944763052322, 30.144209497217943], [-97.79317620836768, 30.147834337103586], [-97.79246589861641, 30.149765110226774], [-97.79133993045507, 30.15372216487225], [-97.78986512812183, 30.15873307984898], [-97.78878443368968, 30.162073160229344], [-97.78876211173204, 30.162142148040562], [-97.7882443605864, 30.163007952039138], [-97.78721900783796, 30.16512126028904], [-97.78603039348154, 30.166985466774637], [-97.7859953996754, 30.167040349455274], [-97.7829535525701, 30.171547570587364]], [[-97.78434021017388, 30.16545455008699], [-97.78235410182783, 30.16355405926548], [-97.78175155316521, 30.163689228311398], [-97.78209608784707, 30.16424221382556], [-97.78159739114619, 30.164427314952754], [-97.78218000621264, 30.16660215262098], [-97.78410776302242, 30.16612114661104], [-97.78434021017388, 30.16545455008699]], [[-97.78252137398184, 30.163502815089995], [-97.78318733892327, 30.164141662811076], [-97.78430940800436, 30.163213394265632], [-97.78426709650884, 30.162354624569673], [-97.78393892488519, 30.162442204578944], [-97.78197198525396, 30.162991470476136], [-97.78249247478367, 30.16348869331737], [-97.78252137398184, 30.163502815089995]], [[-97.78532401256622, 30.16363481994986], [-97.78543099174853, 30.164013903026287], [-97.7854530388788, 30.16398567398503], [-97.7870258958678, 30.16186074022714], [-97.78737626888113, 30.161325901512658], [-97.78757502854144, 30.16144684474615], [-97.78761059762208, 30.161407759768522], [-97.78804094680514, 30.16166372316556], [-97.78871608042343, 30.160876893569913], [-97.7881457138226, 30.160578430619093], [-97.78711925327256, 30.16003401730153], [-97.78668735773692, 30.15981008267019], [-97.78626390938534, 30.159579137101407], [-97.78573389258621, 30.15931735705457], [-97.78573178472722, 30.159300719847767], [-97.78476821145489, 30.158792210694994], [-97.78472455671067, 30.15904794683177], [-97.7849584688932, 30.159540209357232], [-97.78490743466058, 30.159773243525926], [-97.78436132945106, 30.160054932387077], [-97.78435765942234, 30.1601967771862], [-97.78432683404138, 30.160229634806207], [-97.78415145344468, 30.160226141895624], [-97.78408252200249, 30.16024336434305], [-97.78405995703439, 30.16028754438367], [-97.78405858441249, 30.160339583929762], [-97.78408686077356, 30.160403371965334], [-97.78416401740058, 30.1605611100228], [-97.78421756720851, 30.16064027771374], [-97.78431389339674, 30.160720296629513], [-97.78447325748294, 30.160810051186147], [-97.78454981270946, 30.160862601320368], [-97.7846086206183, 30.160904682486038], [-97.78466373993048, 30.160924375436196], [-97.78476339896766, 30.160979636224518], [-97.78484036146601, 30.16104318404548], [-97.78501084310652, 30.16123253290449], [-97.78508431235971, 30.161367882560903], [-97.78514844222302, 30.161532799051727], [-97.7852287028556, 30.161735227703755], [-97.7853118059869, 30.161829858915624], [-97.78538576608771, 30.161946622966916], [-97.78544320310607, 30.162040743826406], [-97.78537642982565, 30.16205856491622], [-97.78532401256622, 30.16363481994986]]]]}, "properties": {"route_id": "PAM72", "district": "District 4", "garb_day": "Monday", "op_type": "Auto", "supervisor": "Carnline", "super_num": 596, "centroid_lat": 30.148982252230905, "centroid_lng": -97.77776826606937}}, {"type": "Feature", "geometry": {"type": "MultiPolygon", "coordinates": [[[[-97.77932023649187, 30.151122270438588], [-97.7783917725087, 30.151039033779178], [-97.77750230292658, 30.151170248015625], [-97.77695937742551, 30.15077318046425], [-97.77674856725369, 30.15055334134604], [-97.77521144841283, 30.148287192486116], [-97.77465739548522, 30.14712412398256], [-97.77444377492284, 30.146526773805316], [-97.77443188074461, 30.146519381918612], [-97.7744300407916, 30.14651711403847], [-97.77443461738496, 30.146501165747242], [-97.7743015835674, 30.146156731474345], [-97.77463372034416, 30.144932721188262], [-97.77527381398383, 30.14450914311636], [-97.77591218969776, 30.144576028057237], [-97.77742278098859, 30.14474822925651], [-97.77799238514221, 30.14475280310678], [-97.77821264355879, 30.144322671431922], [-97.77838751715801, 30.14411040152008], [-97.77832613832528, 30.143856690945736], [-97.77758403704615, 30.143770714434847], [-97.77725165302644, 30.14353850684498], [-97.77722812243566, 30.14336316382781], [-97.77728006281421, 30.14280428374647], [-97.77731876641622, 30.142084918702665], [-97.77709461009225, 30.141385168723097], [-97.77656596483791, 30.14106089159389], [-97.77595589461747, 30.141181834734066], [-97.77524937104296, 30.14101269233378], [-97.77533857760882, 30.140496479417013], [-97.77545420253733, 30.14025073696535], [-97.77550695467355, 30.139843231718306], [-97.7768238896536, 30.13888801703219], [-97.77733483459791, 30.136621774597394], [-97.77458769689136, 30.136089572845354], [-97.7735728007546, 30.137732320501236], [-97.77297076264767, 30.137034133387054], [-97.77277509838382, 30.134641335738564], [-97.77289232835686, 30.134071115456003], [-97.77178611469822, 30.132996404194696], [-97.7698391034077, 30.13144899790545], [-97.76998796678825, 30.1316944647583], [-97.76972391972599, 30.13166461899305], [-97.7696088354011, 30.131610133483466], [-97.76931264907506, 30.131726975110332], [-97.76924610233263, 30.131846821670457], [-97.76923784788696, 30.131853673332454], [-97.76898282625643, 30.13191373958461], [-97.76882487228322, 30.13174482474519], [-97.76869938492985, 30.131416950446297], [-97.7683985490099, 30.131251851625517], [-97.76810063381312, 30.131522794774952], [-97.76805523721609, 30.132103278005204], [-97.76793232583684, 30.13215990613901], [-97.76670217316126, 30.13162821851354], [-97.76642609492863, 30.13143685163635], [-97.76616473533444, 30.131159844999843], [-97.7661665398606, 30.13115934201382], [-97.77065636633498, 30.12990777182056], [-97.7706630937271, 30.129815091435606], [-97.77739781127781, 30.128103804718783], [-97.77908538984707, 30.128937689805625], [-97.77979234403507, 30.127869557083535], [-97.78359498917467, 30.129289871549584], [-97.78377821176974, 30.12932187711693], [-97.7838364026858, 30.12930363549372], [-97.78391873110009, 30.129255602027122], [-97.78401303152806, 30.129178978976896], [-97.7840528113257, 30.129173155765244], [-97.78477442534104, 30.12930982835642], [-97.78548414097585, 30.129581443340054], [-97.78577705352062, 30.129773791990317], [-97.78663738107416, 30.129999045225176], [-97.78836517285224, 30.130742983412663], [-97.79001304182567, 30.131861835367676], [-97.7916085680376, 30.12925324980684], [-97.79163872691427, 30.129262351961355], [-97.79164121411628, 30.129239431512524], [-97.79173394726985, 30.129083077253927], [-97.79284278114925, 30.12937653825132], [-97.7938724066231, 30.12965371751353], [-97.79393818390743, 30.1296692437794], [-97.79417165838369, 30.12970448257506], [-97.79435648807457, 30.12974335910601], [-97.79455423306604, 30.129803153439212], [-97.7957968683542, 30.130227162216332], [-97.79647174806661, 30.130461533049132], [-97.79673834102842, 30.130784674301324], [-97.79879198707867, 30.131340758339412], [-97.79877761606774, 30.13137708096524], [-97.79869922603318, 30.131576364316057], [-97.79648996757214, 30.137211630297084], [-97.79647694468193, 30.137707895791674], [-97.79504368802998, 30.141338072020602], [-97.79505888759945, 30.141389361891658], [-97.79495604097117, 30.141668862384694], [-97.79486415489743, 30.141884312387557], [-97.79422209935724, 30.143675433313728], [-97.79420961811299, 30.143683007179764], [-97.7927392866939, 30.143248395911595], [-97.79221145876328, 30.144069030990373], [-97.79215523715413, 30.144067914577068], [-97.78957114561895, 30.142867679517604], [-97.78751323954079, 30.146186223344635], [-97.78751870385872, 30.14618711528585], [-97.78928885698036, 30.146050177071082], [-97.78939770517106, 30.14710694188602], [-97.78976072645314, 30.147114157699225], [-97.7899044960191, 30.147171730478824], [-97.7907325933136, 30.14645028087863], [-97.79115103125237, 30.1463617388581], [-97.7915234453441, 30.146564147385984], [-97.79157825138647, 30.146794143196068], [-97.79123449667347, 30.147300572805005], [-97.79034264599863, 30.147452611634733], [-97.79044753459229, 30.14764374051851], [-97.79014564873522, 30.147657898845356], [-97.78981681758928, 30.14761828396753], [-97.78929512176339, 30.147354303493568], [-97.78865472903375, 30.147422432638237], [-97.78854967515288, 30.147432477949835], [-97.78810060041761, 30.147536257361946], [-97.78727629059333, 30.147877293148873], [-97.7863369200859, 30.148203492703505], [-97.78606871541604, 30.148524233602146], [-97.7861391241505, 30.148864256053997], [-97.78572426347749, 30.149000225473067], [-97.78492939256597, 30.148771193962126], [-97.78360540379728, 30.14876990549925], [-97.78304514438942, 30.14869966460806], [-97.78283230759888, 30.148672980250716], [-97.78212259472278, 30.14877170758718], [-97.78182002698267, 30.14886512983075], [-97.7811877968218, 30.149060336420646], [-97.78085608715615, 30.149599277634753], [-97.78096577855442, 30.149953882234954], [-97.78096356719095, 30.149963923430136], [-97.7807919712421, 30.150743039826036], [-97.78124081313777, 30.151233586557193], [-97.78154727699058, 30.15165105936159], [-97.78126980756552, 30.152212403543704], [-97.78065836624948, 30.15274200370327], [-97.78058018444214, 30.152860842786247], [-97.78047097828106, 30.153304104667352], [-97.78038648722453, 30.153259630280058], [-97.7804278904272, 30.152928702088168], [-97.78019042737186, 30.15200235728252], [-97.77991513685302, 30.151619423139515], [-97.77968290892076, 30.15148538128169], [-97.77932023649187, 30.151122270438588]]]]}, "properties": {"route_id": "PAM73", "district": "District 4", "garb_day": "Monday", "op_type": "Auto", "supervisor": "Carnline", "super_num": 596, "centroid_lat": 30.137981284349518, "centroid_lng": -97.78402003417136}}, {"type": "Feature", "geometry": {"type": "MultiPolygon", "coordinates": [[[[-97.79985649924181, 30.247493601846426], [-97.79170191757296, 30.23744457760216], [-97.79154471365634, 30.237295463811364], [-97.79156616620757, 30.237266688297485], [-97.79206957071361, 30.236957010491295], [-97.79317715872627, 30.236273275098625], [-97.79517007288773, 30.235149368047725], [-97.7965097611846, 30.234352969724096], [-97.79647669192425, 30.234327909687288], [-97.7953389384018, 30.233465696836134], [-97.79298243003348, 30.232258646727296], [-97.78824277543225, 30.229957970075205], [-97.7885115424985, 30.22957073065512], [-97.78851, 30.229569999999423], [-97.78856537464458, 30.229487541212496], [-97.78896736082528, 30.228888935739093], [-97.78942209757113, 30.228211767939662], [-97.78943029914205, 30.228199386563553], [-97.78942943197126, 30.228196465026617], [-97.78943267535094, 30.22819563912487], [-97.78945012631497, 30.22816719179627], [-97.79015382850714, 30.22702006051785], [-97.79016118262588, 30.227008127537868], [-97.7901614911422, 30.22700787214944], [-97.79016144610839, 30.227007710363846], [-97.79019010004791, 30.226962342315314], [-97.79099999999988, 30.225679999999382], [-97.79140999999993, 30.225039999999435], [-97.79180906649725, 30.224403810528162], [-97.79204460353077, 30.22402831426953], [-97.79207681728687, 30.22397692866703], [-97.79209430052055, 30.22394908837569], [-97.79209748306761, 30.223944000174587], [-97.79209768336464, 30.22394377613446], [-97.79209766173581, 30.22394371992945], [-97.79209920751357, 30.2239412721298], [-97.79209923748166, 30.223941019553237], [-97.79209928496508, 30.223941005996874], [-97.79210288093726, 30.22393510154013], [-97.79225225956112, 30.22368009347505], [-97.79240052190092, 30.22342863132701], [-97.79242667738984, 30.223388892951785], [-97.79257071512296, 30.223169496730534], [-97.79271665797665, 30.222947255148004], [-97.79276860586918, 30.222867864444932], [-97.79279916055569, 30.22282150044449], [-97.79280300709985, 30.2228151844528], [-97.79274799001792, 30.22271064156843], [-97.79191587483115, 30.22023014645538], [-97.79276555113857, 30.220247004577022], [-97.79287644353789, 30.2198740310369], [-97.79274198659127, 30.219304429560218], [-97.79311867694751, 30.2187381374007], [-97.79424327069192, 30.21934103353804], [-97.79493994636142, 30.219234855950777], [-97.79507947221195, 30.219133882573885], [-97.79558296231615, 30.219012134252715], [-97.79653894213457, 30.219491329685855], [-97.79726305640047, 30.220094659904976], [-97.79784874465105, 30.220030931771415], [-97.79794905577153, 30.220481814030006], [-97.79891006195834, 30.220851083684195], [-97.79955616602393, 30.221162312365422], [-97.80007991753301, 30.221603122613786], [-97.80071718133023, 30.221747729826376], [-97.80125525339453, 30.22265898848266], [-97.80286700064185, 30.22175410190602], [-97.80471352725537, 30.22103597575139], [-97.80622293004579, 30.22171823901033], [-97.80649179627899, 30.22185451254016], [-97.80407994111312, 30.225541054499445], [-97.80405765478122, 30.225575117838684], [-97.80424465815273, 30.225677162507296], [-97.8045237666076, 30.22582946641403], [-97.8046984205805, 30.225910819625646], [-97.8055180167217, 30.226327076207472], [-97.80631854430212, 30.226733639903095], [-97.80542155844891, 30.228378786137917], [-97.80507240374088, 30.229019148019], [-97.80429633013746, 30.230275852878048], [-97.80321020518386, 30.232034564207797], [-97.80291826377261, 30.232526837398805], [-97.80290277194476, 30.232552960014672], [-97.80288986975367, 30.232574716421624], [-97.80322449914038, 30.23252632083399], [-97.8039449839843, 30.23240853558731], [-97.80445703456688, 30.23238839300559], [-97.80471482228262, 30.232401733284508], [-97.80505966653698, 30.232416791466708], [-97.80577029176804, 30.232494073267517], [-97.80614528283606, 30.232567479674998], [-97.80679590726572, 30.232759085090596], [-97.80801823319165, 30.233177397601644], [-97.80894069506519, 30.233562792616635], [-97.80946781712666, 30.2337238309627], [-97.80996242704317, 30.233884227118047], [-97.8104675390133, 30.234066341733246], [-97.8109957412004, 30.234177633814696], [-97.81057705798467, 30.235261607038762], [-97.81004455539357, 30.236136191743913], [-97.8096366736361, 30.23680608531588], [-97.80918395809778, 30.237531588008657], [-97.80872261051279, 30.238172178103607], [-97.80831668024204, 30.23876678104606], [-97.80747992698497, 30.240077895864548], [-97.80743487253223, 30.24014989361702], [-97.80822256640427, 30.240495029094188], [-97.8082621560644, 30.240432264057034], [-97.80841974815078, 30.24030134608867], [-97.80889988353377, 30.239910219361853], [-97.8090941117803, 30.239801288562138], [-97.80937513416926, 30.239771218029148], [-97.80965871980705, 30.239773837698976], [-97.80990628488338, 30.239781682525063], [-97.81003239684303, 30.2397945524338], [-97.81016107184345, 30.239840113351807], [-97.8102087673743, 30.239920553952835], [-97.81062027510227, 30.23934442959077], [-97.81063821821468, 30.239310125420985], [-97.8106886230403, 30.239213761346633], [-97.81120460914859, 30.23822556192309], [-97.81128965710045, 30.23824373824023], [-97.81145248445831, 30.238255194932695], [-97.81165149897993, 30.238184854913236], [-97.81178698255624, 30.238151768141417], [-97.81193021648143, 30.237821800777578], [-97.81189646456903, 30.23771937543541], [-97.81184652065775, 30.237569875640897], [-97.81180765931958, 30.23745084791811], [-97.81171907297222, 30.23723458044134], [-97.81207424943068, 30.236551246424405], [-97.81239989710181, 30.23654390432113], [-97.81275239148343, 30.23666085298123], [-97.81316080298006, 30.236910915668588], [-97.81362570770094, 30.237272099946097], [-97.81392112561274, 30.237118393642273], [-97.81409321319232, 30.23689625357493], [-97.81412053696337, 30.23669876905924], [-97.81414943814825, 30.236440809249505], [-97.8141767589719, 30.236213071602073], [-97.8142777645294, 30.23607479299892], [-97.81444100487245, 30.23591848561095], [-97.81475341120996, 30.235902626298866], [-97.81493286723259, 30.236035419042455], [-97.81513348173294, 30.2362071311051], [-97.81532661834487, 30.236422701051797], [-97.81538000111968, 30.236379745725557], [-97.81539410088527, 30.236355270243592], [-97.81541841479348, 30.236303492601373], [-97.8155740258081, 30.23613603264888], [-97.81567553725692, 30.2360390173362], [-97.8157110656336, 30.23589119928119], [-97.8157732876378, 30.235752156585512], [-97.81584537155726, 30.23566006335359], [-97.8159135045843, 30.23562839889445], [-97.81599206970296, 30.23559143883328], [-97.81608171891125, 30.235584949779625], [-97.81634843781782, 30.235590191089194], [-97.81636771237979, 30.235519062207217], [-97.81588255082377, 30.234810951693806], [-97.81595183083618, 30.234788020821366], [-97.81591413653132, 30.23473328210556], [-97.81656571333278, 30.23449593411152], [-97.81675055406302, 30.234458536148555], [-97.81667977839503, 30.233696022209152], [-97.81775184501889, 30.233658003806323], [-97.81816079737975, 30.23366476654397], [-97.81859853709767, 30.23369882821633], [-97.81893887255252, 30.233744830358987], [-97.81937181100218, 30.233828554585024], [-97.81964218004993, 30.233905639994965], [-97.81982864027144, 30.233936978453674], [-97.82008679168844, 30.234017369415085], [-97.82036613039784, 30.234117006385926], [-97.82064740763646, 30.23367141064816], [-97.82066381812001, 30.23364541294014], [-97.82152145444346, 30.232339126248814], [-97.8234992342057, 30.22933057029279], [-97.82477112852945, 30.229930298351697], [-97.82814616141356, 30.224390297725638], [-97.82859541367019, 30.22444681667193], [-97.82900580427759, 30.223819513060075], [-97.8296026234449, 30.222851389836443], [-97.8298342539642, 30.22245672371964], [-97.82993892934596, 30.222305845247377], [-97.82995100063489, 30.222253448467683], [-97.8260862818097, 30.220405676603367], [-97.8277254987868, 30.21781404523311], [-97.82773145391262, 30.217816871906987], [-97.82784563076635, 30.217873881880134], [-97.82797134702061, 30.217665016210468], [-97.8281144918882, 30.21762745105023], [-97.82887396166448, 30.21754026607874], [-97.8306929048889, 30.214333925408987], [-97.8304043899175, 30.213850783135776], [-97.83037153648216, 30.21377597258331], [-97.83041980685184, 30.21370199117907], [-97.83123901312565, 30.214021664620855], [-97.83299256899564, 30.215302405781518], [-97.83577894649267, 30.219121690872825], [-97.83655971326021, 30.22008080793861], [-97.83671053543483, 30.220266079519043], [-97.83581800515267, 30.221283059141523], [-97.8344037020257, 30.223051426753933], [-97.83011268597306, 30.22785369163796], [-97.8276677159813, 30.230828905611222], [-97.82646304245843, 30.233082980888483], [-97.82480873901955, 30.235672759538826], [-97.82489516425814, 30.235703738835127], [-97.82440528385436, 30.23641361509489], [-97.8238185697891, 30.23703515924163], [-97.82335202977059, 30.23730125232945], [-97.82336111211126, 30.23731362168936], [-97.82200594075033, 30.237954260868133], [-97.82049284497322, 30.23840486885612], [-97.81925765278866, 30.238803737351684], [-97.81628470090534, 30.240186199514298], [-97.81393308085754, 30.24137810913649], [-97.81205556022009, 30.24264239595307], [-97.81016109818127, 30.243572674607304], [-97.80872087673437, 30.244121796414035], [-97.80667623082735, 30.245344005454996], [-97.80495626031865, 30.247241476766998], [-97.80445338637394, 30.247912346414033], [-97.80371039719067, 30.247783325134126], [-97.79985649924181, 30.247493601846426]], [[-97.80664887388271, 30.24363500628742], [-97.80613282395746, 30.243155240290303], [-97.80591682938176, 30.243298056717155], [-97.80549679764943, 30.243438618974942], [-97.80545808585877, 30.24343608324681], [-97.80533114910794, 30.243529267408952], [-97.80520356276382, 30.243647247241366], [-97.80508348737628, 30.243634245376455], [-97.80481653737516, 30.24385225147294], [-97.8045053586862, 30.244044576163525], [-97.80425491232688, 30.244177850023256], [-97.80466057426209, 30.24427445929522], [-97.80494578866163, 30.244528172760916], [-97.80513072483183, 30.244636372155355], [-97.80481082730486, 30.244849789203414], [-97.80476710827804, 30.244882594961958], [-97.80464624338201, 30.244821732219673], [-97.8045219961773, 30.244578284374118], [-97.80444610312959, 30.24451476522773], [-97.80413075189432, 30.244476643053073], [-97.80401271361512, 30.244541649237256], [-97.80393366748493, 30.244520595985197], [-97.80374846015043, 30.244559837675638], [-97.803445287556, 30.244630298152398], [-97.80333990265036, 30.244694471561747], [-97.8033009953184, 30.244707100462616], [-97.80345301956007, 30.245052980847813], [-97.80366154387656, 30.245376134375853], [-97.8032613864256, 30.245536000935193], [-97.80336248111063, 30.245758022258727], [-97.8036498744092, 30.246002974605023], [-97.8043777934558, 30.246361135097345], [-97.80480738151326, 30.246408119241078], [-97.80505844431997, 30.246105040144002], [-97.80542226281952, 30.245699673717503], [-97.80573628440987, 30.24538133377959], [-97.80633481960028, 30.24484308082609], [-97.80714079607687, 30.244185152491248], [-97.80719702605393, 30.244150830916805], [-97.80664887388271, 30.24363500628742]], [[-97.81507736551427, 30.239179102267798], [-97.81474343249064, 30.237651620571143], [-97.8138927621387, 30.237780658061485], [-97.8132736718187, 30.23753195374512], [-97.81256136457176, 30.238670314286356], [-97.8132524044617, 30.24062287386607], [-97.81361821150183, 30.24056406282914], [-97.81431044871857, 30.24025589241884], [-97.8154866222708, 30.239792213111127], [-97.81612639183055, 30.23946099946617], [-97.81515803057641, 30.23924394483431], [-97.81507736551427, 30.239179102267798]]]]}, "properties": {"route_id": "PAT84", "district": "District 7", "garb_day": "Tuesday", "op_type": "Auto", "supervisor": "Gilbert", "super_num": 697, "centroid_lat": 30.231916490304766, "centroid_lng": -97.80791922225706}}, {"type": "Feature", "geometry": {"type": "MultiPolygon", "coordinates": [[[[-97.60620180891306, 30.381516231200788], [-97.60621999999988, 30.38149999999936], [-97.60627526569195, 30.381416293570943], [-97.60770238790224, 30.379200024738644], [-97.60838707160032, 30.378136694153543], [-97.60876214515686, 30.37753904339859], [-97.61118095485344, 30.37368465295375], [-97.61183715178679, 30.372667917353056], [-97.61214387491027, 30.372138978932085], [-97.61274747634262, 30.369986463704507], [-97.61317222756664, 30.36851889661031], [-97.6134264559649, 30.36757216004809], [-97.61350418360172, 30.367012739172942], [-97.61336396349583, 30.365735703584953], [-97.61332593880496, 30.365083417750505], [-97.61344787781383, 30.364274244152785], [-97.61406900604781, 30.361384181121288], [-97.61447522037041, 30.360680663421302], [-97.61580942795104, 30.35843315280603], [-97.61659798285521, 30.35715158028802], [-97.61681676385582, 30.35661923015384], [-97.61694396708997, 30.356091828440537], [-97.61696583008118, 30.355500837748625], [-97.61684014979346, 30.354675705787013], [-97.61651081254286, 30.3538462593895], [-97.61561373720131, 30.35202597447927], [-97.61400841713318, 30.348640887661755], [-97.61387128006685, 30.348223345797365], [-97.6137757967297, 30.347718322588197], [-97.6137972868803, 30.346400107227424], [-97.61378070421516, 30.34587636548428], [-97.61353604657536, 30.34510308463205], [-97.61322262647916, 30.34426716917654], [-97.61314702920276, 30.343613027249294], [-97.61329252110006, 30.34206633524696], [-97.61328988208835, 30.34160406470747], [-97.61314607545238, 30.341145596804225], [-97.61288383280309, 30.340718602390577], [-97.61230146538216, 30.339972139920054], [-97.61157468381946, 30.339344960239277], [-97.61078084779395, 30.33887268985348], [-97.60984297904474, 30.33850611161044], [-97.6092267948438, 30.33812596918347], [-97.6087435629151, 30.33775544615601], [-97.60840379960975, 30.337299605654483], [-97.60738000000003, 30.33443999999942], [-97.60737025265557, 30.334418818975003], [-97.60840505912506, 30.33413886292789], [-97.61141588971475, 30.333341372279474], [-97.61546235010515, 30.332275201993934], [-97.61767364730333, 30.331700763365845], [-97.61815077585759, 30.33157044040372], [-97.61839890429496, 30.331506250905484], [-97.61849604812663, 30.33148937287101], [-97.61857192794807, 30.331466544348082], [-97.61990933890979, 30.3311836640763], [-97.6206721737513, 30.331071668670067], [-97.62118038647004, 30.331009198842253], [-97.62190001105522, 30.330932892444896], [-97.62283104610141, 30.330842746410212], [-97.62310537451981, 30.33051989110963], [-97.62508262158634, 30.33031761714137], [-97.62427665568896, 30.331778521002608], [-97.62419728630961, 30.33178688945589], [-97.6237543568866, 30.33242240866697], [-97.62259739754222, 30.334243491007943], [-97.61663012467781, 30.343470356086343], [-97.61658931801935, 30.343456046270937], [-97.61664037864604, 30.34347933897522], [-97.6179895915423, 30.344102008802725], [-97.61961551076645, 30.34486529112492], [-97.62026199755545, 30.345162264749295], [-97.62129796167794, 30.345649000917252], [-97.62334383162565, 30.346591642159666], [-97.62361332356258, 30.34673485830994], [-97.62352721494777, 30.346865059073885], [-97.62303003783086, 30.347630171619958], [-97.62070929053117, 30.351189659767535], [-97.6207403666798, 30.351212320521], [-97.61950081606604, 30.3530563854443], [-97.61910964146664, 30.353658701830643], [-97.61911167472454, 30.35365965742028], [-97.62033505218926, 30.354234716804452], [-97.62104082089222, 30.354568694887412], [-97.6228875390016, 30.355438367127913], [-97.61986689432888, 30.360138231420205], [-97.6186644177273, 30.362040835101876], [-97.61834417347501, 30.361896534851155], [-97.6179562989669, 30.362520922145443], [-97.61842953992172, 30.362976510126487], [-97.61882105952753, 30.362701503027125], [-97.6210933766565, 30.364908662073013], [-97.62419087780233, 30.364363532221255], [-97.62653385149828, 30.363098297955105], [-97.62711420670414, 30.362846504183118], [-97.62751963025975, 30.362753292406293], [-97.62793215085908, 30.362717987960192], [-97.62831943255613, 30.362734407925313], [-97.62867005155968, 30.36278580907384], [-97.62774937706462, 30.36369328319541], [-97.62718507968138, 30.364220461131055], [-97.62672416272939, 30.36470856202719], [-97.62628902154418, 30.365125694365243], [-97.62596260107982, 30.36553961945698], [-97.62562148570856, 30.365911977180893], [-97.62486698082009, 30.366773432204198], [-97.62436048588212, 30.367387082287838], [-97.62421363009835, 30.3675902624599], [-97.62398242302037, 30.367860421360678], [-97.62323948696428, 30.368760617855774], [-97.62276679762857, 30.3693557234186], [-97.62173495412985, 30.370711226100486], [-97.62152428653911, 30.370987967826103], [-97.61777895007083, 30.375831999690774], [-97.61706907425774, 30.375497919466362], [-97.6144635891844, 30.374280668864703], [-97.61416058183454, 30.374746666260794], [-97.6142856783468, 30.375298081649483], [-97.61441507159225, 30.375697153657484], [-97.61415792011856, 30.37608803179931], [-97.61392005583262, 30.376418345171746], [-97.6137361894053, 30.376704072000404], [-97.61358617357756, 30.377036247312443], [-97.61092766536183, 30.375796442351824], [-97.60851921787604, 30.379544004949206], [-97.60756896194964, 30.381036557043423], [-97.60708438158734, 30.3817661272019], [-97.60701519058485, 30.381913180361877], [-97.60620180891306, 30.381516231200788]]]]}, "properties": {"route_id": "PAW70", "district": "District 6", "garb_day": "Wednesday", "op_type": "Auto", "supervisor": "Carnline", "super_num": 596, "centroid_lat": 30.353375830608194, "centroid_lng": -97.61706533509705}}]}